solid OpenSCAD_Model
  facet normal 0.987704 0 -0.156334
    outer loop
      vertex 0.0170994 0.14652 0.0749998
      vertex 0.016263 0.13668 0.0697155
      vertex 0.016263 0.14652 0.0697155
    endloop
  endfacet
  facet normal 0.987704 0 -0.156334
    outer loop
      vertex 0.016263 0.13668 0.0697155
      vertex 0.0170994 0.14652 0.0749998
      vertex 0.0170994 0.136463 0.0749998
    endloop
  endfacet
  facet normal -0.987704 0 -0.156334
    outer loop
      vertex -0.016263 0.13668 0.0697155
      vertex -0.0170994 0.14652 0.0749998
      vertex -0.016263 0.14652 0.0697155
    endloop
  endfacet
  facet normal -0.987704 -0 -0.156334
    outer loop
      vertex -0.0170994 0.14652 0.0749998
      vertex -0.016263 0.13668 0.0697155
      vertex -0.0170994 0.136462 0.0749998
    endloop
  endfacet
  facet normal -0.987705 0 0.156331
    outer loop
      vertex -0.0170994 0.136462 0.0749998
      vertex -0.016308 0.14652 0.0799999
      vertex -0.0170994 0.14652 0.0749998
    endloop
  endfacet
  facet normal -0.987695 0 0.156391
    outer loop
      vertex -0.016308 0.14652 0.0799999
      vertex -0.016263 0.136465 0.0802841
      vertex -0.016263 0.14652 0.0802841
    endloop
  endfacet
  facet normal -0.987704 -1.64734e-06 0.156334
    outer loop
      vertex -0.016308 0.14652 0.0799999
      vertex -0.0170994 0.136462 0.0749998
      vertex -0.016263 0.136465 0.0802841
    endloop
  endfacet
  facet normal 0.156511 0 -0.987676
    outer loop
      vertex 0.00434182 0.138477 0.0585876
      vertex 0.00528336 0.14652 0.0587368
      vertex 0.00528336 0.13835 0.0587368
    endloop
  endfacet
  facet normal 0.156528 -2.064e-06 -0.987674
    outer loop
      vertex 0 0.139063 0.0578995
      vertex 0.00528336 0.14652 0.0587368
      vertex 0.00434182 0.138477 0.0585876
    endloop
  endfacet
  facet normal 0.156525 0 -0.987674
    outer loop
      vertex 0.00528336 0.14652 0.0587368
      vertex 0 0.139063 0.0578995
      vertex 0 0.14652 0.0578995
    endloop
  endfacet
  facet normal 0.707107 0 -0.707107
    outer loop
      vertex 0.013834 0.14652 0.0649481
      vertex 0.0100508 0.137673 0.0611649
      vertex 0.0100508 0.14652 0.0611649
    endloop
  endfacet
  facet normal 0.707107 0 -0.707107
    outer loop
      vertex 0.0100508 0.137673 0.0611649
      vertex 0.013834 0.14652 0.0649481
      vertex 0.013834 0.137098 0.0649481
    endloop
  endfacet
  facet normal 0.891015 0 -0.453974
    outer loop
      vertex 0.016263 0.14652 0.0697155
      vertex 0.013834 0.137098 0.0649481
      vertex 0.013834 0.14652 0.0649481
    endloop
  endfacet
  facet normal 0.891015 0 -0.453974
    outer loop
      vertex 0.013834 0.137098 0.0649481
      vertex 0.016263 0.14652 0.0697155
      vertex 0.016263 0.13668 0.0697155
    endloop
  endfacet
  facet normal -0.453837 -0 -0.891085
    outer loop
      vertex -0.0100508 0.14652 0.0611649
      vertex -0.00528336 0.13835 0.0587368
      vertex -0.0100508 0.137673 0.0611649
    endloop
  endfacet
  facet normal -0.453837 0 -0.891085
    outer loop
      vertex -0.00528336 0.13835 0.0587368
      vertex -0.0100508 0.14652 0.0611649
      vertex -0.00528336 0.14652 0.0587368
    endloop
  endfacet
  facet normal -0.707107 0 -0.707107
    outer loop
      vertex -0.0100508 0.137673 0.0611649
      vertex -0.013834 0.14652 0.0649481
      vertex -0.0100508 0.14652 0.0611649
    endloop
  endfacet
  facet normal -0.707107 -0 -0.707107
    outer loop
      vertex -0.013834 0.14652 0.0649481
      vertex -0.0100508 0.137673 0.0611649
      vertex -0.013834 0.137097 0.0649481
    endloop
  endfacet
  facet normal 0.453837 0 -0.891085
    outer loop
      vertex 0.00528336 0.13835 0.0587368
      vertex 0.0100508 0.14652 0.0611649
      vertex 0.0100508 0.137673 0.0611649
    endloop
  endfacet
  facet normal 0.453837 0 -0.891085
    outer loop
      vertex 0.0100508 0.14652 0.0611649
      vertex 0.00528336 0.13835 0.0587368
      vertex 0.00528336 0.14652 0.0587368
    endloop
  endfacet
  facet normal 0 -1 0
    outer loop
      vertex 0.013834 0.14652 0.0850506
      vertex 0.0249996 0.14652 0.0859995
      vertex 0.0128851 0.14652 0.0859995
    endloop
  endfacet
  facet normal 0 -1 0
    outer loop
      vertex 0.016263 0.14652 0.0802841
      vertex 0.0249996 0.14652 0.0859995
      vertex 0.013834 0.14652 0.0850506
    endloop
  endfacet
  facet normal 0 -1 0
    outer loop
      vertex 0.0249996 0.14652 0.0799999
      vertex 0.016263 0.14652 0.0802841
      vertex 0.016308 0.14652 0.0799999
    endloop
  endfacet
  facet normal 0 -1 0
    outer loop
      vertex 0.016263 0.14652 0.0802841
      vertex 0.0249996 0.14652 0.0799999
      vertex 0.0249996 0.14652 0.0859995
    endloop
  endfacet
  facet normal 0 -1 0
    outer loop
      vertex -0.0249996 0.14652 0.0859995
      vertex -0.013834 0.14652 0.0850506
      vertex -0.0128851 0.14652 0.0859995
    endloop
  endfacet
  facet normal 0 -1 0
    outer loop
      vertex -0.0249996 0.14652 0.0859995
      vertex -0.016263 0.14652 0.0802841
      vertex -0.013834 0.14652 0.0850506
    endloop
  endfacet
  facet normal 0 -1 0
    outer loop
      vertex -0.0249996 0.14652 0.0799999
      vertex -0.016263 0.14652 0.0802841
      vertex -0.0249996 0.14652 0.0859995
    endloop
  endfacet
  facet normal 0 -1 0
    outer loop
      vertex -0.016263 0.14652 0.0802841
      vertex -0.0249996 0.14652 0.0799999
      vertex -0.016308 0.14652 0.0799999
    endloop
  endfacet
  facet normal 0 1 0
    outer loop
      vertex 0.016308 0.14652 0.0799999
      vertex 0.00855923 0.14652 0.0777807
      vertex 0.00742812 0.14652 0.0799999
    endloop
  endfacet
  facet normal 0 1 0
    outer loop
      vertex 0.00899982 0.14652 0.0749998
      vertex 0.016308 0.14652 0.0799999
      vertex 0.0170994 0.14652 0.0749998
    endloop
  endfacet
  facet normal 0 1 0
    outer loop
      vertex 0.016308 0.14652 0.0799999
      vertex 0.00899982 0.14652 0.0749998
      vertex 0.00855923 0.14652 0.0777807
    endloop
  endfacet
  facet normal 0 1 0
    outer loop
      vertex 0.0170994 0.14652 0.0749998
      vertex 0.00855923 0.14652 0.0722179
      vertex 0.00899982 0.14652 0.0749998
    endloop
  endfacet
  facet normal 0 1 -0
    outer loop
      vertex 0.016263 0.14652 0.0697155
      vertex 0.00855923 0.14652 0.0722179
      vertex 0.0170994 0.14652 0.0749998
    endloop
  endfacet
  facet normal 0 1 0
    outer loop
      vertex 0.016263 0.14652 0.0697155
      vertex 0.00728035 0.14652 0.0697098
      vertex 0.00855923 0.14652 0.0722179
    endloop
  endfacet
  facet normal 0 1 -0
    outer loop
      vertex 0.013834 0.14652 0.0649481
      vertex 0.00728035 0.14652 0.0697098
      vertex 0.016263 0.14652 0.0697155
    endloop
  endfacet
  facet normal 0 1 0
    outer loop
      vertex 0.00728035 0.14652 0.0697098
      vertex 0.013834 0.14652 0.0649481
      vertex 0.00529003 0.14652 0.0677185
    endloop
  endfacet
  facet normal 0 1 0
    outer loop
      vertex 0.00529003 0.14652 0.0677185
      vertex 0.0100508 0.14652 0.0611649
      vertex 0.00278091 0.14652 0.0664396
    endloop
  endfacet
  facet normal 0 1 -0
    outer loop
      vertex 0.0100508 0.14652 0.0611649
      vertex 0.00529003 0.14652 0.0677185
      vertex 0.013834 0.14652 0.0649481
    endloop
  endfacet
  facet normal 0 1 -0
    outer loop
      vertex -0.00855923 0.14652 0.0777807
      vertex -0.016308 0.14652 0.0799999
      vertex -0.00742812 0.14652 0.0799999
    endloop
  endfacet
  facet normal 0 1 -0
    outer loop
      vertex -0.00899982 0.14652 0.0749998
      vertex -0.016308 0.14652 0.0799999
      vertex -0.00855923 0.14652 0.0777807
    endloop
  endfacet
  facet normal 0 1 0
    outer loop
      vertex -0.00899982 0.14652 0.0749998
      vertex -0.0170994 0.14652 0.0749998
      vertex -0.016308 0.14652 0.0799999
    endloop
  endfacet
  facet normal 0 1 0
    outer loop
      vertex -0.00855923 0.14652 0.0722179
      vertex -0.0170994 0.14652 0.0749998
      vertex -0.00899982 0.14652 0.0749998
    endloop
  endfacet
  facet normal 0 1 0
    outer loop
      vertex -0.00855923 0.14652 0.0722179
      vertex -0.016263 0.14652 0.0697155
      vertex -0.0170994 0.14652 0.0749998
    endloop
  endfacet
  facet normal 0 1 0
    outer loop
      vertex -0.00728035 0.14652 0.0697098
      vertex -0.016263 0.14652 0.0697155
      vertex -0.00855923 0.14652 0.0722179
    endloop
  endfacet
  facet normal 0 1 0
    outer loop
      vertex -0.013834 0.14652 0.0649481
      vertex -0.00728035 0.14652 0.0697098
      vertex -0.00529003 0.14652 0.0677185
    endloop
  endfacet
  facet normal 0 1 0
    outer loop
      vertex -0.0100508 0.14652 0.0611649
      vertex -0.00529003 0.14652 0.0677185
      vertex -0.00278091 0.14652 0.0664396
    endloop
  endfacet
  facet normal 0 1 0
    outer loop
      vertex -0.00728035 0.14652 0.0697098
      vertex -0.013834 0.14652 0.0649481
      vertex -0.016263 0.14652 0.0697155
    endloop
  endfacet
  facet normal 0 1 0
    outer loop
      vertex -0.00528336 0.14652 0.0587368
      vertex -0.00278091 0.14652 0.0664396
      vertex 0 0.14652 0.066
    endloop
  endfacet
  facet normal 0 1 -0
    outer loop
      vertex 0.00528336 0.14652 0.0587368
      vertex 0.00278091 0.14652 0.0664396
      vertex 0.0100508 0.14652 0.0611649
    endloop
  endfacet
  facet normal 0 1 0
    outer loop
      vertex 0.00278091 0.14652 0.0664396
      vertex 0.00528336 0.14652 0.0587368
      vertex 0 0.14652 0.066
    endloop
  endfacet
  facet normal 0 1 0
    outer loop
      vertex -0.00529003 0.14652 0.0677185
      vertex -0.0100508 0.14652 0.0611649
      vertex -0.013834 0.14652 0.0649481
    endloop
  endfacet
  facet normal 0 1 0
    outer loop
      vertex 0 0.14652 0.0578995
      vertex 0 0.14652 0.066
      vertex 0.00528336 0.14652 0.0587368
    endloop
  endfacet
  facet normal 0 1 0
    outer loop
      vertex -0.00278091 0.14652 0.0664396
      vertex -0.00528336 0.14652 0.0587368
      vertex -0.0100508 0.14652 0.0611649
    endloop
  endfacet
  facet normal 0 1 0
    outer loop
      vertex 0 0.14652 0.066
      vertex 0 0.14652 0.0578995
      vertex -0.00528336 0.14652 0.0587368
    endloop
  endfacet
  facet normal 0 1 -0
    outer loop
      vertex 0.00117016 0.14652 0.0898838
      vertex 0 0.14652 0.0920992
      vertex 0.00528336 0.14652 0.0912628
    endloop
  endfacet
  facet normal 0 1 0
    outer loop
      vertex -0.00117016 0.14652 0.0898838
      vertex 0 0.14652 0.0920992
      vertex 0.00117016 0.14652 0.0898838
    endloop
  endfacet
  facet normal 0 1 0
    outer loop
      vertex 0.00528336 0.14652 0.0912628
      vertex 0.00333309 0.14652 0.0889883
      vertex 0.00117016 0.14652 0.0898838
    endloop
  endfacet
  facet normal 0 1 0
    outer loop
      vertex 0.00498867 0.14652 0.0873327
      vertex 0.00528336 0.14652 0.0912628
      vertex 0.0100508 0.14652 0.0888338
    endloop
  endfacet
  facet normal 0 1 0
    outer loop
      vertex 0.00528336 0.14652 0.0912628
      vertex 0.00498867 0.14652 0.0873327
      vertex 0.00333309 0.14652 0.0889883
    endloop
  endfacet
  facet normal 0 1 0
    outer loop
      vertex 0.00554066 0.14652 0.0859995
      vertex 0.0100508 0.14652 0.0888338
      vertex 0.0128851 0.14652 0.0859995
    endloop
  endfacet
  facet normal 0 1 0
    outer loop
      vertex 0.0100508 0.14652 0.0888338
      vertex 0.00554066 0.14652 0.0859995
      vertex 0.00498867 0.14652 0.0873327
    endloop
  endfacet
  facet normal 0 1 0
    outer loop
      vertex 0 0.14652 0.0920992
      vertex -0.00117016 0.14652 0.0898838
      vertex -0.00528336 0.14652 0.0912628
    endloop
  endfacet
  facet normal 0 1 -0
    outer loop
      vertex -0.00333309 0.14652 0.0889883
      vertex -0.00528336 0.14652 0.0912628
      vertex -0.00117016 0.14652 0.0898838
    endloop
  endfacet
  facet normal 0 1 -0
    outer loop
      vertex -0.00498867 0.14652 0.0873327
      vertex -0.00528336 0.14652 0.0912628
      vertex -0.00333309 0.14652 0.0889883
    endloop
  endfacet
  facet normal 0 1 0
    outer loop
      vertex -0.00528336 0.14652 0.0912628
      vertex -0.00498867 0.14652 0.0873327
      vertex -0.0100508 0.14652 0.0888338
    endloop
  endfacet
  facet normal 0 1 -0
    outer loop
      vertex -0.00554066 0.14652 0.0859995
      vertex -0.0100508 0.14652 0.0888338
      vertex -0.00498867 0.14652 0.0873327
    endloop
  endfacet
  facet normal 0 1 0
    outer loop
      vertex -0.0100508 0.14652 0.0888338
      vertex -0.00554066 0.14652 0.0859995
      vertex -0.0128851 0.14652 0.0859995
    endloop
  endfacet
  facet normal -0.891015 0 -0.453974
    outer loop
      vertex -0.013834 0.137097 0.0649481
      vertex -0.016263 0.14652 0.0697155
      vertex -0.013834 0.14652 0.0649481
    endloop
  endfacet
  facet normal -0.891015 -0 -0.453974
    outer loop
      vertex -0.016263 0.14652 0.0697155
      vertex -0.013834 0.137097 0.0649481
      vertex -0.016263 0.13668 0.0697155
    endloop
  endfacet
  facet normal -0.156525 -0 -0.987674
    outer loop
      vertex -0.00528336 0.14652 0.0587368
      vertex 0 0.139063 0.0578995
      vertex -0.00528336 0.13835 0.0587368
    endloop
  endfacet
  facet normal -0.156525 0 -0.987674
    outer loop
      vertex 0 0.139063 0.0578995
      vertex -0.00528336 0.14652 0.0587368
      vertex 0 0.14652 0.0578995
    endloop
  endfacet
  facet normal -0.89098 0 0.454042
    outer loop
      vertex -0.016263 0.14652 0.0802841
      vertex -0.013834 0.136687 0.0850506
      vertex -0.013834 0.14652 0.0850506
    endloop
  endfacet
  facet normal -0.89098 0 0.454042
    outer loop
      vertex -0.013834 0.136687 0.0850506
      vertex -0.016263 0.14652 0.0802841
      vertex -0.016263 0.136465 0.0802841
    endloop
  endfacet
  facet normal 0.45398 0 0.891012
    outer loop
      vertex 0.0100508 0.14652 0.0888338
      vertex 0.00729129 0.137443 0.0902398
      vertex 0.0100508 0.137108 0.0888338
    endloop
  endfacet
  facet normal 0.453971 3.51782e-06 0.891017
    outer loop
      vertex 0.00528336 0.14652 0.0912628
      vertex 0.00729129 0.137443 0.0902398
      vertex 0.0100508 0.14652 0.0888338
    endloop
  endfacet
  facet normal 0.453958 0 0.891023
    outer loop
      vertex 0.00729129 0.137443 0.0902398
      vertex 0.00528336 0.14652 0.0912628
      vertex 0.00528336 0.137687 0.0912628
    endloop
  endfacet
  facet normal 0.707107 -0 0.707107
    outer loop
      vertex 0.0100508 0.137108 0.0888338
      vertex 0.0128851 0.14652 0.0859995
      vertex 0.0100508 0.14652 0.0888338
    endloop
  endfacet
  facet normal 0.707107 -1.30202e-16 0.707107
    outer loop
      vertex 0.013834 0.136687 0.0850506
      vertex 0.0128851 0.14652 0.0859995
      vertex 0.0100508 0.137108 0.0888338
    endloop
  endfacet
  facet normal 0.707107 0 0.707107
    outer loop
      vertex 0.0128851 0.14652 0.0859995
      vertex 0.013834 0.136687 0.0850506
      vertex 0.013834 0.14652 0.0850506
    endloop
  endfacet
  facet normal 0.987695 -0 0.156391
    outer loop
      vertex 0.016263 0.136465 0.0802841
      vertex 0.016308 0.14652 0.0799999
      vertex 0.016263 0.14652 0.0802841
    endloop
  endfacet
  facet normal 0.987704 -1.64734e-06 0.156334
    outer loop
      vertex 0.0170994 0.136463 0.0749998
      vertex 0.016308 0.14652 0.0799999
      vertex 0.016263 0.136465 0.0802841
    endloop
  endfacet
  facet normal 0.987705 0 0.156331
    outer loop
      vertex 0.016308 0.14652 0.0799999
      vertex 0.0170994 0.136463 0.0749998
      vertex 0.0170994 0.14652 0.0749998
    endloop
  endfacet
  facet normal -0.453971 0 0.891017
    outer loop
      vertex -0.0100508 0.14652 0.0888338
      vertex -0.00528336 0.137687 0.0912628
      vertex -0.00528336 0.14652 0.0912628
    endloop
  endfacet
  facet normal -0.453971 0 0.891017
    outer loop
      vertex -0.00528336 0.137687 0.0912628
      vertex -0.0100508 0.14652 0.0888338
      vertex -0.0100508 0.137108 0.0888338
    endloop
  endfacet
  facet normal -0.156361 0 0.9877
    outer loop
      vertex -0.00528336 0.14652 0.0912628
      vertex 0 0.138365 0.0920992
      vertex 0 0.14652 0.0920992
    endloop
  endfacet
  facet normal -0.156361 0 0.9877
    outer loop
      vertex 0 0.138365 0.0920992
      vertex -0.00528336 0.14652 0.0912628
      vertex -0.00528336 0.137687 0.0912628
    endloop
  endfacet
  facet normal 0.156361 -0 0.9877
    outer loop
      vertex 0 0.138365 0.0920992
      vertex 0.00528336 0.14652 0.0912628
      vertex 0 0.14652 0.0920992
    endloop
  endfacet
  facet normal 0.156361 0 0.9877
    outer loop
      vertex 0.00528336 0.14652 0.0912628
      vertex 0 0.138365 0.0920992
      vertex 0.00528336 0.137687 0.0912628
    endloop
  endfacet
  facet normal -0.707107 0 0.707107
    outer loop
      vertex -0.013834 0.136687 0.0850506
      vertex -0.0128851 0.14652 0.0859995
      vertex -0.013834 0.14652 0.0850506
    endloop
  endfacet
  facet normal -0.707107 0 0.707107
    outer loop
      vertex -0.0128851 0.14652 0.0859995
      vertex -0.0100508 0.137108 0.0888338
      vertex -0.0100508 0.14652 0.0888338
    endloop
  endfacet
  facet normal -0.707107 -1.22065e-16 0.707107
    outer loop
      vertex -0.0128851 0.14652 0.0859995
      vertex -0.013834 0.136687 0.0850506
      vertex -0.0100508 0.137108 0.0888338
    endloop
  endfacet
  facet normal 0.89098 -0 0.454042
    outer loop
      vertex 0.013834 0.136687 0.0850506
      vertex 0.016263 0.14652 0.0802841
      vertex 0.013834 0.14652 0.0850506
    endloop
  endfacet
  facet normal 0.89098 0 0.454042
    outer loop
      vertex 0.016263 0.14652 0.0802841
      vertex 0.013834 0.136687 0.0850506
      vertex 0.016263 0.136465 0.0802841
    endloop
  endfacet
  facet normal 0.987689 0 -0.156428
    outer loop
      vertex 0.00899982 0.14652 0.0749998
      vertex 0.00855923 0.199519 0.0722179
      vertex 0.00899982 0.199519 0.0749998
    endloop
  endfacet
  facet normal 0.987689 0 -0.156428
    outer loop
      vertex 0.00855923 0.199519 0.0722179
      vertex 0.00899982 0.14652 0.0749998
      vertex 0.00855923 0.14652 0.0722179
    endloop
  endfacet
  facet normal -0.987689 0 -0.156428
    outer loop
      vertex -0.00855923 0.14652 0.0722179
      vertex -0.00899982 0.199519 0.0749998
      vertex -0.00855923 0.199519 0.0722179
    endloop
  endfacet
  facet normal -0.987689 -0 -0.156428
    outer loop
      vertex -0.00899982 0.199519 0.0749998
      vertex -0.00855923 0.14652 0.0722179
      vertex -0.00899982 0.14652 0.0749998
    endloop
  endfacet
  facet normal -0.156139 0 -0.987735
    outer loop
      vertex -0.00278091 0.14652 0.0664396
      vertex 0 0.19187 0.066
      vertex 0 0.14652 0.066
    endloop
  endfacet
  facet normal -0.156139 0 -0.987735
    outer loop
      vertex 0 0.19187 0.066
      vertex -0.00278091 0.14652 0.0664396
      vertex -0.00278091 0.192422 0.0664396
    endloop
  endfacet
  facet normal -0.707281 0 0.706933
    outer loop
      vertex -0.00728035 0.16052 0.0802898
      vertex -0.00529003 0.199519 0.0822811
      vertex -0.00728035 0.199519 0.0802898
    endloop
  endfacet
  facet normal -0.707281 0 0.706933
    outer loop
      vertex -0.00529003 0.199519 0.0822811
      vertex -0.00728035 0.16052 0.0802898
      vertex -0.00529003 0.16052 0.0822811
    endloop
  endfacet
  facet normal 0.454107 0 -0.890947
    outer loop
      vertex 0.00529003 0.14652 0.0677185
      vertex 0.00292683 0.192451 0.066514
      vertex 0.00529003 0.19403 0.0677185
    endloop
  endfacet
  facet normal 0.454114 0 -0.890943
    outer loop
      vertex 0.00278091 0.192422 0.0664396
      vertex 0.00529003 0.14652 0.0677185
      vertex 0.00278091 0.14652 0.0664396
    endloop
  endfacet
  facet normal 0.454232 8.08413e-06 -0.890884
    outer loop
      vertex 0.00529003 0.14652 0.0677185
      vertex 0.00278091 0.192422 0.0664396
      vertex 0.00292683 0.192451 0.066514
    endloop
  endfacet
  facet normal 0.156139 0 -0.987735
    outer loop
      vertex 0 0.19187 0.066
      vertex 0.00278091 0.14652 0.0664396
      vertex 0 0.14652 0.066
    endloop
  endfacet
  facet normal 0.156139 0 -0.987735
    outer loop
      vertex 0.00278091 0.14652 0.0664396
      vertex 0 0.19187 0.066
      vertex 0.00278091 0.192422 0.0664396
    endloop
  endfacet
  facet normal -0.707281 0 -0.706933
    outer loop
      vertex -0.00728035 0.14652 0.0697098
      vertex -0.00529003 0.19403 0.0677185
      vertex -0.00529003 0.14652 0.0677185
    endloop
  endfacet
  facet normal -0.707371 7.56298e-06 -0.706842
    outer loop
      vertex -0.00529003 0.19403 0.0677185
      vertex -0.00728035 0.14652 0.0697098
      vertex -0.00540924 0.19411 0.0678378
    endloop
  endfacet
  facet normal -0.707279 3.42226e-07 -0.706934
    outer loop
      vertex -0.00540924 0.19411 0.0678378
      vertex -0.00728035 0.14652 0.0697098
      vertex -0.00706673 0.196591 0.0694961
    endloop
  endfacet
  facet normal -0.707239 0 -0.706974
    outer loop
      vertex -0.00706673 0.196591 0.0694961
      vertex -0.00728035 0.14652 0.0697098
      vertex -0.00728035 0.197665 0.0697098
    endloop
  endfacet
  facet normal -0.890872 -2.99543e-06 -0.454254
    outer loop
      vertex -0.00728035 0.197665 0.0697098
      vertex -0.00855923 0.199519 0.0722179
      vertex -0.00764942 0.199519 0.0704336
    endloop
  endfacet
  facet normal -0.890872 0 -0.454255
    outer loop
      vertex -0.00855923 0.14652 0.0722179
      vertex -0.00728035 0.197665 0.0697098
      vertex -0.00728035 0.14652 0.0697098
    endloop
  endfacet
  facet normal -0.890872 0 -0.454255
    outer loop
      vertex -0.00728035 0.197665 0.0697098
      vertex -0.00855923 0.14652 0.0722179
      vertex -0.00855923 0.199519 0.0722179
    endloop
  endfacet
  facet normal 0 1 -0
    outer loop
      vertex 0.00855923 0.199519 0.0722179
      vertex 0.00764942 0.199519 0.0749998
      vertex 0.00899982 0.199519 0.0749998
    endloop
  endfacet
  facet normal 0 1 0
    outer loop
      vertex 0.00764942 0.199519 0.0749998
      vertex 0.00855923 0.199519 0.0722179
      vertex 0.00764942 0.199519 0.0704336
    endloop
  endfacet
  facet normal 0 1 0
    outer loop
      vertex 0.00764942 0.199519 0.0749998
      vertex 0 0.199519 0.0839996
      vertex 0.00278091 0.199519 0.083559
    endloop
  endfacet
  facet normal 0 1 0
    outer loop
      vertex 0.00764942 0.199519 0.0749998
      vertex 0.00278091 0.199519 0.083559
      vertex 0.00529003 0.199519 0.0822811
    endloop
  endfacet
  facet normal 0 1 0
    outer loop
      vertex -0.00764942 0.199519 0.0749998
      vertex 0 0.199519 0.0839996
      vertex 0.00764942 0.199519 0.0749998
    endloop
  endfacet
  facet normal 0 1 0
    outer loop
      vertex 0.00764942 0.199519 0.0749998
      vertex 0.00529003 0.199519 0.0822811
      vertex 0.00728035 0.199519 0.0802898
    endloop
  endfacet
  facet normal 0 1 0
    outer loop
      vertex 0 0.199519 0.0839996
      vertex -0.00764942 0.199519 0.0749998
      vertex -0.00278091 0.199519 0.083559
    endloop
  endfacet
  facet normal 0 1 -0
    outer loop
      vertex 0.00764942 0.199519 0.0749998
      vertex 0.00728035 0.199519 0.0802898
      vertex 0.00855923 0.199519 0.0777807
    endloop
  endfacet
  facet normal 0 1 0
    outer loop
      vertex -0.00278091 0.199519 0.083559
      vertex -0.00764942 0.199519 0.0749998
      vertex -0.00529003 0.199519 0.0822811
    endloop
  endfacet
  facet normal 0 1 0
    outer loop
      vertex 0.00764942 0.199519 0.0749998
      vertex 0.00855923 0.199519 0.0777807
      vertex 0.00899982 0.199519 0.0749998
    endloop
  endfacet
  facet normal 0 1 0
    outer loop
      vertex -0.00529003 0.199519 0.0822811
      vertex -0.00764942 0.199519 0.0749998
      vertex -0.00728035 0.199519 0.0802898
    endloop
  endfacet
  facet normal 0 1 0
    outer loop
      vertex -0.00728035 0.199519 0.0802898
      vertex -0.00764942 0.199519 0.0749998
      vertex -0.00855923 0.199519 0.0777807
    endloop
  endfacet
  facet normal 0 1 0
    outer loop
      vertex -0.00764942 0.199519 0.0749998
      vertex -0.00899982 0.199519 0.0749998
      vertex -0.00855923 0.199519 0.0777807
    endloop
  endfacet
  facet normal 0 1 0
    outer loop
      vertex -0.00764942 0.199519 0.0749998
      vertex -0.00855923 0.199519 0.0722179
      vertex -0.00899982 0.199519 0.0749998
    endloop
  endfacet
  facet normal -0 1 0
    outer loop
      vertex -0.00855923 0.199519 0.0722179
      vertex -0.00764942 0.199519 0.0749998
      vertex -0.00764942 0.199519 0.0704336
    endloop
  endfacet
  facet normal -0.454114 0 -0.890943
    outer loop
      vertex -0.00529003 0.14652 0.0677185
      vertex -0.00278091 0.192422 0.0664396
      vertex -0.00278091 0.14652 0.0664396
    endloop
  endfacet
  facet normal -0.454232 8.08413e-06 -0.890884
    outer loop
      vertex -0.00278091 0.192422 0.0664396
      vertex -0.00529003 0.14652 0.0677185
      vertex -0.00292683 0.192451 0.066514
    endloop
  endfacet
  facet normal -0.454107 0 -0.890947
    outer loop
      vertex -0.00292683 0.192451 0.066514
      vertex -0.00529003 0.14652 0.0677185
      vertex -0.00529003 0.19403 0.0677185
    endloop
  endfacet
  facet normal 0.707281 -0 0.706933
    outer loop
      vertex 0.00529003 0.16052 0.0822811
      vertex 0.00728035 0.199519 0.0802898
      vertex 0.00529003 0.199519 0.0822811
    endloop
  endfacet
  facet normal 0.707281 0 0.706933
    outer loop
      vertex 0.00728035 0.199519 0.0802898
      vertex 0.00529003 0.16052 0.0822811
      vertex 0.00728035 0.16052 0.0802898
    endloop
  endfacet
  facet normal -0.453832 0 0.891087
    outer loop
      vertex -0.00529003 0.199519 0.0822811
      vertex -0.00278091 0.16052 0.083559
      vertex -0.00278091 0.199519 0.083559
    endloop
  endfacet
  facet normal -0.453832 0 0.891087
    outer loop
      vertex -0.00278091 0.16052 0.083559
      vertex -0.00529003 0.199519 0.0822811
      vertex -0.00529003 0.16052 0.0822811
    endloop
  endfacet
  facet normal -0.987681 0 0.156483
    outer loop
      vertex -0.00899982 0.14652 0.0749998
      vertex -0.00855923 0.199519 0.0777807
      vertex -0.00899982 0.199519 0.0749998
    endloop
  endfacet
  facet normal -0.987681 0 0.156483
    outer loop
      vertex -0.00855923 0.199519 0.0777807
      vertex -0.00899982 0.14652 0.0749998
      vertex -0.00855923 0.14652 0.0777807
    endloop
  endfacet
  facet normal 0.707239 0 -0.706974
    outer loop
      vertex 0.00728035 0.14652 0.0697098
      vertex 0.00706673 0.196591 0.0694961
      vertex 0.00728035 0.197665 0.0697098
    endloop
  endfacet
  facet normal 0.707279 3.42226e-07 -0.706934
    outer loop
      vertex 0.00728035 0.14652 0.0697098
      vertex 0.00540924 0.19411 0.0678378
      vertex 0.00706673 0.196591 0.0694961
    endloop
  endfacet
  facet normal 0.707371 7.56298e-06 -0.706842
    outer loop
      vertex 0.00728035 0.14652 0.0697098
      vertex 0.00529003 0.19403 0.0677185
      vertex 0.00540924 0.19411 0.0678378
    endloop
  endfacet
  facet normal 0.707281 0 -0.706933
    outer loop
      vertex 0.00529003 0.19403 0.0677185
      vertex 0.00728035 0.14652 0.0697098
      vertex 0.00529003 0.14652 0.0677185
    endloop
  endfacet
  facet normal 0.890872 -2.99543e-06 -0.454254
    outer loop
      vertex 0.00855923 0.199519 0.0722179
      vertex 0.00728035 0.197665 0.0697098
      vertex 0.00764942 0.199519 0.0704336
    endloop
  endfacet
  facet normal 0.890872 0 -0.454255
    outer loop
      vertex 0.00855923 0.14652 0.0722179
      vertex 0.00728035 0.197665 0.0697098
      vertex 0.00855923 0.199519 0.0722179
    endloop
  endfacet
  facet normal 0.890872 0 -0.454255
    outer loop
      vertex 0.00728035 0.197665 0.0697098
      vertex 0.00855923 0.14652 0.0722179
      vertex 0.00728035 0.14652 0.0697098
    endloop
  endfacet
  facet normal 0.156485 0 0.98768
    outer loop
      vertex 0 0.199519 0.0839996
      vertex 0.00278091 0.16052 0.083559
      vertex 0.00278091 0.199519 0.083559
    endloop
  endfacet
  facet normal 0.156485 0 0.98768
    outer loop
      vertex 0.00278091 0.16052 0.083559
      vertex 0 0.199519 0.0839996
      vertex 0 0.16052 0.0839996
    endloop
  endfacet
  facet normal -0.156485 0 0.98768
    outer loop
      vertex -0.00278091 0.199519 0.083559
      vertex 0 0.16052 0.0839996
      vertex 0 0.199519 0.0839996
    endloop
  endfacet
  facet normal -0.156485 0 0.98768
    outer loop
      vertex 0 0.16052 0.0839996
      vertex -0.00278091 0.199519 0.083559
      vertex -0.00278091 0.16052 0.083559
    endloop
  endfacet
  facet normal -0.890945 2.03906e-07 0.454112
    outer loop
      vertex -0.00855923 0.199519 0.0777807
      vertex -0.00742812 0.16052 0.0799999
      vertex -0.00728035 0.199519 0.0802898
    endloop
  endfacet
  facet normal -0.890946 0 0.454109
    outer loop
      vertex -0.00855923 0.14652 0.0777807
      vertex -0.00742812 0.16052 0.0799999
      vertex -0.00855923 0.199519 0.0777807
    endloop
  endfacet
  facet normal -0.890946 0 0.454109
    outer loop
      vertex -0.00742812 0.16052 0.0799999
      vertex -0.00855923 0.14652 0.0777807
      vertex -0.00742812 0.14652 0.0799999
    endloop
  endfacet
  facet normal -0.890934 0 0.454133
    outer loop
      vertex -0.00728035 0.199519 0.0802898
      vertex -0.00742812 0.16052 0.0799999
      vertex -0.00728035 0.16052 0.0802898
    endloop
  endfacet
  facet normal 0.890934 0 0.454133
    outer loop
      vertex 0.00742812 0.16052 0.0799999
      vertex 0.00728035 0.199519 0.0802898
      vertex 0.00728035 0.16052 0.0802898
    endloop
  endfacet
  facet normal 0.890945 2.03906e-07 0.454112
    outer loop
      vertex 0.00728035 0.199519 0.0802898
      vertex 0.00742812 0.16052 0.0799999
      vertex 0.00855923 0.199519 0.0777807
    endloop
  endfacet
  facet normal 0.890946 0 0.454109
    outer loop
      vertex 0.00855923 0.14652 0.0777807
      vertex 0.00742812 0.16052 0.0799999
      vertex 0.00742812 0.14652 0.0799999
    endloop
  endfacet
  facet normal 0.890946 0 0.454109
    outer loop
      vertex 0.00742812 0.16052 0.0799999
      vertex 0.00855923 0.14652 0.0777807
      vertex 0.00855923 0.199519 0.0777807
    endloop
  endfacet
  facet normal 0.453832 0 0.891087
    outer loop
      vertex 0.00278091 0.199519 0.083559
      vertex 0.00529003 0.16052 0.0822811
      vertex 0.00529003 0.199519 0.0822811
    endloop
  endfacet
  facet normal 0.453832 0 0.891087
    outer loop
      vertex 0.00529003 0.16052 0.0822811
      vertex 0.00278091 0.199519 0.083559
      vertex 0.00278091 0.16052 0.083559
    endloop
  endfacet
  facet normal 0.987681 -0 0.156483
    outer loop
      vertex 0.00855923 0.14652 0.0777807
      vertex 0.00899982 0.199519 0.0749998
      vertex 0.00855923 0.199519 0.0777807
    endloop
  endfacet
  facet normal 0.987681 0 0.156483
    outer loop
      vertex 0.00899982 0.199519 0.0749998
      vertex 0.00855923 0.14652 0.0777807
      vertex 0.00899982 0.14652 0.0749998
    endloop
  endfacet
  facet normal 0.980768 0.195179 -0
    outer loop
      vertex 0.00764942 0.199519 0.0704336
      vertex 0.00706673 0.202447 0.0749998
      vertex 0.00764942 0.199519 0.0749998
    endloop
  endfacet
  facet normal 0.980768 0.195179 0
    outer loop
      vertex 0.00706673 0.202447 0.0749998
      vertex 0.00764942 0.199519 0.0704336
      vertex 0.00706673 0.202447 0.0589991
    endloop
  endfacet
  facet normal 0.980768 0.195179 0
    outer loop
      vertex 0.00706673 0.202447 0.0589991
      vertex 0.00764942 0.199519 0.0704336
      vertex 0.00764942 0.199519 0.0589991
    endloop
  endfacet
  facet normal -0.980768 0.195179 0
    outer loop
      vertex -0.00764942 0.199519 0.0704336
      vertex -0.00706673 0.202447 0.0589991
      vertex -0.00764942 0.199519 0.0589991
    endloop
  endfacet
  facet normal -0.980768 0.195179 0
    outer loop
      vertex -0.00706673 0.202447 0.0589991
      vertex -0.00764942 0.199519 0.0704336
      vertex -0.00706673 0.202447 0.0749998
    endloop
  endfacet
  facet normal -0.980768 0.195179 0
    outer loop
      vertex -0.00706673 0.202447 0.0749998
      vertex -0.00764942 0.199519 0.0704336
      vertex -0.00764942 0.199519 0.0749998
    endloop
  endfacet
  facet normal 0.195354 0.980733 -0
    outer loop
      vertex 0.00292683 0.206587 0.0589991
      vertex 0 0.20717 0.0749998
      vertex 0.00292683 0.206587 0.0749998
    endloop
  endfacet
  facet normal 0.195354 0.980733 0
    outer loop
      vertex 0 0.20717 0.0749998
      vertex 0.00292683 0.206587 0.0589991
      vertex 0 0.20717 0.0589991
    endloop
  endfacet
  facet normal 0.83151 0.55551 0
    outer loop
      vertex 0.00706673 0.202447 0.0749998
      vertex 0.00540924 0.204928 0.0589991
      vertex 0.00540924 0.204928 0.0749998
    endloop
  endfacet
  facet normal 0.83151 0.55551 0
    outer loop
      vertex 0.00540924 0.204928 0.0589991
      vertex 0.00706673 0.202447 0.0749998
      vertex 0.00706673 0.202447 0.0589991
    endloop
  endfacet
  facet normal 0.194709 -0.980861 0
    outer loop
      vertex 0.00292683 0.192451 0.0589991
      vertex 0 0.19187 0.066
      vertex 0 0.19187 0.0589991
    endloop
  endfacet
  facet normal 0.194698 -0.980863 -4.65727e-06
    outer loop
      vertex 0 0.19187 0.066
      vertex 0.00292683 0.192451 0.0589991
      vertex 0.00278091 0.192422 0.0664396
    endloop
  endfacet
  facet normal 0.194927 -0.980818 0
    outer loop
      vertex 0.00278091 0.192422 0.0664396
      vertex 0.00292683 0.192451 0.0589991
      vertex 0.00292683 0.192451 0.066514
    endloop
  endfacet
  facet normal 0.555641 -0.831422 0
    outer loop
      vertex 0.00540924 0.19411 0.0589991
      vertex 0.00292683 0.192451 0.066514
      vertex 0.00292683 0.192451 0.0589991
    endloop
  endfacet
  facet normal 0.555572 -0.831468 -3.29958e-05
    outer loop
      vertex 0.00292683 0.192451 0.066514
      vertex 0.00540924 0.19411 0.0589991
      vertex 0.00529003 0.19403 0.0677185
    endloop
  endfacet
  facet normal 0.557237 -0.830353 0
    outer loop
      vertex 0.00529003 0.19403 0.0677185
      vertex 0.00540924 0.19411 0.0589991
      vertex 0.00540924 0.19411 0.0678378
    endloop
  endfacet
  facet normal 0.555641 0.831422 -0
    outer loop
      vertex 0.00540924 0.204928 0.0589991
      vertex 0.00292683 0.206587 0.0749998
      vertex 0.00540924 0.204928 0.0749998
    endloop
  endfacet
  facet normal 0.555641 0.831422 0
    outer loop
      vertex 0.00292683 0.206587 0.0749998
      vertex 0.00540924 0.204928 0.0589991
      vertex 0.00292683 0.206587 0.0589991
    endloop
  endfacet
  facet normal -0.555641 0.831422 0
    outer loop
      vertex -0.00292683 0.206587 0.0589991
      vertex -0.00540924 0.204928 0.0749998
      vertex -0.00292683 0.206587 0.0749998
    endloop
  endfacet
  facet normal -0.555641 0.831422 0
    outer loop
      vertex -0.00540924 0.204928 0.0749998
      vertex -0.00292683 0.206587 0.0589991
      vertex -0.00540924 0.204928 0.0589991
    endloop
  endfacet
  facet normal -0.83151 0.55551 0
    outer loop
      vertex -0.00706673 0.202447 0.0589991
      vertex -0.00540924 0.204928 0.0749998
      vertex -0.00540924 0.204928 0.0589991
    endloop
  endfacet
  facet normal -0.83151 0.55551 0
    outer loop
      vertex -0.00540924 0.204928 0.0749998
      vertex -0.00706673 0.202447 0.0589991
      vertex -0.00706673 0.202447 0.0749998
    endloop
  endfacet
  facet normal 0 0 1
    outer loop
      vertex 0.00540924 0.204928 0.0749998
      vertex 0.00764942 0.199519 0.0749998
      vertex 0.00706673 0.202447 0.0749998
    endloop
  endfacet
  facet normal 0 0 1
    outer loop
      vertex 0.00292683 0.206587 0.0749998
      vertex 0.00764942 0.199519 0.0749998
      vertex 0.00540924 0.204928 0.0749998
    endloop
  endfacet
  facet normal 0 0 1
    outer loop
      vertex 0 0.20717 0.0749998
      vertex 0.00764942 0.199519 0.0749998
      vertex 0.00292683 0.206587 0.0749998
    endloop
  endfacet
  facet normal -0 0 1
    outer loop
      vertex -0.00292683 0.206587 0.0749998
      vertex 0.00764942 0.199519 0.0749998
      vertex 0 0.20717 0.0749998
    endloop
  endfacet
  facet normal -0 0 1
    outer loop
      vertex -0.00540924 0.204928 0.0749998
      vertex 0.00764942 0.199519 0.0749998
      vertex -0.00292683 0.206587 0.0749998
    endloop
  endfacet
  facet normal -0 0 1
    outer loop
      vertex -0.00706673 0.202447 0.0749998
      vertex 0.00764942 0.199519 0.0749998
      vertex -0.00540924 0.204928 0.0749998
    endloop
  endfacet
  facet normal 0 0 1
    outer loop
      vertex 0.00764942 0.199519 0.0749998
      vertex -0.00706673 0.202447 0.0749998
      vertex -0.00764942 0.199519 0.0749998
    endloop
  endfacet
  facet normal -0.195354 0.980733 0
    outer loop
      vertex 0 0.20717 0.0589991
      vertex -0.00292683 0.206587 0.0749998
      vertex 0 0.20717 0.0749998
    endloop
  endfacet
  facet normal -0.195354 0.980733 0
    outer loop
      vertex -0.00292683 0.206587 0.0749998
      vertex 0 0.20717 0.0589991
      vertex -0.00292683 0.206587 0.0589991
    endloop
  endfacet
  facet normal 0.980756 -0.195236 0
    outer loop
      vertex 0.00728035 0.197665 0.0697098
      vertex 0.00764942 0.199519 0.0589991
      vertex 0.00764942 0.199519 0.0704336
    endloop
  endfacet
  facet normal 0.980786 -0.195085 2.71747e-05
    outer loop
      vertex 0.00706673 0.196591 0.0694961
      vertex 0.00764942 0.199519 0.0589991
      vertex 0.00728035 0.197665 0.0697098
    endloop
  endfacet
  facet normal 0.980768 -0.195179 0
    outer loop
      vertex 0.00764942 0.199519 0.0589991
      vertex 0.00706673 0.196591 0.0694961
      vertex 0.00706673 0.196591 0.0589991
    endloop
  endfacet
  facet normal 0 0 -1
    outer loop
      vertex 0.00706673 0.196591 0.0589991
      vertex 0.00706673 0.202447 0.0589991
      vertex 0.00764942 0.199519 0.0589991
    endloop
  endfacet
  facet normal 0 0 -1
    outer loop
      vertex 0.00540924 0.19411 0.0589991
      vertex 0.00706673 0.202447 0.0589991
      vertex 0.00706673 0.196591 0.0589991
    endloop
  endfacet
  facet normal 0 0 -1
    outer loop
      vertex 0.00540924 0.19411 0.0589991
      vertex 0.00540924 0.204928 0.0589991
      vertex 0.00706673 0.202447 0.0589991
    endloop
  endfacet
  facet normal 0 0 -1
    outer loop
      vertex 0.00292683 0.192451 0.0589991
      vertex 0.00540924 0.204928 0.0589991
      vertex 0.00540924 0.19411 0.0589991
    endloop
  endfacet
  facet normal 0 0 -1
    outer loop
      vertex 0.00292683 0.192451 0.0589991
      vertex 0.00292683 0.206587 0.0589991
      vertex 0.00540924 0.204928 0.0589991
    endloop
  endfacet
  facet normal 0 0 -1
    outer loop
      vertex 0 0.19187 0.0589991
      vertex 0.00292683 0.206587 0.0589991
      vertex 0.00292683 0.192451 0.0589991
    endloop
  endfacet
  facet normal 0 0 -1
    outer loop
      vertex 0 0.19187 0.0589991
      vertex 0 0.20717 0.0589991
      vertex 0.00292683 0.206587 0.0589991
    endloop
  endfacet
  facet normal 0 0 -1
    outer loop
      vertex -0.00292683 0.192451 0.0589991
      vertex 0 0.20717 0.0589991
      vertex 0 0.19187 0.0589991
    endloop
  endfacet
  facet normal 0 0 -1
    outer loop
      vertex -0.00292683 0.192451 0.0589991
      vertex -0.00292683 0.206587 0.0589991
      vertex 0 0.20717 0.0589991
    endloop
  endfacet
  facet normal 0 0 -1
    outer loop
      vertex -0.00540924 0.19411 0.0589991
      vertex -0.00292683 0.206587 0.0589991
      vertex -0.00292683 0.192451 0.0589991
    endloop
  endfacet
  facet normal 0 0 -1
    outer loop
      vertex -0.00540924 0.19411 0.0589991
      vertex -0.00540924 0.204928 0.0589991
      vertex -0.00292683 0.206587 0.0589991
    endloop
  endfacet
  facet normal 0 0 -1
    outer loop
      vertex -0.00706673 0.196591 0.0589991
      vertex -0.00540924 0.204928 0.0589991
      vertex -0.00540924 0.19411 0.0589991
    endloop
  endfacet
  facet normal 0 0 -1
    outer loop
      vertex -0.00706673 0.196591 0.0589991
      vertex -0.00706673 0.202447 0.0589991
      vertex -0.00540924 0.204928 0.0589991
    endloop
  endfacet
  facet normal 0 -0 -1
    outer loop
      vertex -0.00706673 0.202447 0.0589991
      vertex -0.00706673 0.196591 0.0589991
      vertex -0.00764942 0.199519 0.0589991
    endloop
  endfacet
  facet normal 0.83151 -0.55551 0
    outer loop
      vertex 0.00540924 0.19411 0.0678378
      vertex 0.00706673 0.196591 0.0589991
      vertex 0.00706673 0.196591 0.0694961
    endloop
  endfacet
  facet normal 0.83151 -0.55551 0
    outer loop
      vertex 0.00706673 0.196591 0.0589991
      vertex 0.00540924 0.19411 0.0678378
      vertex 0.00540924 0.19411 0.0589991
    endloop
  endfacet
  facet normal -0.557237 -0.830353 0
    outer loop
      vertex -0.00540924 0.19411 0.0589991
      vertex -0.00529003 0.19403 0.0677185
      vertex -0.00540924 0.19411 0.0678378
    endloop
  endfacet
  facet normal -0.555572 -0.831468 -3.29958e-05
    outer loop
      vertex -0.00540924 0.19411 0.0589991
      vertex -0.00292683 0.192451 0.066514
      vertex -0.00529003 0.19403 0.0677185
    endloop
  endfacet
  facet normal -0.555641 -0.831422 -0
    outer loop
      vertex -0.00292683 0.192451 0.066514
      vertex -0.00540924 0.19411 0.0589991
      vertex -0.00292683 0.192451 0.0589991
    endloop
  endfacet
  facet normal -0.83151 -0.55551 -0
    outer loop
      vertex -0.00540924 0.19411 0.0678378
      vertex -0.00706673 0.196591 0.0589991
      vertex -0.00540924 0.19411 0.0589991
    endloop
  endfacet
  facet normal -0.83151 -0.55551 0
    outer loop
      vertex -0.00706673 0.196591 0.0589991
      vertex -0.00540924 0.19411 0.0678378
      vertex -0.00706673 0.196591 0.0694961
    endloop
  endfacet
  facet normal -0.980756 -0.195236 0
    outer loop
      vertex -0.00764942 0.199519 0.0589991
      vertex -0.00728035 0.197665 0.0697098
      vertex -0.00764942 0.199519 0.0704336
    endloop
  endfacet
  facet normal -0.980768 -0.195179 -0
    outer loop
      vertex -0.00706673 0.196591 0.0694961
      vertex -0.00764942 0.199519 0.0589991
      vertex -0.00706673 0.196591 0.0589991
    endloop
  endfacet
  facet normal -0.980786 -0.195085 2.71747e-05
    outer loop
      vertex -0.00764942 0.199519 0.0589991
      vertex -0.00706673 0.196591 0.0694961
      vertex -0.00728035 0.197665 0.0697098
    endloop
  endfacet
  facet normal -0.194927 -0.980818 0
    outer loop
      vertex -0.00292683 0.192451 0.0589991
      vertex -0.00278091 0.192422 0.0664396
      vertex -0.00292683 0.192451 0.066514
    endloop
  endfacet
  facet normal -0.194698 -0.980863 -4.65727e-06
    outer loop
      vertex -0.00292683 0.192451 0.0589991
      vertex 0 0.19187 0.066
      vertex -0.00278091 0.192422 0.0664396
    endloop
  endfacet
  facet normal -0.194709 -0.980861 -0
    outer loop
      vertex 0 0.19187 0.066
      vertex -0.00292683 0.192451 0.0589991
      vertex 0 0.19187 0.0589991
    endloop
  endfacet
  facet normal -1 0 0
    outer loop
      vertex -0.0249996 0.14652 0.0799999
      vertex -0.0249996 0.16052 0.0859995
      vertex -0.0249996 0.16052 0.0799999
    endloop
  endfacet
  facet normal -1 -0 0
    outer loop
      vertex -0.0249996 0.16052 0.0859995
      vertex -0.0249996 0.14652 0.0799999
      vertex -0.0249996 0.14652 0.0859995
    endloop
  endfacet
  facet normal 0 0 1
    outer loop
      vertex 0.0249996 0.16052 0.0859995
      vertex 0.0128851 0.14652 0.0859995
      vertex 0.0249996 0.14652 0.0859995
    endloop
  endfacet
  facet normal -0 0 1
    outer loop
      vertex 0.00391761 0.150438 0.0859995
      vertex 0.0128851 0.14652 0.0859995
      vertex 0.0249996 0.16052 0.0859995
    endloop
  endfacet
  facet normal 0 0 1
    outer loop
      vertex 0.0128851 0.14652 0.0859995
      vertex 0.00526437 0.147908 0.0859995
      vertex 0.00554066 0.14652 0.0859995
    endloop
  endfacet
  facet normal 0 0 1
    outer loop
      vertex 0.0128851 0.14652 0.0859995
      vertex 0.00511841 0.14864 0.0859995
      vertex 0.00526437 0.147908 0.0859995
    endloop
  endfacet
  facet normal 0 0 1
    outer loop
      vertex 0.0128851 0.14652 0.0859995
      vertex 0.00433245 0.149816 0.0859995
      vertex 0.00511841 0.14864 0.0859995
    endloop
  endfacet
  facet normal 0 0 1
    outer loop
      vertex 0.0128851 0.14652 0.0859995
      vertex 0.00391761 0.150438 0.0859995
      vertex 0.00433245 0.149816 0.0859995
    endloop
  endfacet
  facet normal 0 0 1
    outer loop
      vertex 0.0249996 0.16052 0.0859995
      vertex 0.0032968 0.150852 0.0859995
      vertex 0.00391761 0.150438 0.0859995
    endloop
  endfacet
  facet normal 0 0 1
    outer loop
      vertex 0.0249996 0.16052 0.0859995
      vertex 0.00211993 0.151638 0.0859995
      vertex 0.0032968 0.150852 0.0859995
    endloop
  endfacet
  facet normal 0 0 1
    outer loop
      vertex 0.0249996 0.16052 0.0859995
      vertex 0.000732021 0.151915 0.0859995
      vertex 0.00211993 0.151638 0.0859995
    endloop
  endfacet
  facet normal 0 0 1
    outer loop
      vertex 0.0249996 0.16052 0.0859995
      vertex 0 0.15206 0.0859995
      vertex 0.000732021 0.151915 0.0859995
    endloop
  endfacet
  facet normal -0 0 1
    outer loop
      vertex -0.0249996 0.16052 0.0859995
      vertex 0 0.15206 0.0859995
      vertex 0.0249996 0.16052 0.0859995
    endloop
  endfacet
  facet normal 0 0 1
    outer loop
      vertex 0 0.15206 0.0859995
      vertex -0.0249996 0.16052 0.0859995
      vertex -0.000732021 0.151915 0.0859995
    endloop
  endfacet
  facet normal 0 0 1
    outer loop
      vertex -0.0128851 0.14652 0.0859995
      vertex -0.00433245 0.149816 0.0859995
      vertex -0.00391761 0.150438 0.0859995
    endloop
  endfacet
  facet normal 0 0 1
    outer loop
      vertex -0.00526437 0.147908 0.0859995
      vertex -0.0128851 0.14652 0.0859995
      vertex -0.00554066 0.14652 0.0859995
    endloop
  endfacet
  facet normal 0 0 1
    outer loop
      vertex -0.00511841 0.14864 0.0859995
      vertex -0.0128851 0.14652 0.0859995
      vertex -0.00526437 0.147908 0.0859995
    endloop
  endfacet
  facet normal 0 0 1
    outer loop
      vertex -0.00433245 0.149816 0.0859995
      vertex -0.0128851 0.14652 0.0859995
      vertex -0.00511841 0.14864 0.0859995
    endloop
  endfacet
  facet normal 0 0 1
    outer loop
      vertex -0.0249996 0.16052 0.0859995
      vertex -0.00391761 0.150438 0.0859995
      vertex -0.0032968 0.150852 0.0859995
    endloop
  endfacet
  facet normal 0 0 1
    outer loop
      vertex -0.0249996 0.16052 0.0859995
      vertex -0.0032968 0.150852 0.0859995
      vertex -0.00211993 0.151638 0.0859995
    endloop
  endfacet
  facet normal 0 0 1
    outer loop
      vertex -0.000732021 0.151915 0.0859995
      vertex -0.0249996 0.16052 0.0859995
      vertex -0.00211993 0.151638 0.0859995
    endloop
  endfacet
  facet normal 0 0 1
    outer loop
      vertex -0.00391761 0.150438 0.0859995
      vertex -0.0249996 0.16052 0.0859995
      vertex -0.0128851 0.14652 0.0859995
    endloop
  endfacet
  facet normal 0 0 1
    outer loop
      vertex -0.0128851 0.14652 0.0859995
      vertex -0.0249996 0.16052 0.0859995
      vertex -0.0249996 0.14652 0.0859995
    endloop
  endfacet
  facet normal 1 -0 0
    outer loop
      vertex 0.0249996 0.14652 0.0859995
      vertex 0.0249996 0.16052 0.0799999
      vertex 0.0249996 0.16052 0.0859995
    endloop
  endfacet
  facet normal 1 0 0
    outer loop
      vertex 0.0249996 0.16052 0.0799999
      vertex 0.0249996 0.14652 0.0859995
      vertex 0.0249996 0.14652 0.0799999
    endloop
  endfacet
  facet normal 0 1 0
    outer loop
      vertex 0.0249996 0.16052 0.0859995
      vertex 0 0.16052 0.0839996
      vertex -0.0249996 0.16052 0.0859995
    endloop
  endfacet
  facet normal 0 1 0
    outer loop
      vertex 0.0249996 0.16052 0.0859995
      vertex 0.00278091 0.16052 0.083559
      vertex 0 0.16052 0.0839996
    endloop
  endfacet
  facet normal 0 1 0
    outer loop
      vertex 0.0249996 0.16052 0.0859995
      vertex 0.00529003 0.16052 0.0822811
      vertex 0.00278091 0.16052 0.083559
    endloop
  endfacet
  facet normal 0 1 0
    outer loop
      vertex 0.0249996 0.16052 0.0859995
      vertex 0.00728035 0.16052 0.0802898
      vertex 0.00529003 0.16052 0.0822811
    endloop
  endfacet
  facet normal 0 1 0
    outer loop
      vertex 0.00742812 0.16052 0.0799999
      vertex 0.0249996 0.16052 0.0859995
      vertex 0.0249996 0.16052 0.0799999
    endloop
  endfacet
  facet normal 0 1 0
    outer loop
      vertex 0.0249996 0.16052 0.0859995
      vertex 0.00742812 0.16052 0.0799999
      vertex 0.00728035 0.16052 0.0802898
    endloop
  endfacet
  facet normal 0 1 -0
    outer loop
      vertex -0.00278091 0.16052 0.083559
      vertex -0.0249996 0.16052 0.0859995
      vertex 0 0.16052 0.0839996
    endloop
  endfacet
  facet normal 0 1 -0
    outer loop
      vertex -0.00529003 0.16052 0.0822811
      vertex -0.0249996 0.16052 0.0859995
      vertex -0.00278091 0.16052 0.083559
    endloop
  endfacet
  facet normal 0 1 -0
    outer loop
      vertex -0.00728035 0.16052 0.0802898
      vertex -0.0249996 0.16052 0.0859995
      vertex -0.00529003 0.16052 0.0822811
    endloop
  endfacet
  facet normal 0 1 -0
    outer loop
      vertex -0.00742812 0.16052 0.0799999
      vertex -0.0249996 0.16052 0.0859995
      vertex -0.00728035 0.16052 0.0802898
    endloop
  endfacet
  facet normal 0 1 0
    outer loop
      vertex -0.0249996 0.16052 0.0859995
      vertex -0.00742812 0.16052 0.0799999
      vertex -0.0249996 0.16052 0.0799999
    endloop
  endfacet
  facet normal 0 0 -1
    outer loop
      vertex -0.016308 0.14652 0.0799999
      vertex -0.00742812 0.16052 0.0799999
      vertex -0.00742812 0.14652 0.0799999
    endloop
  endfacet
  facet normal 0 0 -1
    outer loop
      vertex -0.0249996 0.16052 0.0799999
      vertex -0.016308 0.14652 0.0799999
      vertex -0.0249996 0.14652 0.0799999
    endloop
  endfacet
  facet normal 0 0 -1
    outer loop
      vertex -0.016308 0.14652 0.0799999
      vertex -0.0249996 0.16052 0.0799999
      vertex -0.00742812 0.16052 0.0799999
    endloop
  endfacet
  facet normal 0 0 -1
    outer loop
      vertex 0.016308 0.14652 0.0799999
      vertex 0.0249996 0.16052 0.0799999
      vertex 0.0249996 0.14652 0.0799999
    endloop
  endfacet
  facet normal 0 0 -1
    outer loop
      vertex 0.00742812 0.16052 0.0799999
      vertex 0.016308 0.14652 0.0799999
      vertex 0.00742812 0.14652 0.0799999
    endloop
  endfacet
  facet normal 0 0 -1
    outer loop
      vertex 0.016308 0.14652 0.0799999
      vertex 0.00742812 0.16052 0.0799999
      vertex 0.0249996 0.16052 0.0799999
    endloop
  endfacet
  facet normal 0.323189 0.216121 0.921325
    outer loop
      vertex 0.00235653 0.148876 0.0889883
      vertex 0.000826836 0.147346 0.0898838
      vertex 0.00307941 0.147795 0.0889883
    endloop
  endfacet
  facet normal 0.593841 0.396674 0.700002
    outer loop
      vertex 0.00352669 0.150047 0.0873327
      vertex 0.00307941 0.147795 0.0889883
      vertex 0.00460815 0.148428 0.0873327
    endloop
  endfacet
  facet normal 0.513942 0.770678 0.376722
    outer loop
      vertex 0.0032968 0.150852 0.0859995
      vertex 0.00352669 0.150047 0.0873327
      vertex 0.00391761 0.150438 0.0859995
    endloop
  endfacet
  facet normal 0.514946 0.770225 0.376275
    outer loop
      vertex 0.00352669 0.150047 0.0873327
      vertex 0.0032968 0.150852 0.0859995
      vertex 0.0019083 0.151129 0.0873327
    endloop
  endfacet
  facet normal 0.180468 0.908673 0.37649
    outer loop
      vertex 0.000732021 0.151915 0.0859995
      vertex 0 0.151508 0.0873327
      vertex 0.0019083 0.151129 0.0873327
    endloop
  endfacet
  facet normal 0.180025 0.908841 0.376298
    outer loop
      vertex 0 0.151508 0.0873327
      vertex 0.000732021 0.151915 0.0859995
      vertex 0 0.15206 0.0859995
    endloop
  endfacet
  facet normal 0.323146 0.21629 0.921301
    outer loop
      vertex 0.00307941 0.147795 0.0889883
      vertex 0.000826836 0.147346 0.0898838
      vertex 0.00108051 0.146967 0.0898838
    endloop
  endfacet
  facet normal 0.381107 0.0764346 0.921366
    outer loop
      vertex 0.00307941 0.147795 0.0889883
      vertex 0.00108051 0.146967 0.0898838
      vertex 0.00117016 0.14652 0.0898838
    endloop
  endfacet
  facet normal -0.396788 0.593492 0.700233
    outer loop
      vertex -0.0019083 0.151129 0.0873327
      vertex -0.00352669 0.150047 0.0873327
      vertex -0.00127506 0.149599 0.0889883
    endloop
  endfacet
  facet normal 0.396788 0.593492 0.700233
    outer loop
      vertex 0.0019083 0.151129 0.0873327
      vertex 0.00127506 0.149599 0.0889883
      vertex 0.00352669 0.150047 0.0873327
    endloop
  endfacet
  facet normal -0.90852 0.181158 0.376528
    outer loop
      vertex -0.00526437 0.147908 0.0859995
      vertex -0.00460815 0.148428 0.0873327
      vertex -0.00511841 0.14864 0.0859995
    endloop
  endfacet
  facet normal -0.908519 0.18119 0.376515
    outer loop
      vertex -0.00460815 0.148428 0.0873327
      vertex -0.00526437 0.147908 0.0859995
      vertex -0.00498867 0.14652 0.0873327
    endloop
  endfacet
  facet normal -0.075896 0.381418 0.921282
    outer loop
      vertex 0 0.149853 0.0889883
      vertex -0.000447273 0.147601 0.0898838
      vertex 0 0.14769 0.0898838
    endloop
  endfacet
  facet normal 0.593492 0.396877 0.700183
    outer loop
      vertex 0.00352669 0.150047 0.0873327
      vertex 0.00235653 0.148876 0.0889883
      vertex 0.00307941 0.147795 0.0889883
    endloop
  endfacet
  facet normal 0.181378 0.908795 0.375759
    outer loop
      vertex 0.00211993 0.151638 0.0859995
      vertex 0.000732021 0.151915 0.0859995
      vertex 0.0019083 0.151129 0.0873327
    endloop
  endfacet
  facet normal 0.908698 0.180882 0.376232
    outer loop
      vertex 0.00526437 0.147908 0.0859995
      vertex 0.00498867 0.14652 0.0873327
      vertex 0.00554066 0.14652 0.0859995
    endloop
  endfacet
  facet normal -0.700307 0.139665 0.700046
    outer loop
      vertex -0.00460815 0.148428 0.0873327
      vertex -0.00498867 0.14652 0.0873327
      vertex -0.00307941 0.147795 0.0889883
    endloop
  endfacet
  facet normal -0.770189 0.514743 0.376629
    outer loop
      vertex -0.00433245 0.149816 0.0859995
      vertex -0.00511841 0.14864 0.0859995
      vertex -0.00460815 0.148428 0.0873327
    endloop
  endfacet
  facet normal 0.39678 0.593507 0.700225
    outer loop
      vertex 0.00352669 0.150047 0.0873327
      vertex 0.00127506 0.149599 0.0889883
      vertex 0.00235653 0.148876 0.0889883
    endloop
  endfacet
  facet normal 0.216729 0.322598 0.92139
    outer loop
      vertex 0.00235653 0.148876 0.0889883
      vertex 0.000447273 0.147601 0.0898838
      vertex 0.000826836 0.147346 0.0898838
    endloop
  endfacet
  facet normal 0.514662 0.770598 0.375902
    outer loop
      vertex 0.00211993 0.151638 0.0859995
      vertex 0.0019083 0.151129 0.0873327
      vertex 0.0032968 0.150852 0.0859995
    endloop
  endfacet
  facet normal 0.700307 0.139665 0.700046
    outer loop
      vertex 0.00460815 0.148428 0.0873327
      vertex 0.00307941 0.147795 0.0889883
      vertex 0.00498867 0.14652 0.0873327
    endloop
  endfacet
  facet normal 0.90852 0.181158 0.376528
    outer loop
      vertex 0.00460815 0.148428 0.0873327
      vertex 0.00526437 0.147908 0.0859995
      vertex 0.00511841 0.14864 0.0859995
    endloop
  endfacet
  facet normal 0.908519 0.18119 0.376515
    outer loop
      vertex 0.00526437 0.147908 0.0859995
      vertex 0.00460815 0.148428 0.0873327
      vertex 0.00498867 0.14652 0.0873327
    endloop
  endfacet
  facet normal -0.908698 0.180882 0.376232
    outer loop
      vertex -0.00526437 0.147908 0.0859995
      vertex -0.00554066 0.14652 0.0859995
      vertex -0.00498867 0.14652 0.0873327
    endloop
  endfacet
  facet normal -0.381429 0.0758909 0.921278
    outer loop
      vertex -0.00307941 0.147795 0.0889883
      vertex -0.00333309 0.14652 0.0889883
      vertex -0.00117016 0.14652 0.0898838
    endloop
  endfacet
  facet normal -0.180025 0.908841 0.376298
    outer loop
      vertex -0.000732021 0.151915 0.0859995
      vertex 0 0.151508 0.0873327
      vertex 0 0.15206 0.0859995
    endloop
  endfacet
  facet normal -0.180468 0.908673 0.37649
    outer loop
      vertex 0 0.151508 0.0873327
      vertex -0.000732021 0.151915 0.0859995
      vertex -0.0019083 0.151129 0.0873327
    endloop
  endfacet
  facet normal 0.700215 0.139318 0.700207
    outer loop
      vertex 0.00498867 0.14652 0.0873327
      vertex 0.00307941 0.147795 0.0889883
      vertex 0.00333309 0.14652 0.0889883
    endloop
  endfacet
  facet normal 0.381429 0.0758909 0.921278
    outer loop
      vertex 0.00307941 0.147795 0.0889883
      vertex 0.00117016 0.14652 0.0898838
      vertex 0.00333309 0.14652 0.0889883
    endloop
  endfacet
  facet normal 0.770654 0.513984 0.376712
    outer loop
      vertex 0.00352669 0.150047 0.0873327
      vertex 0.00433245 0.149816 0.0859995
      vertex 0.00391761 0.150438 0.0859995
    endloop
  endfacet
  facet normal 0.770379 0.514598 0.376439
    outer loop
      vertex 0.00433245 0.149816 0.0859995
      vertex 0.00352669 0.150047 0.0873327
      vertex 0.00460815 0.148428 0.0873327
    endloop
  endfacet
  facet normal 0.770189 0.514743 0.376629
    outer loop
      vertex 0.00511841 0.14864 0.0859995
      vertex 0.00433245 0.149816 0.0859995
      vertex 0.00460815 0.148428 0.0873327
    endloop
  endfacet
  facet normal -0.514946 0.770225 0.376275
    outer loop
      vertex -0.0032968 0.150852 0.0859995
      vertex -0.00352669 0.150047 0.0873327
      vertex -0.0019083 0.151129 0.0873327
    endloop
  endfacet
  facet normal -0.513942 0.770678 0.376722
    outer loop
      vertex -0.00352669 0.150047 0.0873327
      vertex -0.0032968 0.150852 0.0859995
      vertex -0.00391761 0.150438 0.0859995
    endloop
  endfacet
  facet normal 0.075896 0.381418 0.921282
    outer loop
      vertex 0 0.149853 0.0889883
      vertex 0 0.14769 0.0898838
      vertex 0.000447273 0.147601 0.0898838
    endloop
  endfacet
  facet normal -0.700215 0.139318 0.700207
    outer loop
      vertex -0.00307941 0.147795 0.0889883
      vertex -0.00498867 0.14652 0.0873327
      vertex -0.00333309 0.14652 0.0889883
    endloop
  endfacet
  facet normal -0.0759834 0.381431 0.921269
    outer loop
      vertex 0 0.149853 0.0889883
      vertex -0.00127506 0.149599 0.0889883
      vertex -0.000447273 0.147601 0.0898838
    endloop
  endfacet
  facet normal 0.139461 0.700081 0.700312
    outer loop
      vertex 0.0019083 0.151129 0.0873327
      vertex 0 0.149853 0.0889883
      vertex 0.00127506 0.149599 0.0889883
    endloop
  endfacet
  facet normal 0.139096 0.70036 0.700106
    outer loop
      vertex 0 0.151508 0.0873327
      vertex 0 0.149853 0.0889883
      vertex 0.0019083 0.151129 0.0873327
    endloop
  endfacet
  facet normal -0.770654 0.513984 0.376712
    outer loop
      vertex -0.00433245 0.149816 0.0859995
      vertex -0.00352669 0.150047 0.0873327
      vertex -0.00391761 0.150438 0.0859995
    endloop
  endfacet
  facet normal -0.770379 0.514598 0.376439
    outer loop
      vertex -0.00352669 0.150047 0.0873327
      vertex -0.00433245 0.149816 0.0859995
      vertex -0.00460815 0.148428 0.0873327
    endloop
  endfacet
  facet normal 0 0 1
    outer loop
      vertex 0.000826836 0.147346 0.0898838
      vertex 0.00117016 0.14652 0.0898838
      vertex 0.00108051 0.146967 0.0898838
    endloop
  endfacet
  facet normal 0 0 1
    outer loop
      vertex 0.000447273 0.147601 0.0898838
      vertex 0.00117016 0.14652 0.0898838
      vertex 0.000826836 0.147346 0.0898838
    endloop
  endfacet
  facet normal 0 0 1
    outer loop
      vertex 0 0.14769 0.0898838
      vertex 0.00117016 0.14652 0.0898838
      vertex 0.000447273 0.147601 0.0898838
    endloop
  endfacet
  facet normal -0 0 1
    outer loop
      vertex -0.000447273 0.147601 0.0898838
      vertex 0.00117016 0.14652 0.0898838
      vertex 0 0.14769 0.0898838
    endloop
  endfacet
  facet normal -0 0 1
    outer loop
      vertex -0.000826836 0.147346 0.0898838
      vertex 0.00117016 0.14652 0.0898838
      vertex -0.000447273 0.147601 0.0898838
    endloop
  endfacet
  facet normal -0 0 1
    outer loop
      vertex -0.00108051 0.146967 0.0898838
      vertex 0.00117016 0.14652 0.0898838
      vertex -0.000826836 0.147346 0.0898838
    endloop
  endfacet
  facet normal 0 0 1
    outer loop
      vertex 0.00117016 0.14652 0.0898838
      vertex -0.00108051 0.146967 0.0898838
      vertex -0.00117016 0.14652 0.0898838
    endloop
  endfacet
  facet normal 0.216168 0.323346 0.921259
    outer loop
      vertex 0.00127506 0.149599 0.0889883
      vertex 0.000447273 0.147601 0.0898838
      vertex 0.00235653 0.148876 0.0889883
    endloop
  endfacet
  facet normal 0.0759834 0.381431 0.921269
    outer loop
      vertex 0.00127506 0.149599 0.0889883
      vertex 0 0.149853 0.0889883
      vertex 0.000447273 0.147601 0.0898838
    endloop
  endfacet
  facet normal -0.39678 0.593507 0.700225
    outer loop
      vertex -0.00127506 0.149599 0.0889883
      vertex -0.00352669 0.150047 0.0873327
      vertex -0.00235653 0.148876 0.0889883
    endloop
  endfacet
  facet normal -0.216168 0.323346 0.921259
    outer loop
      vertex -0.00127506 0.149599 0.0889883
      vertex -0.00235653 0.148876 0.0889883
      vertex -0.000447273 0.147601 0.0898838
    endloop
  endfacet
  facet normal -0.514662 0.770598 0.375902
    outer loop
      vertex -0.00211993 0.151638 0.0859995
      vertex -0.0032968 0.150852 0.0859995
      vertex -0.0019083 0.151129 0.0873327
    endloop
  endfacet
  facet normal -0.181378 0.908795 0.375759
    outer loop
      vertex -0.000732021 0.151915 0.0859995
      vertex -0.00211993 0.151638 0.0859995
      vertex -0.0019083 0.151129 0.0873327
    endloop
  endfacet
  facet normal -0.323189 0.216121 0.921325
    outer loop
      vertex -0.00235653 0.148876 0.0889883
      vertex -0.00307941 0.147795 0.0889883
      vertex -0.000826836 0.147346 0.0898838
    endloop
  endfacet
  facet normal -0.139461 0.700081 0.700312
    outer loop
      vertex 0 0.149853 0.0889883
      vertex -0.0019083 0.151129 0.0873327
      vertex -0.00127506 0.149599 0.0889883
    endloop
  endfacet
  facet normal -0.139096 0.70036 0.700106
    outer loop
      vertex 0 0.151508 0.0873327
      vertex -0.0019083 0.151129 0.0873327
      vertex 0 0.149853 0.0889883
    endloop
  endfacet
  facet normal -0.216729 0.322598 0.92139
    outer loop
      vertex -0.000447273 0.147601 0.0898838
      vertex -0.00235653 0.148876 0.0889883
      vertex -0.000826836 0.147346 0.0898838
    endloop
  endfacet
  facet normal -0.593841 0.396674 0.700002
    outer loop
      vertex -0.00352669 0.150047 0.0873327
      vertex -0.00460815 0.148428 0.0873327
      vertex -0.00307941 0.147795 0.0889883
    endloop
  endfacet
  facet normal -0.593492 0.396877 0.700183
    outer loop
      vertex -0.00235653 0.148876 0.0889883
      vertex -0.00352669 0.150047 0.0873327
      vertex -0.00307941 0.147795 0.0889883
    endloop
  endfacet
  facet normal -0.323146 0.21629 0.921301
    outer loop
      vertex -0.000826836 0.147346 0.0898838
      vertex -0.00307941 0.147795 0.0889883
      vertex -0.00108051 0.146967 0.0898838
    endloop
  endfacet
  facet normal -0.381107 0.0764346 0.921366
    outer loop
      vertex -0.00108051 0.146967 0.0898838
      vertex -0.00307941 0.147795 0.0889883
      vertex -0.00117016 0.14652 0.0898838
    endloop
  endfacet
  facet normal -0.55546 0.0731394 -0.82832
    outer loop
      vertex -0.131824 0.0353222 0.00350952
      vertex -0.132584 0 0.000900269
      vertex -0.136475 0 0.00350952
    endloop
  endfacet
  facet normal -0.555398 0.0731411 -0.828362
    outer loop
      vertex -0.131824 0.0353222 0.00350952
      vertex -0.128065 0.0343151 0.000900269
      vertex -0.132584 0 0.000900269
    endloop
  endfacet
  facet normal -0.825646 0.108718 -0.553615
    outer loop
      vertex -0.134344 0.0359974 0.00740051
      vertex -0.136475 0 0.00350952
      vertex -0.139084 0 0.00740051
    endloop
  endfacet
  facet normal -0.825655 0.108717 -0.553601
    outer loop
      vertex -0.134344 0.0359974 0.00740051
      vertex -0.131824 0.0353222 0.00350952
      vertex -0.136475 0 0.00350952
    endloop
  endfacet
  facet normal -0.972651 0.128071 -0.193772
    outer loop
      vertex -0.135228 0.0362339 0.0119934
      vertex -0.139084 0 0.00740051
      vertex -0.139999 0 0.0119934
    endloop
  endfacet
  facet normal -0.972645 0.128074 -0.193801
    outer loop
      vertex -0.135228 0.0362339 0.0119934
      vertex -0.134344 0.0359974 0.00740051
      vertex -0.139084 0 0.00740051
    endloop
  endfacet
  facet normal -0.99124 0.130513 0.020221
    outer loop
      vertex -0.132492 0 0.37999
      vertex -0.127977 0.0342913 0.37999
      vertex -0.139999 0 0.0119934
    endloop
  endfacet
  facet normal -0.99124 0.130519 0.0202204
    outer loop
      vertex -0.127977 0.0342913 0.37999
      vertex -0.135228 0.0362339 0.0119934
      vertex -0.139999 0 0.0119934
    endloop
  endfacet
  facet normal -0.977023 0.128664 0.169915
    outer loop
      vertex -0.128891 0 0.400696
      vertex -0.124498 0.0333586 0.400696
      vertex -0.132492 0 0.37999
    endloop
  endfacet
  facet normal -0.97702 0.12864 0.169952
    outer loop
      vertex -0.124498 0.0333586 0.400696
      vertex -0.127977 0.0342913 0.37999
      vertex -0.132492 0 0.37999
    endloop
  endfacet
  facet normal -0.872075 0.114839 0.475706
    outer loop
      vertex -0.118362 0 0.419998
      vertex -0.114328 0.0306339 0.419998
      vertex -0.128891 0 0.400696
    endloop
  endfacet
  facet normal -0.872078 0.114844 0.4757
    outer loop
      vertex -0.114328 0.0306339 0.419998
      vertex -0.124498 0.0333586 0.400696
      vertex -0.128891 0 0.400696
    endloop
  endfacet
  facet normal -0.699586 0.0921064 0.708587
    outer loop
      vertex -0.101593 0 0.436554
      vertex -0.0981312 0.0262938 0.436554
      vertex -0.118362 0 0.419998
    endloop
  endfacet
  facet normal -0.699599 0.0921262 0.708571
    outer loop
      vertex -0.0981312 0.0262938 0.436554
      vertex -0.114328 0.0306339 0.419998
      vertex -0.118362 0 0.419998
    endloop
  endfacet
  facet normal -0.502174 0.0661316 0.862234
    outer loop
      vertex -0.0797424 0 0.44928
      vertex -0.0770245 0.0206385 0.44928
      vertex -0.101593 0 0.436554
    endloop
  endfacet
  facet normal -0.502163 0.066114 0.862242
    outer loop
      vertex -0.0770245 0.0206385 0.44928
      vertex -0.0981312 0.0262938 0.436554
      vertex -0.101593 0 0.436554
    endloop
  endfacet
  facet normal -0.298944 0.039363 0.953459
    outer loop
      vertex -0.0542908 0 0.45726
      vertex -0.0524406 0.0140514 0.45726
      vertex -0.0797424 0 0.44928
    endloop
  endfacet
  facet normal -0.298946 0.0393685 0.953458
    outer loop
      vertex -0.0524406 0.0140514 0.45726
      vertex -0.0770245 0.0206385 0.44928
      vertex -0.0797424 0 0.44928
    endloop
  endfacet
  facet normal -0.0995385 0.0131133 0.994947
    outer loop
      vertex -0.0269928 0 0.459991
      vertex -0.0260725 0.00698566 0.459991
      vertex -0.0542908 0 0.45726
    endloop
  endfacet
  facet normal -0.0995368 0.0131064 0.994948
    outer loop
      vertex -0.0260725 0.00698566 0.459991
      vertex -0.0524406 0.0140514 0.45726
      vertex -0.0542908 0 0.45726
    endloop
  endfacet
  facet normal -0.991433 0.130613 0
    outer loop
      vertex -0.0269928 0 0.459991
      vertex -0.0260725 0.00698566 0.478999
      vertex -0.0260725 0.00698566 0.459991
    endloop
  endfacet
  facet normal -0.991433 0.130613 0
    outer loop
      vertex -0.0260725 0.00698566 0.478999
      vertex -0.0269928 0 0.459991
      vertex -0.0269928 0 0.478999
    endloop
  endfacet
  facet normal 0 0 -1
    outer loop
      vertex 0.123629 -0.0331259 0
      vertex 0.123629 0.0331259 0
      vertex 0.127991 0 0
    endloop
  endfacet
  facet normal 0 0 -1
    outer loop
      vertex 0.110843 -0.0639954 0
      vertex 0.123629 0.0331259 0
      vertex 0.123629 -0.0331259 0
    endloop
  endfacet
  facet normal 0 0 -1
    outer loop
      vertex 0.110843 -0.0639954 0
      vertex 0.110843 0.0639954 0
      vertex 0.123629 0.0331259 0
    endloop
  endfacet
  facet normal 0 0 -1
    outer loop
      vertex 0.0905027 -0.0905027 0
      vertex 0.110843 0.0639954 0
      vertex 0.110843 -0.0639954 0
    endloop
  endfacet
  facet normal 0 0 -1
    outer loop
      vertex 0.0905027 -0.0905027 0
      vertex 0.0905027 0.0905027 0
      vertex 0.110843 0.0639954 0
    endloop
  endfacet
  facet normal 0 0 -1
    outer loop
      vertex 0.0639954 -0.110843 0
      vertex 0.0905027 0.0905027 0
      vertex 0.0905027 -0.0905027 0
    endloop
  endfacet
  facet normal 0 0 -1
    outer loop
      vertex 0.0639954 -0.110843 0
      vertex 0.0639954 0.110843 0
      vertex 0.0905027 0.0905027 0
    endloop
  endfacet
  facet normal 0 0 -1
    outer loop
      vertex 0.0331259 -0.123629 0
      vertex 0.0639954 0.110843 0
      vertex 0.0639954 -0.110843 0
    endloop
  endfacet
  facet normal 0 0 -1
    outer loop
      vertex 0.0331259 -0.123629 0
      vertex 0.0331259 0.123629 0
      vertex 0.0639954 0.110843 0
    endloop
  endfacet
  facet normal 0 0 -1
    outer loop
      vertex 0 -0.127991 0
      vertex 0.0331259 0.123629 0
      vertex 0.0331259 -0.123629 0
    endloop
  endfacet
  facet normal 0 0 -1
    outer loop
      vertex 0 -0.127991 0
      vertex 0 0.127991 0
      vertex 0.0331259 0.123629 0
    endloop
  endfacet
  facet normal 0 0 -1
    outer loop
      vertex -0.0331259 -0.123629 0
      vertex 0 0.127991 0
      vertex 0 -0.127991 0
    endloop
  endfacet
  facet normal 0 0 -1
    outer loop
      vertex -0.0331259 -0.123629 0
      vertex -0.0331259 0.123629 0
      vertex 0 0.127991 0
    endloop
  endfacet
  facet normal 0 0 -1
    outer loop
      vertex -0.0639954 -0.110843 0
      vertex -0.0331259 0.123629 0
      vertex -0.0331259 -0.123629 0
    endloop
  endfacet
  facet normal 0 0 -1
    outer loop
      vertex -0.0639954 -0.110843 0
      vertex -0.0639954 0.110843 0
      vertex -0.0331259 0.123629 0
    endloop
  endfacet
  facet normal 0 0 -1
    outer loop
      vertex -0.0905027 -0.0905027 0
      vertex -0.0639954 0.110843 0
      vertex -0.0639954 -0.110843 0
    endloop
  endfacet
  facet normal 0 0 -1
    outer loop
      vertex -0.0905027 -0.0905027 0
      vertex -0.0905027 0.0905027 0
      vertex -0.0639954 0.110843 0
    endloop
  endfacet
  facet normal 0 0 -1
    outer loop
      vertex -0.110843 -0.0639954 0
      vertex -0.0905027 0.0905027 0
      vertex -0.0905027 -0.0905027 0
    endloop
  endfacet
  facet normal 0 0 -1
    outer loop
      vertex -0.110843 -0.0639954 0
      vertex -0.110843 0.0639954 0
      vertex -0.0905027 0.0905027 0
    endloop
  endfacet
  facet normal 0 0 -1
    outer loop
      vertex -0.123629 -0.0331259 0
      vertex -0.110843 0.0639954 0
      vertex -0.110843 -0.0639954 0
    endloop
  endfacet
  facet normal 0 0 -1
    outer loop
      vertex -0.123629 -0.0331259 0
      vertex -0.123629 0.0331259 0
      vertex -0.110843 0.0639954 0
    endloop
  endfacet
  facet normal 0 -0 -1
    outer loop
      vertex -0.123629 0.0331259 0
      vertex -0.123629 -0.0331259 0
      vertex -0.127991 0 0
    endloop
  endfacet
  facet normal -0.192287 0.0253225 -0.981012
    outer loop
      vertex -0.128065 0.0343151 0.000900269
      vertex -0.127991 0 0
      vertex -0.132584 0 0.000900269
    endloop
  endfacet
  facet normal -0.192304 0.0253224 -0.981009
    outer loop
      vertex -0.123629 0.0331259 0
      vertex -0.127991 0 0
      vertex -0.128065 0.0343151 0.000900269
    endloop
  endfacet
  facet normal -0.517556 0.21438 -0.828358
    outer loop
      vertex -0.11819 0.0682373 0.00350952
      vertex -0.128065 0.0343151 0.000900269
      vertex -0.131824 0.0353222 0.00350952
    endloop
  endfacet
  facet normal -0.517583 0.214387 -0.828339
    outer loop
      vertex -0.11819 0.0682373 0.00350952
      vertex -0.11482 0.0662918 0.000900269
      vertex -0.128065 0.0343151 0.000900269
    endloop
  endfacet
  facet normal -0.769396 0.318681 -0.5536
    outer loop
      vertex -0.12045 0.0695419 0.00740051
      vertex -0.131824 0.0353222 0.00350952
      vertex -0.134344 0.0359974 0.00740051
    endloop
  endfacet
  facet normal -0.769331 0.31867 -0.553696
    outer loop
      vertex -0.12045 0.0695419 0.00740051
      vertex -0.11819 0.0682373 0.00350952
      vertex -0.131824 0.0353222 0.00350952
    endloop
  endfacet
  facet normal -0.906379 0.375401 -0.193782
    outer loop
      vertex -0.121243 0.0699997 0.0119934
      vertex -0.134344 0.0359974 0.00740051
      vertex -0.135228 0.0362339 0.0119934
    endloop
  endfacet
  facet normal -0.90635 0.375406 -0.193908
    outer loop
      vertex -0.121243 0.0699997 0.0119934
      vertex -0.12045 0.0695419 0.00740051
      vertex -0.134344 0.0359974 0.00740051
    endloop
  endfacet
  facet normal -0.923691 0.382603 0.0202201
    outer loop
      vertex -0.127977 0.0342913 0.37999
      vertex -0.114741 0.066246 0.37999
      vertex -0.135228 0.0362339 0.0119934
    endloop
  endfacet
  facet normal -0.923703 0.382576 0.020223
    outer loop
      vertex -0.114741 0.066246 0.37999
      vertex -0.121243 0.0699997 0.0119934
      vertex -0.135228 0.0362339 0.0119934
    endloop
  endfacet
  facet normal -0.910455 0.377075 0.169959
    outer loop
      vertex -0.124498 0.0333586 0.400696
      vertex -0.111623 0.0644455 0.400696
      vertex -0.127977 0.0342913 0.37999
    endloop
  endfacet
  facet normal -0.91045 0.377119 0.169892
    outer loop
      vertex -0.111623 0.0644455 0.400696
      vertex -0.114741 0.066246 0.37999
      vertex -0.127977 0.0342913 0.37999
    endloop
  endfacet
  facet normal -0.81267 0.336571 0.475697
    outer loop
      vertex -0.114328 0.0306339 0.419998
      vertex -0.102505 0.0591812 0.419998
      vertex -0.124498 0.0333586 0.400696
    endloop
  endfacet
  facet normal -0.812671 0.336577 0.475691
    outer loop
      vertex -0.102505 0.0591812 0.419998
      vertex -0.111623 0.0644455 0.400696
      vertex -0.124498 0.0333586 0.400696
    endloop
  endfacet
  facet normal -0.651921 0.270052 0.70857
    outer loop
      vertex -0.0981312 0.0262938 0.436554
      vertex -0.0879812 0.0507965 0.436554
      vertex -0.114328 0.0306339 0.419998
    endloop
  endfacet
  facet normal -0.651899 0.269987 0.708614
    outer loop
      vertex -0.0879812 0.0507965 0.436554
      vertex -0.102505 0.0591812 0.419998
      vertex -0.114328 0.0306339 0.419998
    endloop
  endfacet
  facet normal -0.467945 0.193821 0.862242
    outer loop
      vertex -0.0770245 0.0206385 0.44928
      vertex -0.0690584 0.0398712 0.44928
      vertex -0.0981312 0.0262938 0.436554
    endloop
  endfacet
  facet normal -0.467952 0.193844 0.862233
    outer loop
      vertex -0.0690584 0.0398712 0.44928
      vertex -0.0879812 0.0507965 0.436554
      vertex -0.0981312 0.0262938 0.436554
    endloop
  endfacet
  facet normal -0.278578 0.115386 0.953457
    outer loop
      vertex -0.0524406 0.0140514 0.45726
      vertex -0.0470171 0.0271454 0.45726
      vertex -0.0770245 0.0206385 0.44928
    endloop
  endfacet
  facet normal -0.278578 0.115386 0.953457
    outer loop
      vertex -0.0470171 0.0271454 0.45726
      vertex -0.0690584 0.0398712 0.44928
      vertex -0.0770245 0.0206385 0.44928
    endloop
  endfacet
  facet normal -0.0927531 0.0384219 0.994948
    outer loop
      vertex -0.0260725 0.00698566 0.459991
      vertex -0.0233755 0.0134964 0.459991
      vertex -0.0524406 0.0140514 0.45726
    endloop
  endfacet
  facet normal -0.0927532 0.0384181 0.994948
    outer loop
      vertex -0.0233755 0.0134964 0.459991
      vertex -0.0470171 0.0271454 0.45726
      vertex -0.0524406 0.0140514 0.45726
    endloop
  endfacet
  facet normal -0.923871 0.382703 0
    outer loop
      vertex -0.0260725 0.00698566 0.459991
      vertex -0.0233755 0.0134964 0.478999
      vertex -0.0233755 0.0134964 0.459991
    endloop
  endfacet
  facet normal -0.923871 0.382703 0
    outer loop
      vertex -0.0233755 0.0134964 0.478999
      vertex -0.0260725 0.00698566 0.459991
      vertex -0.0260725 0.00698566 0.478999
    endloop
  endfacet
  facet normal -0.179194 0.0742237 -0.98101
    outer loop
      vertex -0.11482 0.0662918 0.000900269
      vertex -0.123629 0.0331259 0
      vertex -0.128065 0.0343151 0.000900269
    endloop
  endfacet
  facet normal -0.179209 0.0742275 -0.981007
    outer loop
      vertex -0.11482 0.0662918 0.000900269
      vertex -0.110843 0.0639954 0
      vertex -0.123629 0.0331259 0
    endloop
  endfacet
  facet normal -0.444455 0.341055 -0.828336
    outer loop
      vertex -0.0965014 0.0965014 0.00350952
      vertex -0.11482 0.0662918 0.000900269
      vertex -0.11819 0.0682373 0.00350952
    endloop
  endfacet
  facet normal -0.444469 0.341062 -0.828326
    outer loop
      vertex -0.0965014 0.0965014 0.00350952
      vertex -0.09375 0.09375 0.000900269
      vertex -0.11482 0.0662918 0.000900269
    endloop
  endfacet
  facet normal -0.660638 0.506939 -0.553688
    outer loop
      vertex -0.0983467 0.0983467 0.00740051
      vertex -0.11819 0.0682373 0.00350952
      vertex -0.12045 0.0695419 0.00740051
    endloop
  endfacet
  facet normal -0.660623 0.506932 -0.553712
    outer loop
      vertex -0.0983467 0.0983467 0.00740051
      vertex -0.0965014 0.0965014 0.00350952
      vertex -0.11819 0.0682373 0.00350952
    endloop
  endfacet
  facet normal -0.778291 0.597213 -0.193906
    outer loop
      vertex -0.0989943 0.0989943 0.0119934
      vertex -0.12045 0.0695419 0.00740051
      vertex -0.121243 0.0699997 0.0119934
    endloop
  endfacet
  facet normal -0.778282 0.597213 -0.193945
    outer loop
      vertex -0.0989943 0.0989943 0.0119934
      vertex -0.0983467 0.0983467 0.00740051
      vertex -0.12045 0.0695419 0.00740051
    endloop
  endfacet
  facet normal -0.793178 0.608654 0.0202229
    outer loop
      vertex -0.114741 0.066246 0.37999
      vertex -0.0936852 0.0936852 0.37999
      vertex -0.121243 0.0699997 0.0119934
    endloop
  endfacet
  facet normal -0.793186 0.608643 0.0202242
    outer loop
      vertex -0.0936852 0.0936852 0.37999
      vertex -0.0989943 0.0989943 0.0119934
      vertex -0.121243 0.0699997 0.0119934
    endloop
  endfacet
  facet normal -0.781796 0.599943 0.169895
    outer loop
      vertex -0.111623 0.0644455 0.400696
      vertex -0.0911388 0.0911388 0.400696
      vertex -0.114741 0.066246 0.37999
    endloop
  endfacet
  facet normal -0.781803 0.599926 0.169923
    outer loop
      vertex -0.0911388 0.0911388 0.400696
      vertex -0.0936852 0.0936852 0.37999
      vertex -0.114741 0.066246 0.37999
    endloop
  endfacet
  facet normal -0.697832 0.535488 0.475692
    outer loop
      vertex -0.102505 0.0591812 0.419998
      vertex -0.0836945 0.0836945 0.419998
      vertex -0.111623 0.0644455 0.400696
    endloop
  endfacet
  facet normal -0.697831 0.53551 0.475669
    outer loop
      vertex -0.0836945 0.0836945 0.419998
      vertex -0.0911388 0.0911388 0.400696
      vertex -0.111623 0.0644455 0.400696
    endloop
  endfacet
  facet normal -0.559786 0.429543 0.708613
    outer loop
      vertex -0.0879812 0.0507965 0.436554
      vertex -0.0718365 0.0718365 0.436554
      vertex -0.102505 0.0591812 0.419998
    endloop
  endfacet
  facet normal -0.559787 0.429557 0.708604
    outer loop
      vertex -0.0718365 0.0718365 0.436554
      vertex -0.0836945 0.0836945 0.419998
      vertex -0.102505 0.0591812 0.419998
    endloop
  endfacet
  facet normal -0.401842 0.308348 0.862232
    outer loop
      vertex -0.0690584 0.0398712 0.44928
      vertex -0.056386 0.056386 0.44928
      vertex -0.0879812 0.0507965 0.436554
    endloop
  endfacet
  facet normal -0.401842 0.308347 0.862233
    outer loop
      vertex -0.056386 0.056386 0.44928
      vertex -0.0718365 0.0718365 0.436554
      vertex -0.0879812 0.0507965 0.436554
    endloop
  endfacet
  facet normal -0.239216 0.183561 0.953457
    outer loop
      vertex -0.0470171 0.0271454 0.45726
      vertex -0.0383892 0.0383892 0.45726
      vertex -0.0690584 0.0398712 0.44928
    endloop
  endfacet
  facet normal -0.239216 0.183559 0.953458
    outer loop
      vertex -0.0383892 0.0383892 0.45726
      vertex -0.056386 0.056386 0.44928
      vertex -0.0690584 0.0398712 0.44928
    endloop
  endfacet
  facet normal -0.0796451 0.0611227 0.994948
    outer loop
      vertex -0.0233755 0.0134964 0.459991
      vertex -0.0190859 0.0190859 0.459991
      vertex -0.0470171 0.0271454 0.45726
    endloop
  endfacet
  facet normal -0.0796468 0.0611168 0.994948
    outer loop
      vertex -0.0190859 0.0190859 0.459991
      vertex -0.0383892 0.0383892 0.45726
      vertex -0.0470171 0.0271454 0.45726
    endloop
  endfacet
  facet normal -0.79331 0.608817 0
    outer loop
      vertex -0.0233755 0.0134964 0.459991
      vertex -0.0190859 0.0190859 0.478999
      vertex -0.0190859 0.0190859 0.459991
    endloop
  endfacet
  facet normal -0.79331 0.608817 0
    outer loop
      vertex -0.0190859 0.0190859 0.478999
      vertex -0.0233755 0.0134964 0.459991
      vertex -0.0233755 0.0134964 0.478999
    endloop
  endfacet
  facet normal -0.153886 0.118084 -0.981007
    outer loop
      vertex -0.09375 0.09375 0.000900269
      vertex -0.110843 0.0639954 0
      vertex -0.11482 0.0662918 0.000900269
    endloop
  endfacet
  facet normal -0.153886 0.118084 -0.981007
    outer loop
      vertex -0.09375 0.09375 0.000900269
      vertex -0.0905027 0.0905027 0
      vertex -0.110843 0.0639954 0
    endloop
  endfacet
  facet normal -0.341064 0.444467 -0.828326
    outer loop
      vertex -0.0682373 0.11819 0.00350952
      vertex -0.09375 0.09375 0.000900269
      vertex -0.0965014 0.0965014 0.00350952
    endloop
  endfacet
  facet normal -0.341053 0.444457 -0.828336
    outer loop
      vertex -0.0682373 0.11819 0.00350952
      vertex -0.0662918 0.11482 0.000900269
      vertex -0.09375 0.09375 0.000900269
    endloop
  endfacet
  facet normal -0.506929 0.660625 -0.553712
    outer loop
      vertex -0.0695419 0.12045 0.00740051
      vertex -0.0965014 0.0965014 0.00350952
      vertex -0.0983467 0.0983467 0.00740051
    endloop
  endfacet
  facet normal -0.506942 0.660636 -0.553688
    outer loop
      vertex -0.0695419 0.12045 0.00740051
      vertex -0.0682373 0.11819 0.00350952
      vertex -0.0965014 0.0965014 0.00350952
    endloop
  endfacet
  facet normal -0.597209 0.778285 -0.193945
    outer loop
      vertex -0.0699997 0.121243 0.0119934
      vertex -0.0983467 0.0983467 0.00740051
      vertex -0.0989943 0.0989943 0.0119934
    endloop
  endfacet
  facet normal -0.597217 0.778288 -0.193906
    outer loop
      vertex -0.0699997 0.121243 0.0119934
      vertex -0.0695419 0.12045 0.00740051
      vertex -0.0983467 0.0983467 0.00740051
    endloop
  endfacet
  facet normal -0.608654 0.793178 0.0202243
    outer loop
      vertex -0.0936852 0.0936852 0.37999
      vertex -0.066246 0.114741 0.37999
      vertex -0.0989943 0.0989943 0.0119934
    endloop
  endfacet
  facet normal -0.608643 0.793186 0.0202229
    outer loop
      vertex -0.066246 0.114741 0.37999
      vertex -0.0699997 0.121243 0.0119934
      vertex -0.0989943 0.0989943 0.0119934
    endloop
  endfacet
  facet normal -0.59994 0.781792 0.169924
    outer loop
      vertex -0.0911388 0.0911388 0.400696
      vertex -0.0644455 0.111623 0.400696
      vertex -0.0936852 0.0936852 0.37999
    endloop
  endfacet
  facet normal -0.599929 0.781806 0.169895
    outer loop
      vertex -0.0644455 0.111623 0.400696
      vertex -0.066246 0.114741 0.37999
      vertex -0.0936852 0.0936852 0.37999
    endloop
  endfacet
  facet normal -0.535496 0.697843 0.475668
    outer loop
      vertex -0.0836945 0.0836945 0.419998
      vertex -0.0591812 0.102505 0.419998
      vertex -0.0911388 0.0911388 0.400696
    endloop
  endfacet
  facet normal -0.535502 0.697822 0.475691
    outer loop
      vertex -0.0591812 0.102505 0.419998
      vertex -0.0644455 0.111623 0.400696
      vertex -0.0911388 0.0911388 0.400696
    endloop
  endfacet
  facet normal -0.429549 0.559794 0.708603
    outer loop
      vertex -0.0718365 0.0718365 0.436554
      vertex -0.0507965 0.0879812 0.436554
      vertex -0.0836945 0.0836945 0.419998
    endloop
  endfacet
  facet normal -0.429552 0.55978 0.708613
    outer loop
      vertex -0.0507965 0.0879812 0.436554
      vertex -0.0591812 0.102505 0.419998
      vertex -0.0836945 0.0836945 0.419998
    endloop
  endfacet
  facet normal -0.308347 0.401841 0.862233
    outer loop
      vertex -0.056386 0.056386 0.44928
      vertex -0.0398712 0.0690584 0.44928
      vertex -0.0718365 0.0718365 0.436554
    endloop
  endfacet
  facet normal -0.308347 0.401842 0.862232
    outer loop
      vertex -0.0398712 0.0690584 0.44928
      vertex -0.0507965 0.0879812 0.436554
      vertex -0.0718365 0.0718365 0.436554
    endloop
  endfacet
  facet normal -0.18356 0.239214 0.953458
    outer loop
      vertex -0.0383892 0.0383892 0.45726
      vertex -0.0271454 0.0470171 0.45726
      vertex -0.056386 0.056386 0.44928
    endloop
  endfacet
  facet normal -0.18356 0.239217 0.953458
    outer loop
      vertex -0.0271454 0.0470171 0.45726
      vertex -0.0398712 0.0690584 0.44928
      vertex -0.056386 0.056386 0.44928
    endloop
  endfacet
  facet normal -0.0611209 0.0796427 0.994948
    outer loop
      vertex -0.0190859 0.0190859 0.459991
      vertex -0.0134964 0.0233755 0.459991
      vertex -0.0383892 0.0383892 0.45726
    endloop
  endfacet
  facet normal -0.0611177 0.079648 0.994948
    outer loop
      vertex -0.0134964 0.0233755 0.459991
      vertex -0.0271454 0.0470171 0.45726
      vertex -0.0383892 0.0383892 0.45726
    endloop
  endfacet
  facet normal -0.608817 0.79331 0
    outer loop
      vertex -0.0134964 0.0233755 0.459991
      vertex -0.0190859 0.0190859 0.478999
      vertex -0.0134964 0.0233755 0.478999
    endloop
  endfacet
  facet normal -0.608817 0.79331 0
    outer loop
      vertex -0.0190859 0.0190859 0.478999
      vertex -0.0134964 0.0233755 0.459991
      vertex -0.0190859 0.0190859 0.459991
    endloop
  endfacet
  facet normal -0.118084 0.153886 -0.981007
    outer loop
      vertex -0.0662918 0.11482 0.000900269
      vertex -0.0905027 0.0905027 0
      vertex -0.09375 0.09375 0.000900269
    endloop
  endfacet
  facet normal -0.118084 0.153886 -0.981007
    outer loop
      vertex -0.0662918 0.11482 0.000900269
      vertex -0.0639954 0.110843 0
      vertex -0.0905027 0.0905027 0
    endloop
  endfacet
  facet normal -0.214391 0.517581 -0.82834
    outer loop
      vertex -0.0353222 0.131824 0.00350952
      vertex -0.0662918 0.11482 0.000900269
      vertex -0.0682373 0.11819 0.00350952
    endloop
  endfacet
  facet normal -0.214376 0.517557 -0.828358
    outer loop
      vertex -0.0353222 0.131824 0.00350952
      vertex -0.0343151 0.128065 0.000900269
      vertex -0.0662918 0.11482 0.000900269
    endloop
  endfacet
  facet normal -0.318656 0.769337 -0.553695
    outer loop
      vertex -0.0359974 0.134344 0.00740051
      vertex -0.0682373 0.11819 0.00350952
      vertex -0.0695419 0.12045 0.00740051
    endloop
  endfacet
  facet normal -0.318695 0.769391 -0.553599
    outer loop
      vertex -0.0359974 0.134344 0.00740051
      vertex -0.0353222 0.131824 0.00350952
      vertex -0.0682373 0.11819 0.00350952
    endloop
  endfacet
  facet normal -0.375391 0.906356 -0.193907
    outer loop
      vertex -0.0362339 0.135228 0.0119934
      vertex -0.0695419 0.12045 0.00740051
      vertex -0.0699997 0.121243 0.0119934
    endloop
  endfacet
  facet normal -0.375416 0.906373 -0.193782
    outer loop
      vertex -0.0362339 0.135228 0.0119934
      vertex -0.0359974 0.134344 0.00740051
      vertex -0.0695419 0.12045 0.00740051
    endloop
  endfacet
  facet normal -0.382603 0.923691 0.0202231
    outer loop
      vertex -0.066246 0.114741 0.37999
      vertex -0.0342913 0.127977 0.37999
      vertex -0.0699997 0.121243 0.0119934
    endloop
  endfacet
  facet normal -0.382576 0.923703 0.0202202
    outer loop
      vertex -0.0342913 0.127977 0.37999
      vertex -0.0362339 0.135228 0.0119934
      vertex -0.0699997 0.121243 0.0119934
    endloop
  endfacet
  facet normal -0.37708 0.910466 0.169891
    outer loop
      vertex -0.0644455 0.111623 0.400696
      vertex -0.0333586 0.124498 0.400696
      vertex -0.066246 0.114741 0.37999
    endloop
  endfacet
  facet normal -0.377114 0.910439 0.169958
    outer loop
      vertex -0.0333586 0.124498 0.400696
      vertex -0.0342913 0.127977 0.37999
      vertex -0.066246 0.114741 0.37999
    endloop
  endfacet
  facet normal -0.336572 0.812673 0.47569
    outer loop
      vertex -0.0591812 0.102505 0.419998
      vertex -0.0306339 0.114328 0.419998
      vertex -0.0644455 0.111623 0.400696
    endloop
  endfacet
  facet normal -0.336576 0.812668 0.475697
    outer loop
      vertex -0.0306339 0.114328 0.419998
      vertex -0.0333586 0.124498 0.400696
      vertex -0.0644455 0.111623 0.400696
    endloop
  endfacet
  facet normal -0.270033 0.651877 0.708618
    outer loop
      vertex -0.0507965 0.0879812 0.436554
      vertex -0.0262938 0.0981312 0.436554
      vertex -0.0591812 0.102505 0.419998
    endloop
  endfacet
  facet normal -0.270003 0.651937 0.708573
    outer loop
      vertex -0.0262938 0.0981312 0.436554
      vertex -0.0306339 0.114328 0.419998
      vertex -0.0591812 0.102505 0.419998
    endloop
  endfacet
  facet normal -0.193827 0.467961 0.862232
    outer loop
      vertex -0.0398712 0.0690584 0.44928
      vertex -0.0206385 0.0770245 0.44928
      vertex -0.0507965 0.0879812 0.436554
    endloop
  endfacet
  facet normal -0.193839 0.467939 0.862241
    outer loop
      vertex -0.0206385 0.0770245 0.44928
      vertex -0.0262938 0.0981312 0.436554
      vertex -0.0507965 0.0879812 0.436554
    endloop
  endfacet
  facet normal -0.115386 0.278577 0.953457
    outer loop
      vertex -0.0271454 0.0470171 0.45726
      vertex -0.0140514 0.0524406 0.45726
      vertex -0.0398712 0.0690584 0.44928
    endloop
  endfacet
  facet normal -0.115386 0.278578 0.953457
    outer loop
      vertex -0.0140514 0.0524406 0.45726
      vertex -0.0206385 0.0770245 0.44928
      vertex -0.0398712 0.0690584 0.44928
    endloop
  endfacet
  facet normal -0.0384212 0.0927514 0.994948
    outer loop
      vertex -0.0134964 0.0233755 0.459991
      vertex -0.00698566 0.0260725 0.459991
      vertex -0.0271454 0.0470171 0.45726
    endloop
  endfacet
  facet normal -0.0384185 0.092754 0.994948
    outer loop
      vertex -0.00698566 0.0260725 0.459991
      vertex -0.0140514 0.0524406 0.45726
      vertex -0.0271454 0.0470171 0.45726
    endloop
  endfacet
  facet normal -0.382703 0.923871 0
    outer loop
      vertex -0.00698566 0.0260725 0.459991
      vertex -0.0134964 0.0233755 0.478999
      vertex -0.00698566 0.0260725 0.478999
    endloop
  endfacet
  facet normal -0.382703 0.923871 0
    outer loop
      vertex -0.0134964 0.0233755 0.478999
      vertex -0.00698566 0.0260725 0.459991
      vertex -0.0134964 0.0233755 0.459991
    endloop
  endfacet
  facet normal -0.0742293 0.179208 -0.981007
    outer loop
      vertex -0.0343151 0.128065 0.000900269
      vertex -0.0639954 0.110843 0
      vertex -0.0662918 0.11482 0.000900269
    endloop
  endfacet
  facet normal -0.0742217 0.179195 -0.98101
    outer loop
      vertex -0.0343151 0.128065 0.000900269
      vertex -0.0331259 0.123629 0
      vertex -0.0639954 0.110843 0
    endloop
  endfacet
  facet normal -0.0731316 0.555401 -0.828361
    outer loop
      vertex 0 0.136475 0.00350952
      vertex -0.0343151 0.128065 0.000900269
      vertex -0.0353222 0.131824 0.00350952
    endloop
  endfacet
  facet normal -0.0731492 0.55546 -0.82832
    outer loop
      vertex 0 0.136475 0.00350952
      vertex 0 0.132584 0.000900269
      vertex -0.0343151 0.128065 0.000900269
    endloop
  endfacet
  facet normal -0.108719 0.825655 -0.553601
    outer loop
      vertex 0 0.139084 0.00740051
      vertex -0.0353222 0.131824 0.00350952
      vertex -0.0359974 0.134344 0.00740051
    endloop
  endfacet
  facet normal -0.108716 0.825646 -0.553615
    outer loop
      vertex 0 0.139084 0.00740051
      vertex 0 0.136475 0.00350952
      vertex -0.0353222 0.131824 0.00350952
    endloop
  endfacet
  facet normal -0.12807 0.972645 -0.193801
    outer loop
      vertex 0 0.139999 0.0119934
      vertex -0.0359974 0.134344 0.00740051
      vertex -0.0362339 0.135228 0.0119934
    endloop
  endfacet
  facet normal -0.128075 0.972651 -0.193772
    outer loop
      vertex 0 0.139999 0.0119934
      vertex 0 0.139084 0.00740051
      vertex -0.0359974 0.134344 0.00740051
    endloop
  endfacet
  facet normal -0.130513 0.99124 0.0202203
    outer loop
      vertex -0.0342913 0.127977 0.37999
      vertex 0 0.132492 0.37999
      vertex -0.0362339 0.135228 0.0119934
    endloop
  endfacet
  facet normal -0.130406 0.991254 0.0202217
    outer loop
      vertex -0.00528336 0.137687 0.0912628
      vertex 0 0.132492 0.37999
      vertex 0 0.138365 0.0920992
    endloop
  endfacet
  facet normal -0.130687 0.991217 0.0202262
    outer loop
      vertex -0.0100508 0.137108 0.0888338
      vertex 0 0.132492 0.37999
      vertex -0.00528336 0.137687 0.0912628
    endloop
  endfacet
  facet normal -0.130527 0.991238 0.020221
    outer loop
      vertex -0.013834 0.136687 0.0850506
      vertex 0 0.132492 0.37999
      vertex -0.0100508 0.137108 0.0888338
    endloop
  endfacet
  facet normal -0.130254 0.991275 0.0202087
    outer loop
      vertex -0.016263 0.136465 0.0802841
      vertex 0 0.132492 0.37999
      vertex -0.013834 0.136687 0.0850506
    endloop
  endfacet
  facet normal -0.129655 0.991358 0.019959
    outer loop
      vertex -0.0362339 0.135228 0.0119934
      vertex -0.016263 0.136465 0.0802841
      vertex -0.0170994 0.136462 0.0749998
    endloop
  endfacet
  facet normal -0.130566 0.991234 0.0202107
    outer loop
      vertex 0 0.139999 0.0119934
      vertex -0.00528336 0.13835 0.0587368
      vertex 0 0.139063 0.0578995
    endloop
  endfacet
  facet normal -0.130519 0.99124 0.0202163
    outer loop
      vertex -0.0362339 0.135228 0.0119934
      vertex -0.00528336 0.13835 0.0587368
      vertex 0 0.139999 0.0119934
    endloop
  endfacet
  facet normal -0.130479 0.991245 0.0201895
    outer loop
      vertex -0.00528336 0.13835 0.0587368
      vertex -0.0362339 0.135228 0.0119934
      vertex -0.0100508 0.137673 0.0611649
    endloop
  endfacet
  facet normal -0.13064 0.991223 0.0202761
    outer loop
      vertex -0.0100508 0.137673 0.0611649
      vertex -0.0362339 0.135228 0.0119934
      vertex -0.013834 0.137097 0.0649481
    endloop
  endfacet
  facet normal -0.130555 0.991235 0.0202245
    outer loop
      vertex -0.016263 0.136465 0.0802841
      vertex -0.0362339 0.135228 0.0119934
      vertex 0 0.132492 0.37999
    endloop
  endfacet
  facet normal -0.130541 0.991236 0.0202306
    outer loop
      vertex -0.016263 0.13668 0.0697155
      vertex -0.0362339 0.135228 0.0119934
      vertex -0.0170994 0.136462 0.0749998
    endloop
  endfacet
  facet normal -0.130496 0.991243 0.0202149
    outer loop
      vertex -0.013834 0.137097 0.0649481
      vertex -0.0362339 0.135228 0.0119934
      vertex -0.016263 0.13668 0.0697155
    endloop
  endfacet
  facet normal -0.128664 0.977017 0.169953
    outer loop
      vertex -0.0333586 0.124498 0.400696
      vertex 0 0.128891 0.400696
      vertex -0.0342913 0.127977 0.37999
    endloop
  endfacet
  facet normal -0.128641 0.977026 0.169916
    outer loop
      vertex 0 0.128891 0.400696
      vertex 0 0.132492 0.37999
      vertex -0.0342913 0.127977 0.37999
    endloop
  endfacet
  facet normal -0.114839 0.872079 0.475699
    outer loop
      vertex -0.0306339 0.114328 0.419998
      vertex 0 0.118362 0.419998
      vertex -0.0333586 0.124498 0.400696
    endloop
  endfacet
  facet normal -0.114844 0.872075 0.475706
    outer loop
      vertex 0 0.118362 0.419998
      vertex 0 0.128891 0.400696
      vertex -0.0333586 0.124498 0.400696
    endloop
  endfacet
  facet normal -0.0921086 0.699603 0.70857
    outer loop
      vertex -0.0262938 0.0981312 0.436554
      vertex 0 0.101593 0.436554
      vertex -0.0306339 0.114328 0.419998
    endloop
  endfacet
  facet normal -0.0921243 0.699585 0.708586
    outer loop
      vertex 0 0.101593 0.436554
      vertex 0 0.118362 0.419998
      vertex -0.0306339 0.114328 0.419998
    endloop
  endfacet
  facet normal -0.0661297 0.502159 0.862243
    outer loop
      vertex -0.0206385 0.0770245 0.44928
      vertex 0 0.0797424 0.44928
      vertex -0.0262938 0.0981312 0.436554
    endloop
  endfacet
  facet normal -0.0661155 0.502174 0.862235
    outer loop
      vertex 0 0.0797424 0.44928
      vertex 0 0.101593 0.436554
      vertex -0.0262938 0.0981312 0.436554
    endloop
  endfacet
  facet normal -0.0393635 0.298948 0.953457
    outer loop
      vertex -0.0140514 0.0524406 0.45726
      vertex 0 0.0542908 0.45726
      vertex -0.0206385 0.0770245 0.44928
    endloop
  endfacet
  facet normal -0.0393681 0.298944 0.953458
    outer loop
      vertex 0 0.0542908 0.45726
      vertex 0 0.0797424 0.44928
      vertex -0.0206385 0.0770245 0.44928
    endloop
  endfacet
  facet normal -0.0131129 0.099535 0.994948
    outer loop
      vertex -0.00698566 0.0260725 0.459991
      vertex 0 0.0269928 0.459991
      vertex -0.0140514 0.0524406 0.45726
    endloop
  endfacet
  facet normal -0.0131066 0.0995385 0.994947
    outer loop
      vertex 0 0.0269928 0.459991
      vertex 0 0.0542908 0.45726
      vertex -0.0140514 0.0524406 0.45726
    endloop
  endfacet
  facet normal -0.130613 0.991433 0
    outer loop
      vertex 0 0.0269928 0.459991
      vertex -0.00698566 0.0260725 0.478999
      vertex 0 0.0269928 0.478999
    endloop
  endfacet
  facet normal -0.130613 0.991433 0
    outer loop
      vertex -0.00698566 0.0260725 0.478999
      vertex 0 0.0269928 0.459991
      vertex -0.00698566 0.0260725 0.459991
    endloop
  endfacet
  facet normal -0.0253246 0.192303 -0.981009
    outer loop
      vertex 0 0.132584 0.000900269
      vertex -0.0331259 0.123629 0
      vertex -0.0343151 0.128065 0.000900269
    endloop
  endfacet
  facet normal -0.0253203 0.192287 -0.981012
    outer loop
      vertex 0 0.132584 0.000900269
      vertex 0 0.127991 0
      vertex -0.0331259 0.123629 0
    endloop
  endfacet
  facet normal 0.0731394 0.55546 -0.82832
    outer loop
      vertex 0 0.136475 0.00350952
      vertex 0.0353222 0.131824 0.00350952
      vertex 0 0.132584 0.000900269
    endloop
  endfacet
  facet normal 0.0731411 0.555398 -0.828362
    outer loop
      vertex 0.0353222 0.131824 0.00350952
      vertex 0.0343151 0.128065 0.000900269
      vertex 0 0.132584 0.000900269
    endloop
  endfacet
  facet normal 0.108718 0.825646 -0.553615
    outer loop
      vertex 0 0.139084 0.00740051
      vertex 0.0359974 0.134344 0.00740051
      vertex 0 0.136475 0.00350952
    endloop
  endfacet
  facet normal 0.108717 0.825655 -0.553601
    outer loop
      vertex 0.0359974 0.134344 0.00740051
      vertex 0.0353222 0.131824 0.00350952
      vertex 0 0.136475 0.00350952
    endloop
  endfacet
  facet normal 0.128071 0.972651 -0.193772
    outer loop
      vertex 0 0.139999 0.0119934
      vertex 0.0362339 0.135228 0.0119934
      vertex 0 0.139084 0.00740051
    endloop
  endfacet
  facet normal 0.128074 0.972645 -0.193801
    outer loop
      vertex 0.0362339 0.135228 0.0119934
      vertex 0.0359974 0.134344 0.00740051
      vertex 0 0.139084 0.00740051
    endloop
  endfacet
  facet normal 0.13058 0.991232 0.0202107
    outer loop
      vertex 0.00434182 0.138477 0.0585876
      vertex 0 0.139999 0.0119934
      vertex 0 0.139063 0.0578995
    endloop
  endfacet
  facet normal 0.130513 0.99124 0.0202214
    outer loop
      vertex 0.0342913 0.127977 0.37999
      vertex 0 0.138365 0.0920992
      vertex 0 0.132492 0.37999
    endloop
  endfacet
  facet normal 0.130408 0.991254 0.0202343
    outer loop
      vertex 0.0342913 0.127977 0.37999
      vertex 0.00528336 0.137687 0.0912628
      vertex 0 0.138365 0.0920992
    endloop
  endfacet
  facet normal 0.130741 0.991211 0.0201994
    outer loop
      vertex 0.00528336 0.137687 0.0912628
      vertex 0.0342913 0.127977 0.37999
      vertex 0.00729129 0.137443 0.0902398
    endloop
  endfacet
  facet normal 0.13063 0.991225 0.0202102
    outer loop
      vertex 0.0342913 0.127977 0.37999
      vertex 0.0100508 0.137108 0.0888338
      vertex 0.00729129 0.137443 0.0902398
    endloop
  endfacet
  facet normal 0.130526 0.991239 0.0202194
    outer loop
      vertex 0.0342913 0.127977 0.37999
      vertex 0.013834 0.136687 0.0850506
      vertex 0.0100508 0.137108 0.0888338
    endloop
  endfacet
  facet normal 0.130306 0.991267 0.0202354
    outer loop
      vertex 0.0342913 0.127977 0.37999
      vertex 0.016263 0.136465 0.0802841
      vertex 0.013834 0.136687 0.0850506
    endloop
  endfacet
  facet normal 0.130541 0.991237 0.0202204
    outer loop
      vertex 0.0362339 0.135228 0.0119934
      vertex 0.016263 0.136465 0.0802841
      vertex 0.0342913 0.127977 0.37999
    endloop
  endfacet
  facet normal 0.131028 0.991169 0.020364
    outer loop
      vertex 0.016263 0.136465 0.0802841
      vertex 0.0362339 0.135228 0.0119934
      vertex 0.0170994 0.136463 0.0749998
    endloop
  endfacet
  facet normal 0.130176 0.991287 0.020103
    outer loop
      vertex 0.0362339 0.135228 0.0119934
      vertex 0.016263 0.13668 0.0697155
      vertex 0.0170994 0.136463 0.0749998
    endloop
  endfacet
  facet normal 0.130735 0.99121 0.0202983
    outer loop
      vertex 0.0362339 0.135228 0.0119934
      vertex 0.013834 0.137098 0.0649481
      vertex 0.016263 0.13668 0.0697155
    endloop
  endfacet
  facet normal 0.130472 0.991247 0.0201856
    outer loop
      vertex 0.0362339 0.135228 0.0119934
      vertex 0.0100508 0.137673 0.0611649
      vertex 0.013834 0.137098 0.0649481
    endloop
  endfacet
  facet normal 0.130479 0.991245 0.0201895
    outer loop
      vertex 0.0362339 0.135228 0.0119934
      vertex 0.00528336 0.13835 0.0587368
      vertex 0.0100508 0.137673 0.0611649
    endloop
  endfacet
  facet normal 0.130519 0.99124 0.0202163
    outer loop
      vertex 0 0.139999 0.0119934
      vertex 0.00528336 0.13835 0.0587368
      vertex 0.0362339 0.135228 0.0119934
    endloop
  endfacet
  facet normal 0.1305 0.991242 0.0202184
    outer loop
      vertex 0.00528336 0.13835 0.0587368
      vertex 0 0.139999 0.0119934
      vertex 0.00434182 0.138477 0.0585876
    endloop
  endfacet
  facet normal 0.128664 0.977023 0.169915
    outer loop
      vertex 0.0333586 0.124498 0.400696
      vertex 0 0.132492 0.37999
      vertex 0 0.128891 0.400696
    endloop
  endfacet
  facet normal 0.12864 0.97702 0.169952
    outer loop
      vertex 0.0333586 0.124498 0.400696
      vertex 0.0342913 0.127977 0.37999
      vertex 0 0.132492 0.37999
    endloop
  endfacet
  facet normal 0.114839 0.872075 0.475706
    outer loop
      vertex 0.0306339 0.114328 0.419998
      vertex 0 0.128891 0.400696
      vertex 0 0.118362 0.419998
    endloop
  endfacet
  facet normal 0.114844 0.872078 0.4757
    outer loop
      vertex 0.0306339 0.114328 0.419998
      vertex 0.0333586 0.124498 0.400696
      vertex 0 0.128891 0.400696
    endloop
  endfacet
  facet normal 0.0921064 0.699586 0.708587
    outer loop
      vertex 0.0262938 0.0981312 0.436554
      vertex 0 0.118362 0.419998
      vertex 0 0.101593 0.436554
    endloop
  endfacet
  facet normal 0.0921262 0.699599 0.708571
    outer loop
      vertex 0.0262938 0.0981312 0.436554
      vertex 0.0306339 0.114328 0.419998
      vertex 0 0.118362 0.419998
    endloop
  endfacet
  facet normal 0.0661316 0.502174 0.862234
    outer loop
      vertex 0.0206385 0.0770245 0.44928
      vertex 0 0.101593 0.436554
      vertex 0 0.0797424 0.44928
    endloop
  endfacet
  facet normal 0.066114 0.502163 0.862242
    outer loop
      vertex 0.0206385 0.0770245 0.44928
      vertex 0.0262938 0.0981312 0.436554
      vertex 0 0.101593 0.436554
    endloop
  endfacet
  facet normal 0.039363 0.298944 0.953459
    outer loop
      vertex 0.0140514 0.0524406 0.45726
      vertex 0 0.0797424 0.44928
      vertex 0 0.0542908 0.45726
    endloop
  endfacet
  facet normal 0.0393685 0.298946 0.953458
    outer loop
      vertex 0.0140514 0.0524406 0.45726
      vertex 0.0206385 0.0770245 0.44928
      vertex 0 0.0797424 0.44928
    endloop
  endfacet
  facet normal 0.0131133 0.0995385 0.994947
    outer loop
      vertex 0.00698566 0.0260725 0.459991
      vertex 0 0.0542908 0.45726
      vertex 0 0.0269928 0.459991
    endloop
  endfacet
  facet normal 0.0131064 0.0995368 0.994948
    outer loop
      vertex 0.00698566 0.0260725 0.459991
      vertex 0.0140514 0.0524406 0.45726
      vertex 0 0.0542908 0.45726
    endloop
  endfacet
  facet normal 0.130613 0.991433 -0
    outer loop
      vertex 0.00698566 0.0260725 0.459991
      vertex 0 0.0269928 0.478999
      vertex 0.00698566 0.0260725 0.478999
    endloop
  endfacet
  facet normal 0.130613 0.991433 0
    outer loop
      vertex 0 0.0269928 0.478999
      vertex 0.00698566 0.0260725 0.459991
      vertex 0 0.0269928 0.459991
    endloop
  endfacet
  facet normal 0.0253225 0.192287 -0.981012
    outer loop
      vertex 0 0.132584 0.000900269
      vertex 0.0343151 0.128065 0.000900269
      vertex 0 0.127991 0
    endloop
  endfacet
  facet normal 0.0253224 0.192304 -0.981009
    outer loop
      vertex 0.0343151 0.128065 0.000900269
      vertex 0.0331259 0.123629 0
      vertex 0 0.127991 0
    endloop
  endfacet
  facet normal 0.21438 0.517556 -0.828358
    outer loop
      vertex 0.0353222 0.131824 0.00350952
      vertex 0.0682373 0.11819 0.00350952
      vertex 0.0343151 0.128065 0.000900269
    endloop
  endfacet
  facet normal 0.214387 0.517583 -0.828339
    outer loop
      vertex 0.0682373 0.11819 0.00350952
      vertex 0.0662918 0.11482 0.000900269
      vertex 0.0343151 0.128065 0.000900269
    endloop
  endfacet
  facet normal 0.318681 0.769396 -0.5536
    outer loop
      vertex 0.0359974 0.134344 0.00740051
      vertex 0.0695419 0.12045 0.00740051
      vertex 0.0353222 0.131824 0.00350952
    endloop
  endfacet
  facet normal 0.31867 0.769331 -0.553696
    outer loop
      vertex 0.0695419 0.12045 0.00740051
      vertex 0.0682373 0.11819 0.00350952
      vertex 0.0353222 0.131824 0.00350952
    endloop
  endfacet
  facet normal 0.375401 0.906379 -0.193782
    outer loop
      vertex 0.0362339 0.135228 0.0119934
      vertex 0.0699997 0.121243 0.0119934
      vertex 0.0359974 0.134344 0.00740051
    endloop
  endfacet
  facet normal 0.375406 0.90635 -0.193908
    outer loop
      vertex 0.0699997 0.121243 0.0119934
      vertex 0.0695419 0.12045 0.00740051
      vertex 0.0359974 0.134344 0.00740051
    endloop
  endfacet
  facet normal 0.382603 0.923691 0.0202201
    outer loop
      vertex 0.066246 0.114741 0.37999
      vertex 0.0362339 0.135228 0.0119934
      vertex 0.0342913 0.127977 0.37999
    endloop
  endfacet
  facet normal 0.382576 0.923703 0.020223
    outer loop
      vertex 0.066246 0.114741 0.37999
      vertex 0.0699997 0.121243 0.0119934
      vertex 0.0362339 0.135228 0.0119934
    endloop
  endfacet
  facet normal 0.377075 0.910455 0.169959
    outer loop
      vertex 0.0644455 0.111623 0.400696
      vertex 0.0342913 0.127977 0.37999
      vertex 0.0333586 0.124498 0.400696
    endloop
  endfacet
  facet normal 0.377119 0.91045 0.169892
    outer loop
      vertex 0.0644455 0.111623 0.400696
      vertex 0.066246 0.114741 0.37999
      vertex 0.0342913 0.127977 0.37999
    endloop
  endfacet
  facet normal 0.336571 0.81267 0.475697
    outer loop
      vertex 0.0591812 0.102505 0.419998
      vertex 0.0333586 0.124498 0.400696
      vertex 0.0306339 0.114328 0.419998
    endloop
  endfacet
  facet normal 0.336577 0.812671 0.475691
    outer loop
      vertex 0.0591812 0.102505 0.419998
      vertex 0.0644455 0.111623 0.400696
      vertex 0.0333586 0.124498 0.400696
    endloop
  endfacet
  facet normal 0.270052 0.651921 0.70857
    outer loop
      vertex 0.0507965 0.0879812 0.436554
      vertex 0.0306339 0.114328 0.419998
      vertex 0.0262938 0.0981312 0.436554
    endloop
  endfacet
  facet normal 0.269987 0.651899 0.708614
    outer loop
      vertex 0.0507965 0.0879812 0.436554
      vertex 0.0591812 0.102505 0.419998
      vertex 0.0306339 0.114328 0.419998
    endloop
  endfacet
  facet normal 0.193821 0.467945 0.862242
    outer loop
      vertex 0.0398712 0.0690584 0.44928
      vertex 0.0262938 0.0981312 0.436554
      vertex 0.0206385 0.0770245 0.44928
    endloop
  endfacet
  facet normal 0.193844 0.467952 0.862233
    outer loop
      vertex 0.0398712 0.0690584 0.44928
      vertex 0.0507965 0.0879812 0.436554
      vertex 0.0262938 0.0981312 0.436554
    endloop
  endfacet
  facet normal 0.115386 0.278578 0.953457
    outer loop
      vertex 0.0271454 0.0470171 0.45726
      vertex 0.0206385 0.0770245 0.44928
      vertex 0.0140514 0.0524406 0.45726
    endloop
  endfacet
  facet normal 0.115386 0.278578 0.953457
    outer loop
      vertex 0.0271454 0.0470171 0.45726
      vertex 0.0398712 0.0690584 0.44928
      vertex 0.0206385 0.0770245 0.44928
    endloop
  endfacet
  facet normal 0.0384219 0.0927531 0.994948
    outer loop
      vertex 0.0134964 0.0233755 0.459991
      vertex 0.0140514 0.0524406 0.45726
      vertex 0.00698566 0.0260725 0.459991
    endloop
  endfacet
  facet normal 0.0384181 0.0927532 0.994948
    outer loop
      vertex 0.0271454 0.0470171 0.45726
      vertex 0.0140514 0.0524406 0.45726
      vertex 0.0134964 0.0233755 0.459991
    endloop
  endfacet
  facet normal 0.382703 0.923871 -0
    outer loop
      vertex 0.0134964 0.0233755 0.459991
      vertex 0.00698566 0.0260725 0.478999
      vertex 0.0134964 0.0233755 0.478999
    endloop
  endfacet
  facet normal 0.382703 0.923871 0
    outer loop
      vertex 0.00698566 0.0260725 0.478999
      vertex 0.0134964 0.0233755 0.459991
      vertex 0.00698566 0.0260725 0.459991
    endloop
  endfacet
  facet normal 0.0742237 0.179194 -0.98101
    outer loop
      vertex 0.0343151 0.128065 0.000900269
      vertex 0.0662918 0.11482 0.000900269
      vertex 0.0331259 0.123629 0
    endloop
  endfacet
  facet normal 0.0742275 0.179209 -0.981007
    outer loop
      vertex 0.0662918 0.11482 0.000900269
      vertex 0.0639954 0.110843 0
      vertex 0.0331259 0.123629 0
    endloop
  endfacet
  facet normal 0.341055 0.444455 -0.828336
    outer loop
      vertex 0.0682373 0.11819 0.00350952
      vertex 0.0965014 0.0965014 0.00350952
      vertex 0.0662918 0.11482 0.000900269
    endloop
  endfacet
  facet normal 0.341062 0.444469 -0.828326
    outer loop
      vertex 0.0965014 0.0965014 0.00350952
      vertex 0.09375 0.09375 0.000900269
      vertex 0.0662918 0.11482 0.000900269
    endloop
  endfacet
  facet normal 0.506939 0.660638 -0.553688
    outer loop
      vertex 0.0695419 0.12045 0.00740051
      vertex 0.0983467 0.0983467 0.00740051
      vertex 0.0682373 0.11819 0.00350952
    endloop
  endfacet
  facet normal 0.506932 0.660623 -0.553712
    outer loop
      vertex 0.0983467 0.0983467 0.00740051
      vertex 0.0965014 0.0965014 0.00350952
      vertex 0.0682373 0.11819 0.00350952
    endloop
  endfacet
  facet normal 0.597213 0.778291 -0.193906
    outer loop
      vertex 0.0699997 0.121243 0.0119934
      vertex 0.0989943 0.0989943 0.0119934
      vertex 0.0695419 0.12045 0.00740051
    endloop
  endfacet
  facet normal 0.597213 0.778282 -0.193945
    outer loop
      vertex 0.0989943 0.0989943 0.0119934
      vertex 0.0983467 0.0983467 0.00740051
      vertex 0.0695419 0.12045 0.00740051
    endloop
  endfacet
  facet normal 0.608654 0.793178 0.0202229
    outer loop
      vertex 0.0936852 0.0936852 0.37999
      vertex 0.0699997 0.121243 0.0119934
      vertex 0.066246 0.114741 0.37999
    endloop
  endfacet
  facet normal 0.608643 0.793186 0.0202242
    outer loop
      vertex 0.0936852 0.0936852 0.37999
      vertex 0.0989943 0.0989943 0.0119934
      vertex 0.0699997 0.121243 0.0119934
    endloop
  endfacet
  facet normal 0.599943 0.781796 0.169895
    outer loop
      vertex 0.0911388 0.0911388 0.400696
      vertex 0.066246 0.114741 0.37999
      vertex 0.0644455 0.111623 0.400696
    endloop
  endfacet
  facet normal 0.599926 0.781803 0.169923
    outer loop
      vertex 0.0911388 0.0911388 0.400696
      vertex 0.0936852 0.0936852 0.37999
      vertex 0.066246 0.114741 0.37999
    endloop
  endfacet
  facet normal 0.535488 0.697832 0.475692
    outer loop
      vertex 0.0836945 0.0836945 0.419998
      vertex 0.0644455 0.111623 0.400696
      vertex 0.0591812 0.102505 0.419998
    endloop
  endfacet
  facet normal 0.53551 0.697831 0.475669
    outer loop
      vertex 0.0836945 0.0836945 0.419998
      vertex 0.0911388 0.0911388 0.400696
      vertex 0.0644455 0.111623 0.400696
    endloop
  endfacet
  facet normal 0.429543 0.559786 0.708613
    outer loop
      vertex 0.0718365 0.0718365 0.436554
      vertex 0.0591812 0.102505 0.419998
      vertex 0.0507965 0.0879812 0.436554
    endloop
  endfacet
  facet normal 0.429557 0.559787 0.708604
    outer loop
      vertex 0.0718365 0.0718365 0.436554
      vertex 0.0836945 0.0836945 0.419998
      vertex 0.0591812 0.102505 0.419998
    endloop
  endfacet
  facet normal 0.308348 0.401842 0.862232
    outer loop
      vertex 0.056386 0.056386 0.44928
      vertex 0.0507965 0.0879812 0.436554
      vertex 0.0398712 0.0690584 0.44928
    endloop
  endfacet
  facet normal 0.308347 0.401842 0.862233
    outer loop
      vertex 0.056386 0.056386 0.44928
      vertex 0.0718365 0.0718365 0.436554
      vertex 0.0507965 0.0879812 0.436554
    endloop
  endfacet
  facet normal 0.183561 0.239216 0.953457
    outer loop
      vertex 0.0383892 0.0383892 0.45726
      vertex 0.0398712 0.0690584 0.44928
      vertex 0.0271454 0.0470171 0.45726
    endloop
  endfacet
  facet normal 0.183559 0.239216 0.953458
    outer loop
      vertex 0.056386 0.056386 0.44928
      vertex 0.0398712 0.0690584 0.44928
      vertex 0.0383892 0.0383892 0.45726
    endloop
  endfacet
  facet normal 0.0611227 0.0796451 0.994948
    outer loop
      vertex 0.0190859 0.0190859 0.459991
      vertex 0.0271454 0.0470171 0.45726
      vertex 0.0134964 0.0233755 0.459991
    endloop
  endfacet
  facet normal 0.0611168 0.0796468 0.994948
    outer loop
      vertex 0.0383892 0.0383892 0.45726
      vertex 0.0271454 0.0470171 0.45726
      vertex 0.0190859 0.0190859 0.459991
    endloop
  endfacet
  facet normal 0.608817 0.79331 -0
    outer loop
      vertex 0.0190859 0.0190859 0.459991
      vertex 0.0134964 0.0233755 0.478999
      vertex 0.0190859 0.0190859 0.478999
    endloop
  endfacet
  facet normal 0.608817 0.79331 0
    outer loop
      vertex 0.0134964 0.0233755 0.478999
      vertex 0.0190859 0.0190859 0.459991
      vertex 0.0134964 0.0233755 0.459991
    endloop
  endfacet
  facet normal 0.118084 0.153886 -0.981007
    outer loop
      vertex 0.0662918 0.11482 0.000900269
      vertex 0.09375 0.09375 0.000900269
      vertex 0.0639954 0.110843 0
    endloop
  endfacet
  facet normal 0.118084 0.153886 -0.981007
    outer loop
      vertex 0.09375 0.09375 0.000900269
      vertex 0.0905027 0.0905027 0
      vertex 0.0639954 0.110843 0
    endloop
  endfacet
  facet normal 0.444467 0.341064 -0.828326
    outer loop
      vertex 0.0965014 0.0965014 0.00350952
      vertex 0.11819 0.0682373 0.00350952
      vertex 0.09375 0.09375 0.000900269
    endloop
  endfacet
  facet normal 0.444457 0.341053 -0.828336
    outer loop
      vertex 0.11819 0.0682373 0.00350952
      vertex 0.11482 0.0662918 0.000900269
      vertex 0.09375 0.09375 0.000900269
    endloop
  endfacet
  facet normal 0.660625 0.506929 -0.553712
    outer loop
      vertex 0.0983467 0.0983467 0.00740051
      vertex 0.12045 0.0695419 0.00740051
      vertex 0.0965014 0.0965014 0.00350952
    endloop
  endfacet
  facet normal 0.660636 0.506942 -0.553688
    outer loop
      vertex 0.12045 0.0695419 0.00740051
      vertex 0.11819 0.0682373 0.00350952
      vertex 0.0965014 0.0965014 0.00350952
    endloop
  endfacet
  facet normal 0.778285 0.597209 -0.193945
    outer loop
      vertex 0.0989943 0.0989943 0.0119934
      vertex 0.121243 0.0699997 0.0119934
      vertex 0.0983467 0.0983467 0.00740051
    endloop
  endfacet
  facet normal 0.778288 0.597217 -0.193906
    outer loop
      vertex 0.121243 0.0699997 0.0119934
      vertex 0.12045 0.0695419 0.00740051
      vertex 0.0983467 0.0983467 0.00740051
    endloop
  endfacet
  facet normal 0.793178 0.608654 0.0202243
    outer loop
      vertex 0.114741 0.066246 0.37999
      vertex 0.0989943 0.0989943 0.0119934
      vertex 0.0936852 0.0936852 0.37999
    endloop
  endfacet
  facet normal 0.793186 0.608643 0.0202229
    outer loop
      vertex 0.114741 0.066246 0.37999
      vertex 0.121243 0.0699997 0.0119934
      vertex 0.0989943 0.0989943 0.0119934
    endloop
  endfacet
  facet normal 0.781792 0.59994 0.169924
    outer loop
      vertex 0.111623 0.0644455 0.400696
      vertex 0.0936852 0.0936852 0.37999
      vertex 0.0911388 0.0911388 0.400696
    endloop
  endfacet
  facet normal 0.781806 0.599929 0.169895
    outer loop
      vertex 0.111623 0.0644455 0.400696
      vertex 0.114741 0.066246 0.37999
      vertex 0.0936852 0.0936852 0.37999
    endloop
  endfacet
  facet normal 0.697843 0.535496 0.475668
    outer loop
      vertex 0.102505 0.0591812 0.419998
      vertex 0.0911388 0.0911388 0.400696
      vertex 0.0836945 0.0836945 0.419998
    endloop
  endfacet
  facet normal 0.697822 0.535502 0.475691
    outer loop
      vertex 0.102505 0.0591812 0.419998
      vertex 0.111623 0.0644455 0.400696
      vertex 0.0911388 0.0911388 0.400696
    endloop
  endfacet
  facet normal 0.559794 0.429549 0.708603
    outer loop
      vertex 0.0879812 0.0507965 0.436554
      vertex 0.0836945 0.0836945 0.419998
      vertex 0.0718365 0.0718365 0.436554
    endloop
  endfacet
  facet normal 0.55978 0.429552 0.708613
    outer loop
      vertex 0.0879812 0.0507965 0.436554
      vertex 0.102505 0.0591812 0.419998
      vertex 0.0836945 0.0836945 0.419998
    endloop
  endfacet
  facet normal 0.401841 0.308347 0.862233
    outer loop
      vertex 0.0690584 0.0398712 0.44928
      vertex 0.0718365 0.0718365 0.436554
      vertex 0.056386 0.056386 0.44928
    endloop
  endfacet
  facet normal 0.401842 0.308347 0.862232
    outer loop
      vertex 0.0879812 0.0507965 0.436554
      vertex 0.0718365 0.0718365 0.436554
      vertex 0.0690584 0.0398712 0.44928
    endloop
  endfacet
  facet normal 0.239214 0.18356 0.953458
    outer loop
      vertex 0.0470171 0.0271454 0.45726
      vertex 0.056386 0.056386 0.44928
      vertex 0.0383892 0.0383892 0.45726
    endloop
  endfacet
  facet normal 0.239217 0.18356 0.953458
    outer loop
      vertex 0.0690584 0.0398712 0.44928
      vertex 0.056386 0.056386 0.44928
      vertex 0.0470171 0.0271454 0.45726
    endloop
  endfacet
  facet normal 0.0796427 0.0611209 0.994948
    outer loop
      vertex 0.0233755 0.0134964 0.459991
      vertex 0.0383892 0.0383892 0.45726
      vertex 0.0190859 0.0190859 0.459991
    endloop
  endfacet
  facet normal 0.079648 0.0611177 0.994948
    outer loop
      vertex 0.0470171 0.0271454 0.45726
      vertex 0.0383892 0.0383892 0.45726
      vertex 0.0233755 0.0134964 0.459991
    endloop
  endfacet
  facet normal 0.79331 0.608817 0
    outer loop
      vertex 0.0233755 0.0134964 0.478999
      vertex 0.0190859 0.0190859 0.459991
      vertex 0.0190859 0.0190859 0.478999
    endloop
  endfacet
  facet normal 0.79331 0.608817 0
    outer loop
      vertex 0.0190859 0.0190859 0.459991
      vertex 0.0233755 0.0134964 0.478999
      vertex 0.0233755 0.0134964 0.459991
    endloop
  endfacet
  facet normal 0.153886 0.118084 -0.981007
    outer loop
      vertex 0.09375 0.09375 0.000900269
      vertex 0.11482 0.0662918 0.000900269
      vertex 0.0905027 0.0905027 0
    endloop
  endfacet
  facet normal 0.153886 0.118084 -0.981007
    outer loop
      vertex 0.11482 0.0662918 0.000900269
      vertex 0.110843 0.0639954 0
      vertex 0.0905027 0.0905027 0
    endloop
  endfacet
  facet normal 0.517581 0.214391 -0.82834
    outer loop
      vertex 0.11819 0.0682373 0.00350952
      vertex 0.131824 0.0353222 0.00350952
      vertex 0.11482 0.0662918 0.000900269
    endloop
  endfacet
  facet normal 0.517557 0.214376 -0.828358
    outer loop
      vertex 0.131824 0.0353222 0.00350952
      vertex 0.128065 0.0343151 0.000900269
      vertex 0.11482 0.0662918 0.000900269
    endloop
  endfacet
  facet normal 0.769337 0.318656 -0.553695
    outer loop
      vertex 0.12045 0.0695419 0.00740051
      vertex 0.134344 0.0359974 0.00740051
      vertex 0.11819 0.0682373 0.00350952
    endloop
  endfacet
  facet normal 0.769391 0.318695 -0.553599
    outer loop
      vertex 0.134344 0.0359974 0.00740051
      vertex 0.131824 0.0353222 0.00350952
      vertex 0.11819 0.0682373 0.00350952
    endloop
  endfacet
  facet normal 0.906356 0.375391 -0.193907
    outer loop
      vertex 0.121243 0.0699997 0.0119934
      vertex 0.135228 0.0362339 0.0119934
      vertex 0.12045 0.0695419 0.00740051
    endloop
  endfacet
  facet normal 0.906373 0.375416 -0.193782
    outer loop
      vertex 0.135228 0.0362339 0.0119934
      vertex 0.134344 0.0359974 0.00740051
      vertex 0.12045 0.0695419 0.00740051
    endloop
  endfacet
  facet normal 0.923691 0.382603 0.0202231
    outer loop
      vertex 0.127977 0.0342913 0.37999
      vertex 0.121243 0.0699997 0.0119934
      vertex 0.114741 0.066246 0.37999
    endloop
  endfacet
  facet normal 0.923703 0.382576 0.0202202
    outer loop
      vertex 0.127977 0.0342913 0.37999
      vertex 0.135228 0.0362339 0.0119934
      vertex 0.121243 0.0699997 0.0119934
    endloop
  endfacet
  facet normal 0.910466 0.37708 0.169891
    outer loop
      vertex 0.124498 0.0333586 0.400696
      vertex 0.114741 0.066246 0.37999
      vertex 0.111623 0.0644455 0.400696
    endloop
  endfacet
  facet normal 0.910439 0.377114 0.169958
    outer loop
      vertex 0.124498 0.0333586 0.400696
      vertex 0.127977 0.0342913 0.37999
      vertex 0.114741 0.066246 0.37999
    endloop
  endfacet
  facet normal 0.812673 0.336572 0.47569
    outer loop
      vertex 0.114328 0.0306339 0.419998
      vertex 0.111623 0.0644455 0.400696
      vertex 0.102505 0.0591812 0.419998
    endloop
  endfacet
  facet normal 0.812668 0.336576 0.475697
    outer loop
      vertex 0.114328 0.0306339 0.419998
      vertex 0.124498 0.0333586 0.400696
      vertex 0.111623 0.0644455 0.400696
    endloop
  endfacet
  facet normal 0.651877 0.270033 0.708618
    outer loop
      vertex 0.0981312 0.0262938 0.436554
      vertex 0.102505 0.0591812 0.419998
      vertex 0.0879812 0.0507965 0.436554
    endloop
  endfacet
  facet normal 0.651937 0.270003 0.708573
    outer loop
      vertex 0.114328 0.0306339 0.419998
      vertex 0.102505 0.0591812 0.419998
      vertex 0.0981312 0.0262938 0.436554
    endloop
  endfacet
  facet normal 0.467961 0.193827 0.862232
    outer loop
      vertex 0.0770245 0.0206385 0.44928
      vertex 0.0879812 0.0507965 0.436554
      vertex 0.0690584 0.0398712 0.44928
    endloop
  endfacet
  facet normal 0.467939 0.193839 0.862241
    outer loop
      vertex 0.0981312 0.0262938 0.436554
      vertex 0.0879812 0.0507965 0.436554
      vertex 0.0770245 0.0206385 0.44928
    endloop
  endfacet
  facet normal 0.278577 0.115386 0.953457
    outer loop
      vertex 0.0524406 0.0140514 0.45726
      vertex 0.0690584 0.0398712 0.44928
      vertex 0.0470171 0.0271454 0.45726
    endloop
  endfacet
  facet normal 0.278578 0.115386 0.953457
    outer loop
      vertex 0.0770245 0.0206385 0.44928
      vertex 0.0690584 0.0398712 0.44928
      vertex 0.0524406 0.0140514 0.45726
    endloop
  endfacet
  facet normal 0.0927514 0.0384212 0.994948
    outer loop
      vertex 0.0260725 0.00698566 0.459991
      vertex 0.0470171 0.0271454 0.45726
      vertex 0.0233755 0.0134964 0.459991
    endloop
  endfacet
  facet normal 0.092754 0.0384185 0.994948
    outer loop
      vertex 0.0524406 0.0140514 0.45726
      vertex 0.0470171 0.0271454 0.45726
      vertex 0.0260725 0.00698566 0.459991
    endloop
  endfacet
  facet normal 0.923871 0.382703 0
    outer loop
      vertex 0.0260725 0.00698566 0.478999
      vertex 0.0233755 0.0134964 0.459991
      vertex 0.0233755 0.0134964 0.478999
    endloop
  endfacet
  facet normal 0.923871 0.382703 0
    outer loop
      vertex 0.0233755 0.0134964 0.459991
      vertex 0.0260725 0.00698566 0.478999
      vertex 0.0260725 0.00698566 0.459991
    endloop
  endfacet
  facet normal 0.179208 0.0742293 -0.981007
    outer loop
      vertex 0.11482 0.0662918 0.000900269
      vertex 0.128065 0.0343151 0.000900269
      vertex 0.110843 0.0639954 0
    endloop
  endfacet
  facet normal 0.179195 0.0742217 -0.98101
    outer loop
      vertex 0.128065 0.0343151 0.000900269
      vertex 0.123629 0.0331259 0
      vertex 0.110843 0.0639954 0
    endloop
  endfacet
  facet normal 0.555401 0.0731316 -0.828361
    outer loop
      vertex 0.131824 0.0353222 0.00350952
      vertex 0.136475 0 0.00350952
      vertex 0.128065 0.0343151 0.000900269
    endloop
  endfacet
  facet normal 0.55546 0.0731492 -0.82832
    outer loop
      vertex 0.136475 0 0.00350952
      vertex 0.132584 0 0.000900269
      vertex 0.128065 0.0343151 0.000900269
    endloop
  endfacet
  facet normal 0.825655 0.108719 -0.553601
    outer loop
      vertex 0.134344 0.0359974 0.00740051
      vertex 0.139084 0 0.00740051
      vertex 0.131824 0.0353222 0.00350952
    endloop
  endfacet
  facet normal 0.825646 0.108716 -0.553615
    outer loop
      vertex 0.139084 0 0.00740051
      vertex 0.136475 0 0.00350952
      vertex 0.131824 0.0353222 0.00350952
    endloop
  endfacet
  facet normal 0.972645 0.12807 -0.193801
    outer loop
      vertex 0.135228 0.0362339 0.0119934
      vertex 0.139999 0 0.0119934
      vertex 0.134344 0.0359974 0.00740051
    endloop
  endfacet
  facet normal 0.972651 0.128075 -0.193772
    outer loop
      vertex 0.139999 0 0.0119934
      vertex 0.139084 0 0.00740051
      vertex 0.134344 0.0359974 0.00740051
    endloop
  endfacet
  facet normal 0.99124 0.130513 0.0202203
    outer loop
      vertex 0.132492 0 0.37999
      vertex 0.135228 0.0362339 0.0119934
      vertex 0.127977 0.0342913 0.37999
    endloop
  endfacet
  facet normal 0.99124 0.130519 0.0202209
    outer loop
      vertex 0.139999 0 0.0119934
      vertex 0.135228 0.0362339 0.0119934
      vertex 0.132492 0 0.37999
    endloop
  endfacet
  facet normal 0.977017 0.128664 0.169953
    outer loop
      vertex 0.128891 0 0.400696
      vertex 0.127977 0.0342913 0.37999
      vertex 0.124498 0.0333586 0.400696
    endloop
  endfacet
  facet normal 0.977026 0.128641 0.169916
    outer loop
      vertex 0.128891 0 0.400696
      vertex 0.132492 0 0.37999
      vertex 0.127977 0.0342913 0.37999
    endloop
  endfacet
  facet normal 0.872079 0.114839 0.475699
    outer loop
      vertex 0.118362 0 0.419998
      vertex 0.124498 0.0333586 0.400696
      vertex 0.114328 0.0306339 0.419998
    endloop
  endfacet
  facet normal 0.872075 0.114844 0.475706
    outer loop
      vertex 0.128891 0 0.400696
      vertex 0.124498 0.0333586 0.400696
      vertex 0.118362 0 0.419998
    endloop
  endfacet
  facet normal 0.699603 0.0921086 0.70857
    outer loop
      vertex 0.101593 0 0.436554
      vertex 0.114328 0.0306339 0.419998
      vertex 0.0981312 0.0262938 0.436554
    endloop
  endfacet
  facet normal 0.699585 0.0921243 0.708586
    outer loop
      vertex 0.118362 0 0.419998
      vertex 0.114328 0.0306339 0.419998
      vertex 0.101593 0 0.436554
    endloop
  endfacet
  facet normal 0.502159 0.0661297 0.862243
    outer loop
      vertex 0.0797424 0 0.44928
      vertex 0.0981312 0.0262938 0.436554
      vertex 0.0770245 0.0206385 0.44928
    endloop
  endfacet
  facet normal 0.502174 0.0661155 0.862235
    outer loop
      vertex 0.101593 0 0.436554
      vertex 0.0981312 0.0262938 0.436554
      vertex 0.0797424 0 0.44928
    endloop
  endfacet
  facet normal 0.298948 0.0393635 0.953457
    outer loop
      vertex 0.0542908 0 0.45726
      vertex 0.0770245 0.0206385 0.44928
      vertex 0.0524406 0.0140514 0.45726
    endloop
  endfacet
  facet normal 0.298944 0.0393681 0.953458
    outer loop
      vertex 0.0797424 0 0.44928
      vertex 0.0770245 0.0206385 0.44928
      vertex 0.0542908 0 0.45726
    endloop
  endfacet
  facet normal 0.099535 0.0131129 0.994948
    outer loop
      vertex 0.0269928 0 0.459991
      vertex 0.0524406 0.0140514 0.45726
      vertex 0.0260725 0.00698566 0.459991
    endloop
  endfacet
  facet normal 0.0995385 0.0131066 0.994947
    outer loop
      vertex 0.0542908 0 0.45726
      vertex 0.0524406 0.0140514 0.45726
      vertex 0.0269928 0 0.459991
    endloop
  endfacet
  facet normal 0.991433 0.130613 0
    outer loop
      vertex 0.0269928 0 0.478999
      vertex 0.0260725 0.00698566 0.459991
      vertex 0.0260725 0.00698566 0.478999
    endloop
  endfacet
  facet normal 0.991433 0.130613 0
    outer loop
      vertex 0.0260725 0.00698566 0.459991
      vertex 0.0269928 0 0.478999
      vertex 0.0269928 0 0.459991
    endloop
  endfacet
  facet normal 0.192303 0.0253246 -0.981009
    outer loop
      vertex 0.128065 0.0343151 0.000900269
      vertex 0.132584 0 0.000900269
      vertex 0.123629 0.0331259 0
    endloop
  endfacet
  facet normal 0.192287 0.0253203 -0.981012
    outer loop
      vertex 0.132584 0 0.000900269
      vertex 0.127991 0 0
      vertex 0.123629 0.0331259 0
    endloop
  endfacet
  facet normal 0.55546 -0.0731394 -0.82832
    outer loop
      vertex 0.132584 0 0.000900269
      vertex 0.136475 0 0.00350952
      vertex 0.131824 -0.0353222 0.00350952
    endloop
  endfacet
  facet normal 0.555398 -0.0731411 -0.828362
    outer loop
      vertex 0.132584 0 0.000900269
      vertex 0.131824 -0.0353222 0.00350952
      vertex 0.128065 -0.0343151 0.000900269
    endloop
  endfacet
  facet normal 0.825646 -0.108718 -0.553615
    outer loop
      vertex 0.136475 0 0.00350952
      vertex 0.139084 0 0.00740051
      vertex 0.134344 -0.0359974 0.00740051
    endloop
  endfacet
  facet normal 0.825655 -0.108717 -0.553601
    outer loop
      vertex 0.136475 0 0.00350952
      vertex 0.134344 -0.0359974 0.00740051
      vertex 0.131824 -0.0353222 0.00350952
    endloop
  endfacet
  facet normal 0.972651 -0.128071 -0.193772
    outer loop
      vertex 0.139084 0 0.00740051
      vertex 0.139999 0 0.0119934
      vertex 0.135228 -0.0362339 0.0119934
    endloop
  endfacet
  facet normal 0.972645 -0.128074 -0.193801
    outer loop
      vertex 0.139084 0 0.00740051
      vertex 0.135228 -0.0362339 0.0119934
      vertex 0.134344 -0.0359974 0.00740051
    endloop
  endfacet
  facet normal 0.99124 -0.130513 0.020221
    outer loop
      vertex 0.139999 0 0.0119934
      vertex 0.132492 0 0.37999
      vertex 0.127977 -0.0342913 0.37999
    endloop
  endfacet
  facet normal 0.99124 -0.130519 0.0202204
    outer loop
      vertex 0.135228 -0.0362339 0.0119934
      vertex 0.139999 0 0.0119934
      vertex 0.127977 -0.0342913 0.37999
    endloop
  endfacet
  facet normal 0.977023 -0.128664 0.169915
    outer loop
      vertex 0.132492 0 0.37999
      vertex 0.128891 0 0.400696
      vertex 0.124498 -0.0333586 0.400696
    endloop
  endfacet
  facet normal 0.97702 -0.12864 0.169952
    outer loop
      vertex 0.127977 -0.0342913 0.37999
      vertex 0.132492 0 0.37999
      vertex 0.124498 -0.0333586 0.400696
    endloop
  endfacet
  facet normal 0.872075 -0.114839 0.475706
    outer loop
      vertex 0.128891 0 0.400696
      vertex 0.118362 0 0.419998
      vertex 0.114328 -0.0306339 0.419998
    endloop
  endfacet
  facet normal 0.872078 -0.114844 0.4757
    outer loop
      vertex 0.124498 -0.0333586 0.400696
      vertex 0.128891 0 0.400696
      vertex 0.114328 -0.0306339 0.419998
    endloop
  endfacet
  facet normal 0.699586 -0.0921064 0.708587
    outer loop
      vertex 0.118362 0 0.419998
      vertex 0.101593 0 0.436554
      vertex 0.0981312 -0.0262938 0.436554
    endloop
  endfacet
  facet normal 0.699599 -0.0921262 0.708571
    outer loop
      vertex 0.114328 -0.0306339 0.419998
      vertex 0.118362 0 0.419998
      vertex 0.0981312 -0.0262938 0.436554
    endloop
  endfacet
  facet normal 0.502174 -0.0661316 0.862234
    outer loop
      vertex 0.101593 0 0.436554
      vertex 0.0797424 0 0.44928
      vertex 0.0770245 -0.0206385 0.44928
    endloop
  endfacet
  facet normal 0.502163 -0.066114 0.862242
    outer loop
      vertex 0.0981312 -0.0262938 0.436554
      vertex 0.101593 0 0.436554
      vertex 0.0770245 -0.0206385 0.44928
    endloop
  endfacet
  facet normal 0.298944 -0.039363 0.953459
    outer loop
      vertex 0.0797424 0 0.44928
      vertex 0.0542908 0 0.45726
      vertex 0.0524406 -0.0140514 0.45726
    endloop
  endfacet
  facet normal 0.298946 -0.0393685 0.953458
    outer loop
      vertex 0.0770245 -0.0206385 0.44928
      vertex 0.0797424 0 0.44928
      vertex 0.0524406 -0.0140514 0.45726
    endloop
  endfacet
  facet normal 0.0995385 -0.0131133 0.994947
    outer loop
      vertex 0.0542908 0 0.45726
      vertex 0.0269928 0 0.459991
      vertex 0.0260725 -0.00698566 0.459991
    endloop
  endfacet
  facet normal 0.0995368 -0.0131064 0.994948
    outer loop
      vertex 0.0524406 -0.0140514 0.45726
      vertex 0.0542908 0 0.45726
      vertex 0.0260725 -0.00698566 0.459991
    endloop
  endfacet
  facet normal 0.991433 -0.130613 0
    outer loop
      vertex 0.0260725 -0.00698566 0.478999
      vertex 0.0269928 0 0.459991
      vertex 0.0269928 0 0.478999
    endloop
  endfacet
  facet normal 0.991433 -0.130613 0
    outer loop
      vertex 0.0269928 0 0.459991
      vertex 0.0260725 -0.00698566 0.478999
      vertex 0.0260725 -0.00698566 0.459991
    endloop
  endfacet
  facet normal 0.192287 -0.0253225 -0.981012
    outer loop
      vertex 0.132584 0 0.000900269
      vertex 0.128065 -0.0343151 0.000900269
      vertex 0.127991 0 0
    endloop
  endfacet
  facet normal 0.192304 -0.0253224 -0.981009
    outer loop
      vertex 0.127991 0 0
      vertex 0.128065 -0.0343151 0.000900269
      vertex 0.123629 -0.0331259 0
    endloop
  endfacet
  facet normal 0.517556 -0.21438 -0.828358
    outer loop
      vertex 0.128065 -0.0343151 0.000900269
      vertex 0.131824 -0.0353222 0.00350952
      vertex 0.11819 -0.0682373 0.00350952
    endloop
  endfacet
  facet normal 0.517583 -0.214387 -0.828339
    outer loop
      vertex 0.128065 -0.0343151 0.000900269
      vertex 0.11819 -0.0682373 0.00350952
      vertex 0.11482 -0.0662918 0.000900269
    endloop
  endfacet
  facet normal 0.769396 -0.318681 -0.5536
    outer loop
      vertex 0.131824 -0.0353222 0.00350952
      vertex 0.134344 -0.0359974 0.00740051
      vertex 0.12045 -0.0695419 0.00740051
    endloop
  endfacet
  facet normal 0.769331 -0.31867 -0.553696
    outer loop
      vertex 0.131824 -0.0353222 0.00350952
      vertex 0.12045 -0.0695419 0.00740051
      vertex 0.11819 -0.0682373 0.00350952
    endloop
  endfacet
  facet normal 0.906379 -0.375401 -0.193782
    outer loop
      vertex 0.134344 -0.0359974 0.00740051
      vertex 0.135228 -0.0362339 0.0119934
      vertex 0.121243 -0.0699997 0.0119934
    endloop
  endfacet
  facet normal 0.90635 -0.375406 -0.193908
    outer loop
      vertex 0.134344 -0.0359974 0.00740051
      vertex 0.121243 -0.0699997 0.0119934
      vertex 0.12045 -0.0695419 0.00740051
    endloop
  endfacet
  facet normal 0.923691 -0.382603 0.0202201
    outer loop
      vertex 0.135228 -0.0362339 0.0119934
      vertex 0.127977 -0.0342913 0.37999
      vertex 0.114741 -0.066246 0.37999
    endloop
  endfacet
  facet normal 0.923703 -0.382576 0.020223
    outer loop
      vertex 0.121243 -0.0699997 0.0119934
      vertex 0.135228 -0.0362339 0.0119934
      vertex 0.114741 -0.066246 0.37999
    endloop
  endfacet
  facet normal 0.910455 -0.377075 0.169959
    outer loop
      vertex 0.127977 -0.0342913 0.37999
      vertex 0.124498 -0.0333586 0.400696
      vertex 0.111623 -0.0644455 0.400696
    endloop
  endfacet
  facet normal 0.91045 -0.377119 0.169892
    outer loop
      vertex 0.114741 -0.066246 0.37999
      vertex 0.127977 -0.0342913 0.37999
      vertex 0.111623 -0.0644455 0.400696
    endloop
  endfacet
  facet normal 0.81267 -0.336571 0.475697
    outer loop
      vertex 0.124498 -0.0333586 0.400696
      vertex 0.114328 -0.0306339 0.419998
      vertex 0.102505 -0.0591812 0.419998
    endloop
  endfacet
  facet normal 0.812671 -0.336577 0.475691
    outer loop
      vertex 0.111623 -0.0644455 0.400696
      vertex 0.124498 -0.0333586 0.400696
      vertex 0.102505 -0.0591812 0.419998
    endloop
  endfacet
  facet normal 0.651921 -0.270052 0.70857
    outer loop
      vertex 0.114328 -0.0306339 0.419998
      vertex 0.0981312 -0.0262938 0.436554
      vertex 0.0879812 -0.0507965 0.436554
    endloop
  endfacet
  facet normal 0.651899 -0.269987 0.708614
    outer loop
      vertex 0.102505 -0.0591812 0.419998
      vertex 0.114328 -0.0306339 0.419998
      vertex 0.0879812 -0.0507965 0.436554
    endloop
  endfacet
  facet normal 0.467945 -0.193821 0.862242
    outer loop
      vertex 0.0981312 -0.0262938 0.436554
      vertex 0.0770245 -0.0206385 0.44928
      vertex 0.0690584 -0.0398712 0.44928
    endloop
  endfacet
  facet normal 0.467952 -0.193844 0.862233
    outer loop
      vertex 0.0879812 -0.0507965 0.436554
      vertex 0.0981312 -0.0262938 0.436554
      vertex 0.0690584 -0.0398712 0.44928
    endloop
  endfacet
  facet normal 0.278578 -0.115386 0.953457
    outer loop
      vertex 0.0770245 -0.0206385 0.44928
      vertex 0.0524406 -0.0140514 0.45726
      vertex 0.0470171 -0.0271454 0.45726
    endloop
  endfacet
  facet normal 0.278578 -0.115386 0.953457
    outer loop
      vertex 0.0690584 -0.0398712 0.44928
      vertex 0.0770245 -0.0206385 0.44928
      vertex 0.0470171 -0.0271454 0.45726
    endloop
  endfacet
  facet normal 0.0927531 -0.0384219 0.994948
    outer loop
      vertex 0.0524406 -0.0140514 0.45726
      vertex 0.0260725 -0.00698566 0.459991
      vertex 0.0233755 -0.0134964 0.459991
    endloop
  endfacet
  facet normal 0.0927532 -0.0384181 0.994948
    outer loop
      vertex 0.0470171 -0.0271454 0.45726
      vertex 0.0524406 -0.0140514 0.45726
      vertex 0.0233755 -0.0134964 0.459991
    endloop
  endfacet
  facet normal 0.923871 -0.382703 0
    outer loop
      vertex 0.0233755 -0.0134964 0.478999
      vertex 0.0260725 -0.00698566 0.459991
      vertex 0.0260725 -0.00698566 0.478999
    endloop
  endfacet
  facet normal 0.923871 -0.382703 0
    outer loop
      vertex 0.0260725 -0.00698566 0.459991
      vertex 0.0233755 -0.0134964 0.478999
      vertex 0.0233755 -0.0134964 0.459991
    endloop
  endfacet
  facet normal 0.179194 -0.0742237 -0.98101
    outer loop
      vertex 0.123629 -0.0331259 0
      vertex 0.128065 -0.0343151 0.000900269
      vertex 0.11482 -0.0662918 0.000900269
    endloop
  endfacet
  facet normal 0.179209 -0.0742275 -0.981007
    outer loop
      vertex 0.123629 -0.0331259 0
      vertex 0.11482 -0.0662918 0.000900269
      vertex 0.110843 -0.0639954 0
    endloop
  endfacet
  facet normal 0.444455 -0.341055 -0.828336
    outer loop
      vertex 0.11482 -0.0662918 0.000900269
      vertex 0.11819 -0.0682373 0.00350952
      vertex 0.0965014 -0.0965014 0.00350952
    endloop
  endfacet
  facet normal 0.444469 -0.341062 -0.828326
    outer loop
      vertex 0.11482 -0.0662918 0.000900269
      vertex 0.0965014 -0.0965014 0.00350952
      vertex 0.09375 -0.09375 0.000900269
    endloop
  endfacet
  facet normal 0.660638 -0.506939 -0.553688
    outer loop
      vertex 0.11819 -0.0682373 0.00350952
      vertex 0.12045 -0.0695419 0.00740051
      vertex 0.0983467 -0.0983467 0.00740051
    endloop
  endfacet
  facet normal 0.660623 -0.506932 -0.553712
    outer loop
      vertex 0.11819 -0.0682373 0.00350952
      vertex 0.0983467 -0.0983467 0.00740051
      vertex 0.0965014 -0.0965014 0.00350952
    endloop
  endfacet
  facet normal 0.778291 -0.597213 -0.193906
    outer loop
      vertex 0.12045 -0.0695419 0.00740051
      vertex 0.121243 -0.0699997 0.0119934
      vertex 0.0989943 -0.0989943 0.0119934
    endloop
  endfacet
  facet normal 0.778282 -0.597213 -0.193945
    outer loop
      vertex 0.12045 -0.0695419 0.00740051
      vertex 0.0989943 -0.0989943 0.0119934
      vertex 0.0983467 -0.0983467 0.00740051
    endloop
  endfacet
  facet normal 0.793178 -0.608654 0.0202229
    outer loop
      vertex 0.121243 -0.0699997 0.0119934
      vertex 0.114741 -0.066246 0.37999
      vertex 0.0936852 -0.0936852 0.37999
    endloop
  endfacet
  facet normal 0.793186 -0.608643 0.0202242
    outer loop
      vertex 0.0989943 -0.0989943 0.0119934
      vertex 0.121243 -0.0699997 0.0119934
      vertex 0.0936852 -0.0936852 0.37999
    endloop
  endfacet
  facet normal 0.781796 -0.599943 0.169895
    outer loop
      vertex 0.114741 -0.066246 0.37999
      vertex 0.111623 -0.0644455 0.400696
      vertex 0.0911388 -0.0911388 0.400696
    endloop
  endfacet
  facet normal 0.781803 -0.599926 0.169923
    outer loop
      vertex 0.0936852 -0.0936852 0.37999
      vertex 0.114741 -0.066246 0.37999
      vertex 0.0911388 -0.0911388 0.400696
    endloop
  endfacet
  facet normal 0.697832 -0.535488 0.475692
    outer loop
      vertex 0.111623 -0.0644455 0.400696
      vertex 0.102505 -0.0591812 0.419998
      vertex 0.0836945 -0.0836945 0.419998
    endloop
  endfacet
  facet normal 0.697831 -0.53551 0.475669
    outer loop
      vertex 0.0911388 -0.0911388 0.400696
      vertex 0.111623 -0.0644455 0.400696
      vertex 0.0836945 -0.0836945 0.419998
    endloop
  endfacet
  facet normal 0.559786 -0.429543 0.708613
    outer loop
      vertex 0.102505 -0.0591812 0.419998
      vertex 0.0879812 -0.0507965 0.436554
      vertex 0.0718365 -0.0718365 0.436554
    endloop
  endfacet
  facet normal 0.559787 -0.429557 0.708604
    outer loop
      vertex 0.0836945 -0.0836945 0.419998
      vertex 0.102505 -0.0591812 0.419998
      vertex 0.0718365 -0.0718365 0.436554
    endloop
  endfacet
  facet normal 0.401842 -0.308348 0.862232
    outer loop
      vertex 0.0879812 -0.0507965 0.436554
      vertex 0.0690584 -0.0398712 0.44928
      vertex 0.056386 -0.056386 0.44928
    endloop
  endfacet
  facet normal 0.401842 -0.308347 0.862233
    outer loop
      vertex 0.0718365 -0.0718365 0.436554
      vertex 0.0879812 -0.0507965 0.436554
      vertex 0.056386 -0.056386 0.44928
    endloop
  endfacet
  facet normal 0.239216 -0.183561 0.953457
    outer loop
      vertex 0.0690584 -0.0398712 0.44928
      vertex 0.0470171 -0.0271454 0.45726
      vertex 0.0383892 -0.0383892 0.45726
    endloop
  endfacet
  facet normal 0.239216 -0.183559 0.953458
    outer loop
      vertex 0.056386 -0.056386 0.44928
      vertex 0.0690584 -0.0398712 0.44928
      vertex 0.0383892 -0.0383892 0.45726
    endloop
  endfacet
  facet normal 0.0796451 -0.0611227 0.994948
    outer loop
      vertex 0.0470171 -0.0271454 0.45726
      vertex 0.0233755 -0.0134964 0.459991
      vertex 0.0190859 -0.0190859 0.459991
    endloop
  endfacet
  facet normal 0.0796468 -0.0611168 0.994948
    outer loop
      vertex 0.0383892 -0.0383892 0.45726
      vertex 0.0470171 -0.0271454 0.45726
      vertex 0.0190859 -0.0190859 0.459991
    endloop
  endfacet
  facet normal 0.79331 -0.608817 0
    outer loop
      vertex 0.0190859 -0.0190859 0.478999
      vertex 0.0233755 -0.0134964 0.459991
      vertex 0.0233755 -0.0134964 0.478999
    endloop
  endfacet
  facet normal 0.79331 -0.608817 0
    outer loop
      vertex 0.0233755 -0.0134964 0.459991
      vertex 0.0190859 -0.0190859 0.478999
      vertex 0.0190859 -0.0190859 0.459991
    endloop
  endfacet
  facet normal 0.153886 -0.118084 -0.981007
    outer loop
      vertex 0.110843 -0.0639954 0
      vertex 0.11482 -0.0662918 0.000900269
      vertex 0.09375 -0.09375 0.000900269
    endloop
  endfacet
  facet normal 0.153886 -0.118084 -0.981007
    outer loop
      vertex 0.110843 -0.0639954 0
      vertex 0.09375 -0.09375 0.000900269
      vertex 0.0905027 -0.0905027 0
    endloop
  endfacet
  facet normal 0.341064 -0.444467 -0.828326
    outer loop
      vertex 0.09375 -0.09375 0.000900269
      vertex 0.0965014 -0.0965014 0.00350952
      vertex 0.0682373 -0.11819 0.00350952
    endloop
  endfacet
  facet normal 0.341053 -0.444457 -0.828336
    outer loop
      vertex 0.09375 -0.09375 0.000900269
      vertex 0.0682373 -0.11819 0.00350952
      vertex 0.0662918 -0.11482 0.000900269
    endloop
  endfacet
  facet normal 0.506929 -0.660625 -0.553712
    outer loop
      vertex 0.0965014 -0.0965014 0.00350952
      vertex 0.0983467 -0.0983467 0.00740051
      vertex 0.0695419 -0.12045 0.00740051
    endloop
  endfacet
  facet normal 0.506942 -0.660636 -0.553688
    outer loop
      vertex 0.0965014 -0.0965014 0.00350952
      vertex 0.0695419 -0.12045 0.00740051
      vertex 0.0682373 -0.11819 0.00350952
    endloop
  endfacet
  facet normal 0.597209 -0.778285 -0.193945
    outer loop
      vertex 0.0983467 -0.0983467 0.00740051
      vertex 0.0989943 -0.0989943 0.0119934
      vertex 0.0699997 -0.121243 0.0119934
    endloop
  endfacet
  facet normal 0.597217 -0.778288 -0.193906
    outer loop
      vertex 0.0983467 -0.0983467 0.00740051
      vertex 0.0699997 -0.121243 0.0119934
      vertex 0.0695419 -0.12045 0.00740051
    endloop
  endfacet
  facet normal 0.608654 -0.793178 0.0202243
    outer loop
      vertex 0.0989943 -0.0989943 0.0119934
      vertex 0.0936852 -0.0936852 0.37999
      vertex 0.066246 -0.114741 0.37999
    endloop
  endfacet
  facet normal 0.608643 -0.793186 0.0202229
    outer loop
      vertex 0.0699997 -0.121243 0.0119934
      vertex 0.0989943 -0.0989943 0.0119934
      vertex 0.066246 -0.114741 0.37999
    endloop
  endfacet
  facet normal 0.59994 -0.781792 0.169924
    outer loop
      vertex 0.0936852 -0.0936852 0.37999
      vertex 0.0911388 -0.0911388 0.400696
      vertex 0.0644455 -0.111623 0.400696
    endloop
  endfacet
  facet normal 0.599929 -0.781806 0.169895
    outer loop
      vertex 0.066246 -0.114741 0.37999
      vertex 0.0936852 -0.0936852 0.37999
      vertex 0.0644455 -0.111623 0.400696
    endloop
  endfacet
  facet normal 0.535496 -0.697843 0.475668
    outer loop
      vertex 0.0911388 -0.0911388 0.400696
      vertex 0.0836945 -0.0836945 0.419998
      vertex 0.0591812 -0.102505 0.419998
    endloop
  endfacet
  facet normal 0.535502 -0.697822 0.475691
    outer loop
      vertex 0.0644455 -0.111623 0.400696
      vertex 0.0911388 -0.0911388 0.400696
      vertex 0.0591812 -0.102505 0.419998
    endloop
  endfacet
  facet normal 0.429549 -0.559794 0.708603
    outer loop
      vertex 0.0836945 -0.0836945 0.419998
      vertex 0.0718365 -0.0718365 0.436554
      vertex 0.0507965 -0.0879812 0.436554
    endloop
  endfacet
  facet normal 0.429552 -0.55978 0.708613
    outer loop
      vertex 0.0591812 -0.102505 0.419998
      vertex 0.0836945 -0.0836945 0.419998
      vertex 0.0507965 -0.0879812 0.436554
    endloop
  endfacet
  facet normal 0.308347 -0.401841 0.862233
    outer loop
      vertex 0.0718365 -0.0718365 0.436554
      vertex 0.056386 -0.056386 0.44928
      vertex 0.0398712 -0.0690584 0.44928
    endloop
  endfacet
  facet normal 0.308347 -0.401842 0.862232
    outer loop
      vertex 0.0507965 -0.0879812 0.436554
      vertex 0.0718365 -0.0718365 0.436554
      vertex 0.0398712 -0.0690584 0.44928
    endloop
  endfacet
  facet normal 0.18356 -0.239214 0.953458
    outer loop
      vertex 0.056386 -0.056386 0.44928
      vertex 0.0383892 -0.0383892 0.45726
      vertex 0.0271454 -0.0470171 0.45726
    endloop
  endfacet
  facet normal 0.18356 -0.239217 0.953458
    outer loop
      vertex 0.0398712 -0.0690584 0.44928
      vertex 0.056386 -0.056386 0.44928
      vertex 0.0271454 -0.0470171 0.45726
    endloop
  endfacet
  facet normal 0.0611209 -0.0796427 0.994948
    outer loop
      vertex 0.0383892 -0.0383892 0.45726
      vertex 0.0190859 -0.0190859 0.459991
      vertex 0.0134964 -0.0233755 0.459991
    endloop
  endfacet
  facet normal 0.0611177 -0.079648 0.994948
    outer loop
      vertex 0.0271454 -0.0470171 0.45726
      vertex 0.0383892 -0.0383892 0.45726
      vertex 0.0134964 -0.0233755 0.459991
    endloop
  endfacet
  facet normal 0.608817 -0.79331 0
    outer loop
      vertex 0.0134964 -0.0233755 0.459991
      vertex 0.0190859 -0.0190859 0.478999
      vertex 0.0134964 -0.0233755 0.478999
    endloop
  endfacet
  facet normal 0.608817 -0.79331 0
    outer loop
      vertex 0.0190859 -0.0190859 0.478999
      vertex 0.0134964 -0.0233755 0.459991
      vertex 0.0190859 -0.0190859 0.459991
    endloop
  endfacet
  facet normal 0.118084 -0.153886 -0.981007
    outer loop
      vertex 0.0905027 -0.0905027 0
      vertex 0.09375 -0.09375 0.000900269
      vertex 0.0662918 -0.11482 0.000900269
    endloop
  endfacet
  facet normal 0.118084 -0.153886 -0.981007
    outer loop
      vertex 0.0905027 -0.0905027 0
      vertex 0.0662918 -0.11482 0.000900269
      vertex 0.0639954 -0.110843 0
    endloop
  endfacet
  facet normal 0.214391 -0.517581 -0.82834
    outer loop
      vertex 0.0662918 -0.11482 0.000900269
      vertex 0.0682373 -0.11819 0.00350952
      vertex 0.0353222 -0.131824 0.00350952
    endloop
  endfacet
  facet normal 0.214376 -0.517557 -0.828358
    outer loop
      vertex 0.0662918 -0.11482 0.000900269
      vertex 0.0353222 -0.131824 0.00350952
      vertex 0.0343151 -0.128065 0.000900269
    endloop
  endfacet
  facet normal 0.318656 -0.769337 -0.553695
    outer loop
      vertex 0.0682373 -0.11819 0.00350952
      vertex 0.0695419 -0.12045 0.00740051
      vertex 0.0359974 -0.134344 0.00740051
    endloop
  endfacet
  facet normal 0.318695 -0.769391 -0.553599
    outer loop
      vertex 0.0682373 -0.11819 0.00350952
      vertex 0.0359974 -0.134344 0.00740051
      vertex 0.0353222 -0.131824 0.00350952
    endloop
  endfacet
  facet normal 0.375391 -0.906356 -0.193907
    outer loop
      vertex 0.0695419 -0.12045 0.00740051
      vertex 0.0699997 -0.121243 0.0119934
      vertex 0.0362339 -0.135228 0.0119934
    endloop
  endfacet
  facet normal 0.375416 -0.906373 -0.193782
    outer loop
      vertex 0.0695419 -0.12045 0.00740051
      vertex 0.0362339 -0.135228 0.0119934
      vertex 0.0359974 -0.134344 0.00740051
    endloop
  endfacet
  facet normal 0.382603 -0.923691 0.0202231
    outer loop
      vertex 0.0699997 -0.121243 0.0119934
      vertex 0.066246 -0.114741 0.37999
      vertex 0.0342913 -0.127977 0.37999
    endloop
  endfacet
  facet normal 0.382576 -0.923703 0.0202202
    outer loop
      vertex 0.0362339 -0.135228 0.0119934
      vertex 0.0699997 -0.121243 0.0119934
      vertex 0.0342913 -0.127977 0.37999
    endloop
  endfacet
  facet normal 0.37708 -0.910466 0.169891
    outer loop
      vertex 0.066246 -0.114741 0.37999
      vertex 0.0644455 -0.111623 0.400696
      vertex 0.0333586 -0.124498 0.400696
    endloop
  endfacet
  facet normal 0.377114 -0.910439 0.169958
    outer loop
      vertex 0.0342913 -0.127977 0.37999
      vertex 0.066246 -0.114741 0.37999
      vertex 0.0333586 -0.124498 0.400696
    endloop
  endfacet
  facet normal 0.336572 -0.812673 0.47569
    outer loop
      vertex 0.0644455 -0.111623 0.400696
      vertex 0.0591812 -0.102505 0.419998
      vertex 0.0306339 -0.114328 0.419998
    endloop
  endfacet
  facet normal 0.336576 -0.812668 0.475697
    outer loop
      vertex 0.0333586 -0.124498 0.400696
      vertex 0.0644455 -0.111623 0.400696
      vertex 0.0306339 -0.114328 0.419998
    endloop
  endfacet
  facet normal 0.270033 -0.651877 0.708618
    outer loop
      vertex 0.0591812 -0.102505 0.419998
      vertex 0.0507965 -0.0879812 0.436554
      vertex 0.0262938 -0.0981312 0.436554
    endloop
  endfacet
  facet normal 0.270003 -0.651937 0.708573
    outer loop
      vertex 0.0306339 -0.114328 0.419998
      vertex 0.0591812 -0.102505 0.419998
      vertex 0.0262938 -0.0981312 0.436554
    endloop
  endfacet
  facet normal 0.193827 -0.467961 0.862232
    outer loop
      vertex 0.0507965 -0.0879812 0.436554
      vertex 0.0398712 -0.0690584 0.44928
      vertex 0.0206385 -0.0770245 0.44928
    endloop
  endfacet
  facet normal 0.193839 -0.467939 0.862241
    outer loop
      vertex 0.0262938 -0.0981312 0.436554
      vertex 0.0507965 -0.0879812 0.436554
      vertex 0.0206385 -0.0770245 0.44928
    endloop
  endfacet
  facet normal 0.115386 -0.278577 0.953457
    outer loop
      vertex 0.0398712 -0.0690584 0.44928
      vertex 0.0271454 -0.0470171 0.45726
      vertex 0.0140514 -0.0524406 0.45726
    endloop
  endfacet
  facet normal 0.115386 -0.278578 0.953457
    outer loop
      vertex 0.0206385 -0.0770245 0.44928
      vertex 0.0398712 -0.0690584 0.44928
      vertex 0.0140514 -0.0524406 0.45726
    endloop
  endfacet
  facet normal 0.0384212 -0.0927514 0.994948
    outer loop
      vertex 0.0271454 -0.0470171 0.45726
      vertex 0.0134964 -0.0233755 0.459991
      vertex 0.00698566 -0.0260725 0.459991
    endloop
  endfacet
  facet normal 0.0384185 -0.092754 0.994948
    outer loop
      vertex 0.0140514 -0.0524406 0.45726
      vertex 0.0271454 -0.0470171 0.45726
      vertex 0.00698566 -0.0260725 0.459991
    endloop
  endfacet
  facet normal 0.382703 -0.923871 0
    outer loop
      vertex 0.00698566 -0.0260725 0.459991
      vertex 0.0134964 -0.0233755 0.478999
      vertex 0.00698566 -0.0260725 0.478999
    endloop
  endfacet
  facet normal 0.382703 -0.923871 0
    outer loop
      vertex 0.0134964 -0.0233755 0.478999
      vertex 0.00698566 -0.0260725 0.459991
      vertex 0.0134964 -0.0233755 0.459991
    endloop
  endfacet
  facet normal 0.0742293 -0.179208 -0.981007
    outer loop
      vertex 0.0639954 -0.110843 0
      vertex 0.0662918 -0.11482 0.000900269
      vertex 0.0343151 -0.128065 0.000900269
    endloop
  endfacet
  facet normal 0.0742217 -0.179195 -0.98101
    outer loop
      vertex 0.0639954 -0.110843 0
      vertex 0.0343151 -0.128065 0.000900269
      vertex 0.0331259 -0.123629 0
    endloop
  endfacet
  facet normal 0.0731316 -0.555401 -0.828361
    outer loop
      vertex 0.0343151 -0.128065 0.000900269
      vertex 0.0353222 -0.131824 0.00350952
      vertex 0 -0.136475 0.00350952
    endloop
  endfacet
  facet normal 0.0731492 -0.55546 -0.82832
    outer loop
      vertex 0 -0.132584 0.000900269
      vertex 0.0343151 -0.128065 0.000900269
      vertex 0 -0.136475 0.00350952
    endloop
  endfacet
  facet normal 0.108719 -0.825655 -0.553601
    outer loop
      vertex 0.0353222 -0.131824 0.00350952
      vertex 0.0359974 -0.134344 0.00740051
      vertex 0 -0.139084 0.00740051
    endloop
  endfacet
  facet normal 0.108716 -0.825646 -0.553615
    outer loop
      vertex 0 -0.136475 0.00350952
      vertex 0.0353222 -0.131824 0.00350952
      vertex 0 -0.139084 0.00740051
    endloop
  endfacet
  facet normal 0.12807 -0.972645 -0.193801
    outer loop
      vertex 0.0359974 -0.134344 0.00740051
      vertex 0.0362339 -0.135228 0.0119934
      vertex 0 -0.139999 0.0119934
    endloop
  endfacet
  facet normal 0.128075 -0.972651 -0.193772
    outer loop
      vertex 0 -0.139084 0.00740051
      vertex 0.0359974 -0.134344 0.00740051
      vertex 0 -0.139999 0.0119934
    endloop
  endfacet
  facet normal 0.130513 -0.99124 0.0202203
    outer loop
      vertex 0.0362339 -0.135228 0.0119934
      vertex 0.0342913 -0.127977 0.37999
      vertex 0 -0.132492 0.37999
    endloop
  endfacet
  facet normal 0.130519 -0.99124 0.0202209
    outer loop
      vertex 0.0362339 -0.135228 0.0119934
      vertex 0 -0.132492 0.37999
      vertex 0 -0.139999 0.0119934
    endloop
  endfacet
  facet normal 0.128664 -0.977017 0.169953
    outer loop
      vertex 0.0342913 -0.127977 0.37999
      vertex 0.0333586 -0.124498 0.400696
      vertex 0 -0.128891 0.400696
    endloop
  endfacet
  facet normal 0.128641 -0.977026 0.169916
    outer loop
      vertex 0.0342913 -0.127977 0.37999
      vertex 0 -0.128891 0.400696
      vertex 0 -0.132492 0.37999
    endloop
  endfacet
  facet normal 0.114839 -0.872079 0.475699
    outer loop
      vertex 0.0333586 -0.124498 0.400696
      vertex 0.0306339 -0.114328 0.419998
      vertex 0 -0.118362 0.419998
    endloop
  endfacet
  facet normal 0.114844 -0.872075 0.475706
    outer loop
      vertex 0.0333586 -0.124498 0.400696
      vertex 0 -0.118362 0.419998
      vertex 0 -0.128891 0.400696
    endloop
  endfacet
  facet normal 0.0921086 -0.699603 0.70857
    outer loop
      vertex 0.0306339 -0.114328 0.419998
      vertex 0.0262938 -0.0981312 0.436554
      vertex 0 -0.101593 0.436554
    endloop
  endfacet
  facet normal 0.0921243 -0.699585 0.708586
    outer loop
      vertex 0.0306339 -0.114328 0.419998
      vertex 0 -0.101593 0.436554
      vertex 0 -0.118362 0.419998
    endloop
  endfacet
  facet normal 0.0661297 -0.502159 0.862243
    outer loop
      vertex 0.0262938 -0.0981312 0.436554
      vertex 0.0206385 -0.0770245 0.44928
      vertex 0 -0.0797424 0.44928
    endloop
  endfacet
  facet normal 0.0661155 -0.502174 0.862235
    outer loop
      vertex 0.0262938 -0.0981312 0.436554
      vertex 0 -0.0797424 0.44928
      vertex 0 -0.101593 0.436554
    endloop
  endfacet
  facet normal 0.0393635 -0.298948 0.953457
    outer loop
      vertex 0.0206385 -0.0770245 0.44928
      vertex 0.0140514 -0.0524406 0.45726
      vertex 0 -0.0542908 0.45726
    endloop
  endfacet
  facet normal 0.0393681 -0.298944 0.953458
    outer loop
      vertex 0.0206385 -0.0770245 0.44928
      vertex 0 -0.0542908 0.45726
      vertex 0 -0.0797424 0.44928
    endloop
  endfacet
  facet normal 0.0131129 -0.099535 0.994948
    outer loop
      vertex 0.0140514 -0.0524406 0.45726
      vertex 0.00698566 -0.0260725 0.459991
      vertex 0 -0.0269928 0.459991
    endloop
  endfacet
  facet normal 0.0131066 -0.0995385 0.994947
    outer loop
      vertex 0.0140514 -0.0524406 0.45726
      vertex 0 -0.0269928 0.459991
      vertex 0 -0.0542908 0.45726
    endloop
  endfacet
  facet normal 0.130613 -0.991433 0
    outer loop
      vertex 0 -0.0269928 0.459991
      vertex 0.00698566 -0.0260725 0.478999
      vertex 0 -0.0269928 0.478999
    endloop
  endfacet
  facet normal 0.130613 -0.991433 0
    outer loop
      vertex 0.00698566 -0.0260725 0.478999
      vertex 0 -0.0269928 0.459991
      vertex 0.00698566 -0.0260725 0.459991
    endloop
  endfacet
  facet normal 0.0253246 -0.192303 -0.981009
    outer loop
      vertex 0.0331259 -0.123629 0
      vertex 0.0343151 -0.128065 0.000900269
      vertex 0 -0.132584 0.000900269
    endloop
  endfacet
  facet normal 0.0253203 -0.192287 -0.981012
    outer loop
      vertex 0 -0.127991 0
      vertex 0.0331259 -0.123629 0
      vertex 0 -0.132584 0.000900269
    endloop
  endfacet
  facet normal -0.0731394 -0.55546 -0.82832
    outer loop
      vertex 0 -0.132584 0.000900269
      vertex 0 -0.136475 0.00350952
      vertex -0.0353222 -0.131824 0.00350952
    endloop
  endfacet
  facet normal -0.0731411 -0.555398 -0.828362
    outer loop
      vertex -0.0343151 -0.128065 0.000900269
      vertex 0 -0.132584 0.000900269
      vertex -0.0353222 -0.131824 0.00350952
    endloop
  endfacet
  facet normal -0.108718 -0.825646 -0.553615
    outer loop
      vertex 0 -0.136475 0.00350952
      vertex 0 -0.139084 0.00740051
      vertex -0.0359974 -0.134344 0.00740051
    endloop
  endfacet
  facet normal -0.108717 -0.825655 -0.553601
    outer loop
      vertex -0.0353222 -0.131824 0.00350952
      vertex 0 -0.136475 0.00350952
      vertex -0.0359974 -0.134344 0.00740051
    endloop
  endfacet
  facet normal -0.128071 -0.972651 -0.193772
    outer loop
      vertex 0 -0.139084 0.00740051
      vertex 0 -0.139999 0.0119934
      vertex -0.0362339 -0.135228 0.0119934
    endloop
  endfacet
  facet normal -0.128074 -0.972645 -0.193801
    outer loop
      vertex -0.0359974 -0.134344 0.00740051
      vertex 0 -0.139084 0.00740051
      vertex -0.0362339 -0.135228 0.0119934
    endloop
  endfacet
  facet normal -0.130513 -0.99124 0.020221
    outer loop
      vertex 0 -0.139999 0.0119934
      vertex 0 -0.132492 0.37999
      vertex -0.0342913 -0.127977 0.37999
    endloop
  endfacet
  facet normal -0.130519 -0.99124 0.0202204
    outer loop
      vertex 0 -0.139999 0.0119934
      vertex -0.0342913 -0.127977 0.37999
      vertex -0.0362339 -0.135228 0.0119934
    endloop
  endfacet
  facet normal -0.128664 -0.977023 0.169915
    outer loop
      vertex 0 -0.132492 0.37999
      vertex 0 -0.128891 0.400696
      vertex -0.0333586 -0.124498 0.400696
    endloop
  endfacet
  facet normal -0.12864 -0.97702 0.169952
    outer loop
      vertex 0 -0.132492 0.37999
      vertex -0.0333586 -0.124498 0.400696
      vertex -0.0342913 -0.127977 0.37999
    endloop
  endfacet
  facet normal -0.114839 -0.872075 0.475706
    outer loop
      vertex 0 -0.128891 0.400696
      vertex 0 -0.118362 0.419998
      vertex -0.0306339 -0.114328 0.419998
    endloop
  endfacet
  facet normal -0.114844 -0.872078 0.4757
    outer loop
      vertex 0 -0.128891 0.400696
      vertex -0.0306339 -0.114328 0.419998
      vertex -0.0333586 -0.124498 0.400696
    endloop
  endfacet
  facet normal -0.0921064 -0.699586 0.708587
    outer loop
      vertex 0 -0.118362 0.419998
      vertex 0 -0.101593 0.436554
      vertex -0.0262938 -0.0981312 0.436554
    endloop
  endfacet
  facet normal -0.0921262 -0.699599 0.708571
    outer loop
      vertex 0 -0.118362 0.419998
      vertex -0.0262938 -0.0981312 0.436554
      vertex -0.0306339 -0.114328 0.419998
    endloop
  endfacet
  facet normal -0.0661316 -0.502174 0.862234
    outer loop
      vertex 0 -0.101593 0.436554
      vertex 0 -0.0797424 0.44928
      vertex -0.0206385 -0.0770245 0.44928
    endloop
  endfacet
  facet normal -0.066114 -0.502163 0.862242
    outer loop
      vertex 0 -0.101593 0.436554
      vertex -0.0206385 -0.0770245 0.44928
      vertex -0.0262938 -0.0981312 0.436554
    endloop
  endfacet
  facet normal -0.039363 -0.298944 0.953459
    outer loop
      vertex 0 -0.0797424 0.44928
      vertex 0 -0.0542908 0.45726
      vertex -0.0140514 -0.0524406 0.45726
    endloop
  endfacet
  facet normal -0.0393685 -0.298946 0.953458
    outer loop
      vertex 0 -0.0797424 0.44928
      vertex -0.0140514 -0.0524406 0.45726
      vertex -0.0206385 -0.0770245 0.44928
    endloop
  endfacet
  facet normal -0.0131133 -0.0995385 0.994947
    outer loop
      vertex 0 -0.0542908 0.45726
      vertex 0 -0.0269928 0.459991
      vertex -0.00698566 -0.0260725 0.459991
    endloop
  endfacet
  facet normal -0.0131064 -0.0995368 0.994948
    outer loop
      vertex 0 -0.0542908 0.45726
      vertex -0.00698566 -0.0260725 0.459991
      vertex -0.0140514 -0.0524406 0.45726
    endloop
  endfacet
  facet normal -0.130613 -0.991433 0
    outer loop
      vertex -0.00698566 -0.0260725 0.459991
      vertex 0 -0.0269928 0.478999
      vertex -0.00698566 -0.0260725 0.478999
    endloop
  endfacet
  facet normal -0.130613 -0.991433 -0
    outer loop
      vertex 0 -0.0269928 0.478999
      vertex -0.00698566 -0.0260725 0.459991
      vertex 0 -0.0269928 0.459991
    endloop
  endfacet
  facet normal -0.0253225 -0.192287 -0.981012
    outer loop
      vertex 0 -0.127991 0
      vertex 0 -0.132584 0.000900269
      vertex -0.0343151 -0.128065 0.000900269
    endloop
  endfacet
  facet normal -0.0253224 -0.192304 -0.981009
    outer loop
      vertex -0.0331259 -0.123629 0
      vertex 0 -0.127991 0
      vertex -0.0343151 -0.128065 0.000900269
    endloop
  endfacet
  facet normal -0.21438 -0.517556 -0.828358
    outer loop
      vertex -0.0343151 -0.128065 0.000900269
      vertex -0.0353222 -0.131824 0.00350952
      vertex -0.0682373 -0.11819 0.00350952
    endloop
  endfacet
  facet normal -0.214387 -0.517583 -0.828339
    outer loop
      vertex -0.0662918 -0.11482 0.000900269
      vertex -0.0343151 -0.128065 0.000900269
      vertex -0.0682373 -0.11819 0.00350952
    endloop
  endfacet
  facet normal -0.318681 -0.769396 -0.5536
    outer loop
      vertex -0.0353222 -0.131824 0.00350952
      vertex -0.0359974 -0.134344 0.00740051
      vertex -0.0695419 -0.12045 0.00740051
    endloop
  endfacet
  facet normal -0.31867 -0.769331 -0.553696
    outer loop
      vertex -0.0682373 -0.11819 0.00350952
      vertex -0.0353222 -0.131824 0.00350952
      vertex -0.0695419 -0.12045 0.00740051
    endloop
  endfacet
  facet normal -0.375401 -0.906379 -0.193782
    outer loop
      vertex -0.0359974 -0.134344 0.00740051
      vertex -0.0362339 -0.135228 0.0119934
      vertex -0.0699997 -0.121243 0.0119934
    endloop
  endfacet
  facet normal -0.375406 -0.90635 -0.193908
    outer loop
      vertex -0.0695419 -0.12045 0.00740051
      vertex -0.0359974 -0.134344 0.00740051
      vertex -0.0699997 -0.121243 0.0119934
    endloop
  endfacet
  facet normal -0.382603 -0.923691 0.0202201
    outer loop
      vertex -0.0362339 -0.135228 0.0119934
      vertex -0.0342913 -0.127977 0.37999
      vertex -0.066246 -0.114741 0.37999
    endloop
  endfacet
  facet normal -0.382576 -0.923703 0.020223
    outer loop
      vertex -0.0362339 -0.135228 0.0119934
      vertex -0.066246 -0.114741 0.37999
      vertex -0.0699997 -0.121243 0.0119934
    endloop
  endfacet
  facet normal -0.377075 -0.910455 0.169959
    outer loop
      vertex -0.0342913 -0.127977 0.37999
      vertex -0.0333586 -0.124498 0.400696
      vertex -0.0644455 -0.111623 0.400696
    endloop
  endfacet
  facet normal -0.377119 -0.91045 0.169892
    outer loop
      vertex -0.0342913 -0.127977 0.37999
      vertex -0.0644455 -0.111623 0.400696
      vertex -0.066246 -0.114741 0.37999
    endloop
  endfacet
  facet normal -0.336571 -0.81267 0.475697
    outer loop
      vertex -0.0333586 -0.124498 0.400696
      vertex -0.0306339 -0.114328 0.419998
      vertex -0.0591812 -0.102505 0.419998
    endloop
  endfacet
  facet normal -0.336577 -0.812671 0.475691
    outer loop
      vertex -0.0333586 -0.124498 0.400696
      vertex -0.0591812 -0.102505 0.419998
      vertex -0.0644455 -0.111623 0.400696
    endloop
  endfacet
  facet normal -0.270052 -0.651921 0.70857
    outer loop
      vertex -0.0306339 -0.114328 0.419998
      vertex -0.0262938 -0.0981312 0.436554
      vertex -0.0507965 -0.0879812 0.436554
    endloop
  endfacet
  facet normal -0.269987 -0.651899 0.708614
    outer loop
      vertex -0.0306339 -0.114328 0.419998
      vertex -0.0507965 -0.0879812 0.436554
      vertex -0.0591812 -0.102505 0.419998
    endloop
  endfacet
  facet normal -0.193821 -0.467945 0.862242
    outer loop
      vertex -0.0262938 -0.0981312 0.436554
      vertex -0.0206385 -0.0770245 0.44928
      vertex -0.0398712 -0.0690584 0.44928
    endloop
  endfacet
  facet normal -0.193844 -0.467952 0.862233
    outer loop
      vertex -0.0262938 -0.0981312 0.436554
      vertex -0.0398712 -0.0690584 0.44928
      vertex -0.0507965 -0.0879812 0.436554
    endloop
  endfacet
  facet normal -0.115386 -0.278578 0.953457
    outer loop
      vertex -0.0206385 -0.0770245 0.44928
      vertex -0.0140514 -0.0524406 0.45726
      vertex -0.0271454 -0.0470171 0.45726
    endloop
  endfacet
  facet normal -0.115386 -0.278578 0.953457
    outer loop
      vertex -0.0206385 -0.0770245 0.44928
      vertex -0.0271454 -0.0470171 0.45726
      vertex -0.0398712 -0.0690584 0.44928
    endloop
  endfacet
  facet normal -0.0384219 -0.0927531 0.994948
    outer loop
      vertex -0.00698566 -0.0260725 0.459991
      vertex -0.0134964 -0.0233755 0.459991
      vertex -0.0140514 -0.0524406 0.45726
    endloop
  endfacet
  facet normal -0.0384181 -0.0927532 0.994948
    outer loop
      vertex -0.0140514 -0.0524406 0.45726
      vertex -0.0134964 -0.0233755 0.459991
      vertex -0.0271454 -0.0470171 0.45726
    endloop
  endfacet
  facet normal -0.382703 -0.923871 0
    outer loop
      vertex -0.0134964 -0.0233755 0.459991
      vertex -0.00698566 -0.0260725 0.478999
      vertex -0.0134964 -0.0233755 0.478999
    endloop
  endfacet
  facet normal -0.382703 -0.923871 -0
    outer loop
      vertex -0.00698566 -0.0260725 0.478999
      vertex -0.0134964 -0.0233755 0.459991
      vertex -0.00698566 -0.0260725 0.459991
    endloop
  endfacet
  facet normal -0.0742237 -0.179194 -0.98101
    outer loop
      vertex -0.0331259 -0.123629 0
      vertex -0.0343151 -0.128065 0.000900269
      vertex -0.0662918 -0.11482 0.000900269
    endloop
  endfacet
  facet normal -0.0742275 -0.179209 -0.981007
    outer loop
      vertex -0.0639954 -0.110843 0
      vertex -0.0331259 -0.123629 0
      vertex -0.0662918 -0.11482 0.000900269
    endloop
  endfacet
  facet normal -0.341055 -0.444455 -0.828336
    outer loop
      vertex -0.0662918 -0.11482 0.000900269
      vertex -0.0682373 -0.11819 0.00350952
      vertex -0.0965014 -0.0965014 0.00350952
    endloop
  endfacet
  facet normal -0.341062 -0.444469 -0.828326
    outer loop
      vertex -0.09375 -0.09375 0.000900269
      vertex -0.0662918 -0.11482 0.000900269
      vertex -0.0965014 -0.0965014 0.00350952
    endloop
  endfacet
  facet normal -0.506939 -0.660638 -0.553688
    outer loop
      vertex -0.0682373 -0.11819 0.00350952
      vertex -0.0695419 -0.12045 0.00740051
      vertex -0.0983467 -0.0983467 0.00740051
    endloop
  endfacet
  facet normal -0.506932 -0.660623 -0.553712
    outer loop
      vertex -0.0965014 -0.0965014 0.00350952
      vertex -0.0682373 -0.11819 0.00350952
      vertex -0.0983467 -0.0983467 0.00740051
    endloop
  endfacet
  facet normal -0.597213 -0.778291 -0.193906
    outer loop
      vertex -0.0695419 -0.12045 0.00740051
      vertex -0.0699997 -0.121243 0.0119934
      vertex -0.0989943 -0.0989943 0.0119934
    endloop
  endfacet
  facet normal -0.597213 -0.778282 -0.193945
    outer loop
      vertex -0.0983467 -0.0983467 0.00740051
      vertex -0.0695419 -0.12045 0.00740051
      vertex -0.0989943 -0.0989943 0.0119934
    endloop
  endfacet
  facet normal -0.608654 -0.793178 0.0202229
    outer loop
      vertex -0.0699997 -0.121243 0.0119934
      vertex -0.066246 -0.114741 0.37999
      vertex -0.0936852 -0.0936852 0.37999
    endloop
  endfacet
  facet normal -0.608643 -0.793186 0.0202242
    outer loop
      vertex -0.0699997 -0.121243 0.0119934
      vertex -0.0936852 -0.0936852 0.37999
      vertex -0.0989943 -0.0989943 0.0119934
    endloop
  endfacet
  facet normal -0.599943 -0.781796 0.169895
    outer loop
      vertex -0.066246 -0.114741 0.37999
      vertex -0.0644455 -0.111623 0.400696
      vertex -0.0911388 -0.0911388 0.400696
    endloop
  endfacet
  facet normal -0.599926 -0.781803 0.169923
    outer loop
      vertex -0.066246 -0.114741 0.37999
      vertex -0.0911388 -0.0911388 0.400696
      vertex -0.0936852 -0.0936852 0.37999
    endloop
  endfacet
  facet normal -0.535488 -0.697832 0.475692
    outer loop
      vertex -0.0644455 -0.111623 0.400696
      vertex -0.0591812 -0.102505 0.419998
      vertex -0.0836945 -0.0836945 0.419998
    endloop
  endfacet
  facet normal -0.53551 -0.697831 0.475669
    outer loop
      vertex -0.0644455 -0.111623 0.400696
      vertex -0.0836945 -0.0836945 0.419998
      vertex -0.0911388 -0.0911388 0.400696
    endloop
  endfacet
  facet normal -0.429543 -0.559786 0.708613
    outer loop
      vertex -0.0591812 -0.102505 0.419998
      vertex -0.0507965 -0.0879812 0.436554
      vertex -0.0718365 -0.0718365 0.436554
    endloop
  endfacet
  facet normal -0.429557 -0.559787 0.708604
    outer loop
      vertex -0.0591812 -0.102505 0.419998
      vertex -0.0718365 -0.0718365 0.436554
      vertex -0.0836945 -0.0836945 0.419998
    endloop
  endfacet
  facet normal -0.308348 -0.401842 0.862232
    outer loop
      vertex -0.0507965 -0.0879812 0.436554
      vertex -0.0398712 -0.0690584 0.44928
      vertex -0.056386 -0.056386 0.44928
    endloop
  endfacet
  facet normal -0.308347 -0.401842 0.862233
    outer loop
      vertex -0.0507965 -0.0879812 0.436554
      vertex -0.056386 -0.056386 0.44928
      vertex -0.0718365 -0.0718365 0.436554
    endloop
  endfacet
  facet normal -0.183561 -0.239216 0.953457
    outer loop
      vertex -0.0271454 -0.0470171 0.45726
      vertex -0.0383892 -0.0383892 0.45726
      vertex -0.0398712 -0.0690584 0.44928
    endloop
  endfacet
  facet normal -0.183559 -0.239216 0.953458
    outer loop
      vertex -0.0398712 -0.0690584 0.44928
      vertex -0.0383892 -0.0383892 0.45726
      vertex -0.056386 -0.056386 0.44928
    endloop
  endfacet
  facet normal -0.0611227 -0.0796451 0.994948
    outer loop
      vertex -0.0134964 -0.0233755 0.459991
      vertex -0.0190859 -0.0190859 0.459991
      vertex -0.0271454 -0.0470171 0.45726
    endloop
  endfacet
  facet normal -0.0611168 -0.0796468 0.994948
    outer loop
      vertex -0.0271454 -0.0470171 0.45726
      vertex -0.0190859 -0.0190859 0.459991
      vertex -0.0383892 -0.0383892 0.45726
    endloop
  endfacet
  facet normal -0.608817 -0.79331 0
    outer loop
      vertex -0.0190859 -0.0190859 0.459991
      vertex -0.0134964 -0.0233755 0.478999
      vertex -0.0190859 -0.0190859 0.478999
    endloop
  endfacet
  facet normal -0.608817 -0.79331 -0
    outer loop
      vertex -0.0134964 -0.0233755 0.478999
      vertex -0.0190859 -0.0190859 0.459991
      vertex -0.0134964 -0.0233755 0.459991
    endloop
  endfacet
  facet normal -0.118084 -0.153886 -0.981007
    outer loop
      vertex -0.0639954 -0.110843 0
      vertex -0.0662918 -0.11482 0.000900269
      vertex -0.09375 -0.09375 0.000900269
    endloop
  endfacet
  facet normal -0.118084 -0.153886 -0.981007
    outer loop
      vertex -0.0905027 -0.0905027 0
      vertex -0.0639954 -0.110843 0
      vertex -0.09375 -0.09375 0.000900269
    endloop
  endfacet
  facet normal -0.444467 -0.341064 -0.828326
    outer loop
      vertex -0.09375 -0.09375 0.000900269
      vertex -0.0965014 -0.0965014 0.00350952
      vertex -0.11819 -0.0682373 0.00350952
    endloop
  endfacet
  facet normal -0.444457 -0.341053 -0.828336
    outer loop
      vertex -0.11482 -0.0662918 0.000900269
      vertex -0.09375 -0.09375 0.000900269
      vertex -0.11819 -0.0682373 0.00350952
    endloop
  endfacet
  facet normal -0.660625 -0.506929 -0.553712
    outer loop
      vertex -0.0965014 -0.0965014 0.00350952
      vertex -0.0983467 -0.0983467 0.00740051
      vertex -0.12045 -0.0695419 0.00740051
    endloop
  endfacet
  facet normal -0.660636 -0.506942 -0.553688
    outer loop
      vertex -0.11819 -0.0682373 0.00350952
      vertex -0.0965014 -0.0965014 0.00350952
      vertex -0.12045 -0.0695419 0.00740051
    endloop
  endfacet
  facet normal -0.778285 -0.597209 -0.193945
    outer loop
      vertex -0.0983467 -0.0983467 0.00740051
      vertex -0.0989943 -0.0989943 0.0119934
      vertex -0.121243 -0.0699997 0.0119934
    endloop
  endfacet
  facet normal -0.778288 -0.597217 -0.193906
    outer loop
      vertex -0.12045 -0.0695419 0.00740051
      vertex -0.0983467 -0.0983467 0.00740051
      vertex -0.121243 -0.0699997 0.0119934
    endloop
  endfacet
  facet normal -0.793178 -0.608654 0.0202243
    outer loop
      vertex -0.0989943 -0.0989943 0.0119934
      vertex -0.0936852 -0.0936852 0.37999
      vertex -0.114741 -0.066246 0.37999
    endloop
  endfacet
  facet normal -0.793186 -0.608643 0.0202229
    outer loop
      vertex -0.0989943 -0.0989943 0.0119934
      vertex -0.114741 -0.066246 0.37999
      vertex -0.121243 -0.0699997 0.0119934
    endloop
  endfacet
  facet normal -0.781792 -0.59994 0.169924
    outer loop
      vertex -0.0936852 -0.0936852 0.37999
      vertex -0.0911388 -0.0911388 0.400696
      vertex -0.111623 -0.0644455 0.400696
    endloop
  endfacet
  facet normal -0.781806 -0.599929 0.169895
    outer loop
      vertex -0.0936852 -0.0936852 0.37999
      vertex -0.111623 -0.0644455 0.400696
      vertex -0.114741 -0.066246 0.37999
    endloop
  endfacet
  facet normal -0.697843 -0.535496 0.475668
    outer loop
      vertex -0.0911388 -0.0911388 0.400696
      vertex -0.0836945 -0.0836945 0.419998
      vertex -0.102505 -0.0591812 0.419998
    endloop
  endfacet
  facet normal -0.697822 -0.535502 0.475691
    outer loop
      vertex -0.0911388 -0.0911388 0.400696
      vertex -0.102505 -0.0591812 0.419998
      vertex -0.111623 -0.0644455 0.400696
    endloop
  endfacet
  facet normal -0.559794 -0.429549 0.708603
    outer loop
      vertex -0.0836945 -0.0836945 0.419998
      vertex -0.0718365 -0.0718365 0.436554
      vertex -0.0879812 -0.0507965 0.436554
    endloop
  endfacet
  facet normal -0.55978 -0.429552 0.708613
    outer loop
      vertex -0.0836945 -0.0836945 0.419998
      vertex -0.0879812 -0.0507965 0.436554
      vertex -0.102505 -0.0591812 0.419998
    endloop
  endfacet
  facet normal -0.401841 -0.308347 0.862233
    outer loop
      vertex -0.056386 -0.056386 0.44928
      vertex -0.0690584 -0.0398712 0.44928
      vertex -0.0718365 -0.0718365 0.436554
    endloop
  endfacet
  facet normal -0.401842 -0.308347 0.862232
    outer loop
      vertex -0.0718365 -0.0718365 0.436554
      vertex -0.0690584 -0.0398712 0.44928
      vertex -0.0879812 -0.0507965 0.436554
    endloop
  endfacet
  facet normal -0.239214 -0.18356 0.953458
    outer loop
      vertex -0.0383892 -0.0383892 0.45726
      vertex -0.0470171 -0.0271454 0.45726
      vertex -0.056386 -0.056386 0.44928
    endloop
  endfacet
  facet normal -0.239217 -0.18356 0.953458
    outer loop
      vertex -0.056386 -0.056386 0.44928
      vertex -0.0470171 -0.0271454 0.45726
      vertex -0.0690584 -0.0398712 0.44928
    endloop
  endfacet
  facet normal -0.0796427 -0.0611209 0.994948
    outer loop
      vertex -0.0190859 -0.0190859 0.459991
      vertex -0.0233755 -0.0134964 0.459991
      vertex -0.0383892 -0.0383892 0.45726
    endloop
  endfacet
  facet normal -0.079648 -0.0611177 0.994948
    outer loop
      vertex -0.0383892 -0.0383892 0.45726
      vertex -0.0233755 -0.0134964 0.459991
      vertex -0.0470171 -0.0271454 0.45726
    endloop
  endfacet
  facet normal -0.79331 -0.608817 0
    outer loop
      vertex -0.0190859 -0.0190859 0.459991
      vertex -0.0233755 -0.0134964 0.478999
      vertex -0.0233755 -0.0134964 0.459991
    endloop
  endfacet
  facet normal -0.79331 -0.608817 0
    outer loop
      vertex -0.0233755 -0.0134964 0.478999
      vertex -0.0190859 -0.0190859 0.459991
      vertex -0.0190859 -0.0190859 0.478999
    endloop
  endfacet
  facet normal -0.153886 -0.118084 -0.981007
    outer loop
      vertex -0.0905027 -0.0905027 0
      vertex -0.09375 -0.09375 0.000900269
      vertex -0.11482 -0.0662918 0.000900269
    endloop
  endfacet
  facet normal -0.153886 -0.118084 -0.981007
    outer loop
      vertex -0.110843 -0.0639954 0
      vertex -0.0905027 -0.0905027 0
      vertex -0.11482 -0.0662918 0.000900269
    endloop
  endfacet
  facet normal -0.517581 -0.214391 -0.82834
    outer loop
      vertex -0.11482 -0.0662918 0.000900269
      vertex -0.11819 -0.0682373 0.00350952
      vertex -0.131824 -0.0353222 0.00350952
    endloop
  endfacet
  facet normal -0.517557 -0.214376 -0.828358
    outer loop
      vertex -0.128065 -0.0343151 0.000900269
      vertex -0.11482 -0.0662918 0.000900269
      vertex -0.131824 -0.0353222 0.00350952
    endloop
  endfacet
  facet normal -0.769337 -0.318656 -0.553695
    outer loop
      vertex -0.11819 -0.0682373 0.00350952
      vertex -0.12045 -0.0695419 0.00740051
      vertex -0.134344 -0.0359974 0.00740051
    endloop
  endfacet
  facet normal -0.769391 -0.318695 -0.553599
    outer loop
      vertex -0.131824 -0.0353222 0.00350952
      vertex -0.11819 -0.0682373 0.00350952
      vertex -0.134344 -0.0359974 0.00740051
    endloop
  endfacet
  facet normal -0.906356 -0.375391 -0.193907
    outer loop
      vertex -0.12045 -0.0695419 0.00740051
      vertex -0.121243 -0.0699997 0.0119934
      vertex -0.135228 -0.0362339 0.0119934
    endloop
  endfacet
  facet normal -0.906373 -0.375416 -0.193782
    outer loop
      vertex -0.134344 -0.0359974 0.00740051
      vertex -0.12045 -0.0695419 0.00740051
      vertex -0.135228 -0.0362339 0.0119934
    endloop
  endfacet
  facet normal -0.923691 -0.382603 0.0202231
    outer loop
      vertex -0.121243 -0.0699997 0.0119934
      vertex -0.114741 -0.066246 0.37999
      vertex -0.127977 -0.0342913 0.37999
    endloop
  endfacet
  facet normal -0.923703 -0.382576 0.0202202
    outer loop
      vertex -0.121243 -0.0699997 0.0119934
      vertex -0.127977 -0.0342913 0.37999
      vertex -0.135228 -0.0362339 0.0119934
    endloop
  endfacet
  facet normal -0.910466 -0.37708 0.169891
    outer loop
      vertex -0.114741 -0.066246 0.37999
      vertex -0.111623 -0.0644455 0.400696
      vertex -0.124498 -0.0333586 0.400696
    endloop
  endfacet
  facet normal -0.910439 -0.377114 0.169958
    outer loop
      vertex -0.114741 -0.066246 0.37999
      vertex -0.124498 -0.0333586 0.400696
      vertex -0.127977 -0.0342913 0.37999
    endloop
  endfacet
  facet normal -0.812673 -0.336572 0.47569
    outer loop
      vertex -0.111623 -0.0644455 0.400696
      vertex -0.102505 -0.0591812 0.419998
      vertex -0.114328 -0.0306339 0.419998
    endloop
  endfacet
  facet normal -0.812668 -0.336576 0.475697
    outer loop
      vertex -0.111623 -0.0644455 0.400696
      vertex -0.114328 -0.0306339 0.419998
      vertex -0.124498 -0.0333586 0.400696
    endloop
  endfacet
  facet normal -0.651877 -0.270033 0.708618
    outer loop
      vertex -0.0879812 -0.0507965 0.436554
      vertex -0.0981312 -0.0262938 0.436554
      vertex -0.102505 -0.0591812 0.419998
    endloop
  endfacet
  facet normal -0.651937 -0.270003 0.708573
    outer loop
      vertex -0.102505 -0.0591812 0.419998
      vertex -0.0981312 -0.0262938 0.436554
      vertex -0.114328 -0.0306339 0.419998
    endloop
  endfacet
  facet normal -0.467961 -0.193827 0.862232
    outer loop
      vertex -0.0690584 -0.0398712 0.44928
      vertex -0.0770245 -0.0206385 0.44928
      vertex -0.0879812 -0.0507965 0.436554
    endloop
  endfacet
  facet normal -0.467939 -0.193839 0.862241
    outer loop
      vertex -0.0879812 -0.0507965 0.436554
      vertex -0.0770245 -0.0206385 0.44928
      vertex -0.0981312 -0.0262938 0.436554
    endloop
  endfacet
  facet normal -0.278577 -0.115386 0.953457
    outer loop
      vertex -0.0470171 -0.0271454 0.45726
      vertex -0.0524406 -0.0140514 0.45726
      vertex -0.0690584 -0.0398712 0.44928
    endloop
  endfacet
  facet normal -0.278578 -0.115386 0.953457
    outer loop
      vertex -0.0690584 -0.0398712 0.44928
      vertex -0.0524406 -0.0140514 0.45726
      vertex -0.0770245 -0.0206385 0.44928
    endloop
  endfacet
  facet normal -0.0927514 -0.0384212 0.994948
    outer loop
      vertex -0.0233755 -0.0134964 0.459991
      vertex -0.0260725 -0.00698566 0.459991
      vertex -0.0470171 -0.0271454 0.45726
    endloop
  endfacet
  facet normal -0.092754 -0.0384185 0.994948
    outer loop
      vertex -0.0470171 -0.0271454 0.45726
      vertex -0.0260725 -0.00698566 0.459991
      vertex -0.0524406 -0.0140514 0.45726
    endloop
  endfacet
  facet normal -0.923871 -0.382703 0
    outer loop
      vertex -0.0233755 -0.0134964 0.459991
      vertex -0.0260725 -0.00698566 0.478999
      vertex -0.0260725 -0.00698566 0.459991
    endloop
  endfacet
  facet normal -0.923871 -0.382703 0
    outer loop
      vertex -0.0260725 -0.00698566 0.478999
      vertex -0.0233755 -0.0134964 0.459991
      vertex -0.0233755 -0.0134964 0.478999
    endloop
  endfacet
  facet normal -0.179208 -0.0742293 -0.981007
    outer loop
      vertex -0.110843 -0.0639954 0
      vertex -0.11482 -0.0662918 0.000900269
      vertex -0.128065 -0.0343151 0.000900269
    endloop
  endfacet
  facet normal -0.179195 -0.0742217 -0.98101
    outer loop
      vertex -0.123629 -0.0331259 0
      vertex -0.110843 -0.0639954 0
      vertex -0.128065 -0.0343151 0.000900269
    endloop
  endfacet
  facet normal -0.555401 -0.0731316 -0.828361
    outer loop
      vertex -0.128065 -0.0343151 0.000900269
      vertex -0.131824 -0.0353222 0.00350952
      vertex -0.136475 0 0.00350952
    endloop
  endfacet
  facet normal -0.55546 -0.0731492 -0.82832
    outer loop
      vertex -0.132584 0 0.000900269
      vertex -0.128065 -0.0343151 0.000900269
      vertex -0.136475 0 0.00350952
    endloop
  endfacet
  facet normal -0.825655 -0.108719 -0.553601
    outer loop
      vertex -0.131824 -0.0353222 0.00350952
      vertex -0.134344 -0.0359974 0.00740051
      vertex -0.139084 0 0.00740051
    endloop
  endfacet
  facet normal -0.825646 -0.108716 -0.553615
    outer loop
      vertex -0.136475 0 0.00350952
      vertex -0.131824 -0.0353222 0.00350952
      vertex -0.139084 0 0.00740051
    endloop
  endfacet
  facet normal -0.972645 -0.12807 -0.193801
    outer loop
      vertex -0.134344 -0.0359974 0.00740051
      vertex -0.135228 -0.0362339 0.0119934
      vertex -0.139999 0 0.0119934
    endloop
  endfacet
  facet normal -0.972651 -0.128075 -0.193772
    outer loop
      vertex -0.139084 0 0.00740051
      vertex -0.134344 -0.0359974 0.00740051
      vertex -0.139999 0 0.0119934
    endloop
  endfacet
  facet normal -0.99124 -0.130513 0.0202203
    outer loop
      vertex -0.127977 -0.0342913 0.37999
      vertex -0.132492 0 0.37999
      vertex -0.135228 -0.0362339 0.0119934
    endloop
  endfacet
  facet normal -0.99124 -0.130519 0.0202209
    outer loop
      vertex -0.135228 -0.0362339 0.0119934
      vertex -0.132492 0 0.37999
      vertex -0.139999 0 0.0119934
    endloop
  endfacet
  facet normal -0.977017 -0.128664 0.169953
    outer loop
      vertex -0.127977 -0.0342913 0.37999
      vertex -0.124498 -0.0333586 0.400696
      vertex -0.128891 0 0.400696
    endloop
  endfacet
  facet normal -0.977026 -0.128641 0.169916
    outer loop
      vertex -0.127977 -0.0342913 0.37999
      vertex -0.128891 0 0.400696
      vertex -0.132492 0 0.37999
    endloop
  endfacet
  facet normal -0.872079 -0.114839 0.475699
    outer loop
      vertex -0.114328 -0.0306339 0.419998
      vertex -0.118362 0 0.419998
      vertex -0.124498 -0.0333586 0.400696
    endloop
  endfacet
  facet normal -0.872075 -0.114844 0.475706
    outer loop
      vertex -0.124498 -0.0333586 0.400696
      vertex -0.118362 0 0.419998
      vertex -0.128891 0 0.400696
    endloop
  endfacet
  facet normal -0.699603 -0.0921086 0.70857
    outer loop
      vertex -0.0981312 -0.0262938 0.436554
      vertex -0.101593 0 0.436554
      vertex -0.114328 -0.0306339 0.419998
    endloop
  endfacet
  facet normal -0.699585 -0.0921243 0.708586
    outer loop
      vertex -0.114328 -0.0306339 0.419998
      vertex -0.101593 0 0.436554
      vertex -0.118362 0 0.419998
    endloop
  endfacet
  facet normal -0.502159 -0.0661297 0.862243
    outer loop
      vertex -0.0770245 -0.0206385 0.44928
      vertex -0.0797424 0 0.44928
      vertex -0.0981312 -0.0262938 0.436554
    endloop
  endfacet
  facet normal -0.502174 -0.0661155 0.862235
    outer loop
      vertex -0.0981312 -0.0262938 0.436554
      vertex -0.0797424 0 0.44928
      vertex -0.101593 0 0.436554
    endloop
  endfacet
  facet normal -0.298948 -0.0393635 0.953457
    outer loop
      vertex -0.0524406 -0.0140514 0.45726
      vertex -0.0542908 0 0.45726
      vertex -0.0770245 -0.0206385 0.44928
    endloop
  endfacet
  facet normal -0.298944 -0.0393681 0.953458
    outer loop
      vertex -0.0770245 -0.0206385 0.44928
      vertex -0.0542908 0 0.45726
      vertex -0.0797424 0 0.44928
    endloop
  endfacet
  facet normal -0.099535 -0.0131129 0.994948
    outer loop
      vertex -0.0260725 -0.00698566 0.459991
      vertex -0.0269928 0 0.459991
      vertex -0.0524406 -0.0140514 0.45726
    endloop
  endfacet
  facet normal -0.0995385 -0.0131066 0.994947
    outer loop
      vertex -0.0524406 -0.0140514 0.45726
      vertex -0.0269928 0 0.459991
      vertex -0.0542908 0 0.45726
    endloop
  endfacet
  facet normal -0.991433 -0.130613 0
    outer loop
      vertex -0.0260725 -0.00698566 0.459991
      vertex -0.0269928 0 0.478999
      vertex -0.0269928 0 0.459991
    endloop
  endfacet
  facet normal -0.991433 -0.130613 0
    outer loop
      vertex -0.0269928 0 0.478999
      vertex -0.0260725 -0.00698566 0.459991
      vertex -0.0260725 -0.00698566 0.478999
    endloop
  endfacet
  facet normal -0.192303 -0.0253246 -0.981009
    outer loop
      vertex -0.123629 -0.0331259 0
      vertex -0.128065 -0.0343151 0.000900269
      vertex -0.132584 0 0.000900269
    endloop
  endfacet
  facet normal -0.192287 -0.0253203 -0.981012
    outer loop
      vertex -0.127991 0 0
      vertex -0.123629 -0.0331259 0
      vertex -0.132584 0 0.000900269
    endloop
  endfacet
  facet normal 0.987106 0.129892 0.0935413
    outer loop
      vertex 0.0299997 0 0.478999
      vertex 0.0272388 0.00729847 0.497999
      vertex 0.0281992 0 0.497999
    endloop
  endfacet
  facet normal 0.987098 0.129975 0.0935083
    outer loop
      vertex 0.0289774 0.00776386 0.478999
      vertex 0.0272388 0.00729847 0.497999
      vertex 0.0299997 0 0.478999
    endloop
  endfacet
  facet normal -0.606084 -0.78989 0.0934714
    outer loop
      vertex -0.0199404 -0.0199404 0.497999
      vertex -0.0212126 -0.0212126 0.478999
      vertex -0.0149994 -0.02598 0.478999
    endloop
  endfacet
  facet normal 0.919823 -0.381029 0.0935017
    outer loop
      vertex 0.0272388 -0.00729847 0.497999
      vertex 0.0244217 -0.0140991 0.497999
      vertex 0.0289774 -0.00776386 0.478999
    endloop
  endfacet
  facet normal 0.78989 0.606084 0.0934714
    outer loop
      vertex 0.0212126 0.0212126 0.478999
      vertex 0.0199404 0.0199404 0.497999
      vertex 0.02598 0.0149994 0.478999
    endloop
  endfacet
  facet normal 0.606019 0.789936 0.0935029
    outer loop
      vertex 0.0149994 0.02598 0.478999
      vertex 0.0140991 0.0244217 0.497999
      vertex 0.0199404 0.0199404 0.497999
    endloop
  endfacet
  facet normal -0.987106 0.129892 0.0935413
    outer loop
      vertex -0.0272388 0.00729847 0.497999
      vertex -0.0299997 0 0.478999
      vertex -0.0281992 0 0.497999
    endloop
  endfacet
  facet normal 0 0 -1
    outer loop
      vertex 0.0269928 0 0.478999
      vertex 0.0299997 0 0.478999
      vertex 0.0289774 -0.00776386 0.478999
    endloop
  endfacet
  facet normal 0 0 -1
    outer loop
      vertex 0.0299997 0 0.478999
      vertex 0.0269928 0 0.478999
      vertex 0.0289774 0.00776386 0.478999
    endloop
  endfacet
  facet normal 0 0 -1
    outer loop
      vertex 0.0289774 -0.00776386 0.478999
      vertex 0.0260725 -0.00698566 0.478999
      vertex 0.0269928 0 0.478999
    endloop
  endfacet
  facet normal 0 0 -1
    outer loop
      vertex 0.02598 -0.0149994 0.478999
      vertex 0.0260725 -0.00698566 0.478999
      vertex 0.0289774 -0.00776386 0.478999
    endloop
  endfacet
  facet normal 0 0 -1
    outer loop
      vertex 0.02598 -0.0149994 0.478999
      vertex 0.0233755 -0.0134964 0.478999
      vertex 0.0260725 -0.00698566 0.478999
    endloop
  endfacet
  facet normal 0 0 -1
    outer loop
      vertex 0.0212126 -0.0212126 0.478999
      vertex 0.0233755 -0.0134964 0.478999
      vertex 0.02598 -0.0149994 0.478999
    endloop
  endfacet
  facet normal 0 0 -1
    outer loop
      vertex 0.0212126 -0.0212126 0.478999
      vertex 0.0190859 -0.0190859 0.478999
      vertex 0.0233755 -0.0134964 0.478999
    endloop
  endfacet
  facet normal 0 0 -1
    outer loop
      vertex 0.0149994 -0.02598 0.478999
      vertex 0.0190859 -0.0190859 0.478999
      vertex 0.0212126 -0.0212126 0.478999
    endloop
  endfacet
  facet normal 0 0 -1
    outer loop
      vertex 0.0149994 -0.02598 0.478999
      vertex 0.0134964 -0.0233755 0.478999
      vertex 0.0190859 -0.0190859 0.478999
    endloop
  endfacet
  facet normal 0 0 -1
    outer loop
      vertex 0.00776386 -0.0289774 0.478999
      vertex 0.0134964 -0.0233755 0.478999
      vertex 0.0149994 -0.02598 0.478999
    endloop
  endfacet
  facet normal 0 0 -1
    outer loop
      vertex 0.00776386 -0.0289774 0.478999
      vertex 0.00698566 -0.0260725 0.478999
      vertex 0.0134964 -0.0233755 0.478999
    endloop
  endfacet
  facet normal 0 0 -1
    outer loop
      vertex 0 -0.0299997 0.478999
      vertex 0.00698566 -0.0260725 0.478999
      vertex 0.00776386 -0.0289774 0.478999
    endloop
  endfacet
  facet normal 0 0 -1
    outer loop
      vertex 0 -0.0299997 0.478999
      vertex 0 -0.0269928 0.478999
      vertex 0.00698566 -0.0260725 0.478999
    endloop
  endfacet
  facet normal 0 0 -1
    outer loop
      vertex 0 -0.0299997 0.478999
      vertex -0.00698566 -0.0260725 0.478999
      vertex 0 -0.0269928 0.478999
    endloop
  endfacet
  facet normal 0 0 -1
    outer loop
      vertex -0.00776386 -0.0289774 0.478999
      vertex -0.00698566 -0.0260725 0.478999
      vertex 0 -0.0299997 0.478999
    endloop
  endfacet
  facet normal 0 0 -1
    outer loop
      vertex -0.00776386 -0.0289774 0.478999
      vertex -0.0134964 -0.0233755 0.478999
      vertex -0.00698566 -0.0260725 0.478999
    endloop
  endfacet
  facet normal 0 0 -1
    outer loop
      vertex -0.0149994 -0.02598 0.478999
      vertex -0.0134964 -0.0233755 0.478999
      vertex -0.00776386 -0.0289774 0.478999
    endloop
  endfacet
  facet normal 0 0 -1
    outer loop
      vertex -0.0149994 -0.02598 0.478999
      vertex -0.0190859 -0.0190859 0.478999
      vertex -0.0134964 -0.0233755 0.478999
    endloop
  endfacet
  facet normal 0 0 -1
    outer loop
      vertex -0.0212126 -0.0212126 0.478999
      vertex -0.0190859 -0.0190859 0.478999
      vertex -0.0149994 -0.02598 0.478999
    endloop
  endfacet
  facet normal 0 0 -1
    outer loop
      vertex -0.0212126 -0.0212126 0.478999
      vertex -0.0233755 -0.0134964 0.478999
      vertex -0.0190859 -0.0190859 0.478999
    endloop
  endfacet
  facet normal 0 0 -1
    outer loop
      vertex -0.02598 -0.0149994 0.478999
      vertex -0.0233755 -0.0134964 0.478999
      vertex -0.0212126 -0.0212126 0.478999
    endloop
  endfacet
  facet normal 0 0 -1
    outer loop
      vertex -0.02598 -0.0149994 0.478999
      vertex -0.0260725 -0.00698566 0.478999
      vertex -0.0233755 -0.0134964 0.478999
    endloop
  endfacet
  facet normal 0 0 -1
    outer loop
      vertex -0.0289774 -0.00776386 0.478999
      vertex -0.0260725 -0.00698566 0.478999
      vertex -0.02598 -0.0149994 0.478999
    endloop
  endfacet
  facet normal -0 0 -1
    outer loop
      vertex -0.0260725 -0.00698566 0.478999
      vertex -0.0289774 -0.00776386 0.478999
      vertex -0.0269928 0 0.478999
    endloop
  endfacet
  facet normal 0 0 -1
    outer loop
      vertex 0.0260725 0.00698566 0.478999
      vertex 0.0289774 0.00776386 0.478999
      vertex 0.0269928 0 0.478999
    endloop
  endfacet
  facet normal 0 0 -1
    outer loop
      vertex 0.0260725 0.00698566 0.478999
      vertex 0.02598 0.0149994 0.478999
      vertex 0.0289774 0.00776386 0.478999
    endloop
  endfacet
  facet normal 0 0 -1
    outer loop
      vertex 0.0233755 0.0134964 0.478999
      vertex 0.02598 0.0149994 0.478999
      vertex 0.0260725 0.00698566 0.478999
    endloop
  endfacet
  facet normal 0 0 -1
    outer loop
      vertex 0.0233755 0.0134964 0.478999
      vertex 0.0212126 0.0212126 0.478999
      vertex 0.02598 0.0149994 0.478999
    endloop
  endfacet
  facet normal 0 0 -1
    outer loop
      vertex 0.0190859 0.0190859 0.478999
      vertex 0.0212126 0.0212126 0.478999
      vertex 0.0233755 0.0134964 0.478999
    endloop
  endfacet
  facet normal 0 0 -1
    outer loop
      vertex 0.0190859 0.0190859 0.478999
      vertex 0.0149994 0.02598 0.478999
      vertex 0.0212126 0.0212126 0.478999
    endloop
  endfacet
  facet normal 0 0 -1
    outer loop
      vertex 0.0134964 0.0233755 0.478999
      vertex 0.0149994 0.02598 0.478999
      vertex 0.0190859 0.0190859 0.478999
    endloop
  endfacet
  facet normal 0 0 -1
    outer loop
      vertex 0.0134964 0.0233755 0.478999
      vertex 0.00776386 0.0289774 0.478999
      vertex 0.0149994 0.02598 0.478999
    endloop
  endfacet
  facet normal 0 0 -1
    outer loop
      vertex 0.00698566 0.0260725 0.478999
      vertex 0.00776386 0.0289774 0.478999
      vertex 0.0134964 0.0233755 0.478999
    endloop
  endfacet
  facet normal 0 0 -1
    outer loop
      vertex 0 0.0269928 0.478999
      vertex 0.00776386 0.0289774 0.478999
      vertex 0.00698566 0.0260725 0.478999
    endloop
  endfacet
  facet normal 0 0 -1
    outer loop
      vertex 0 0.0269928 0.478999
      vertex 0 0.0299997 0.478999
      vertex 0.00776386 0.0289774 0.478999
    endloop
  endfacet
  facet normal 0 0 -1
    outer loop
      vertex -0.00698566 0.0260725 0.478999
      vertex 0 0.0299997 0.478999
      vertex 0 0.0269928 0.478999
    endloop
  endfacet
  facet normal 0 0 -1
    outer loop
      vertex -0.00698566 0.0260725 0.478999
      vertex -0.00776386 0.0289774 0.478999
      vertex 0 0.0299997 0.478999
    endloop
  endfacet
  facet normal 0 0 -1
    outer loop
      vertex -0.0134964 0.0233755 0.478999
      vertex -0.00776386 0.0289774 0.478999
      vertex -0.00698566 0.0260725 0.478999
    endloop
  endfacet
  facet normal 0 0 -1
    outer loop
      vertex -0.0134964 0.0233755 0.478999
      vertex -0.0149994 0.02598 0.478999
      vertex -0.00776386 0.0289774 0.478999
    endloop
  endfacet
  facet normal 0 0 -1
    outer loop
      vertex -0.0190859 0.0190859 0.478999
      vertex -0.0149994 0.02598 0.478999
      vertex -0.0134964 0.0233755 0.478999
    endloop
  endfacet
  facet normal 0 0 -1
    outer loop
      vertex -0.0190859 0.0190859 0.478999
      vertex -0.0212126 0.0212126 0.478999
      vertex -0.0149994 0.02598 0.478999
    endloop
  endfacet
  facet normal 0 0 -1
    outer loop
      vertex -0.0233755 0.0134964 0.478999
      vertex -0.0212126 0.0212126 0.478999
      vertex -0.0190859 0.0190859 0.478999
    endloop
  endfacet
  facet normal 0 0 -1
    outer loop
      vertex -0.0233755 0.0134964 0.478999
      vertex -0.02598 0.0149994 0.478999
      vertex -0.0212126 0.0212126 0.478999
    endloop
  endfacet
  facet normal 0 0 -1
    outer loop
      vertex -0.0260725 0.00698566 0.478999
      vertex -0.02598 0.0149994 0.478999
      vertex -0.0233755 0.0134964 0.478999
    endloop
  endfacet
  facet normal 0 0 -1
    outer loop
      vertex -0.0289774 0.00776386 0.478999
      vertex -0.0260725 0.00698566 0.478999
      vertex -0.0269928 0 0.478999
    endloop
  endfacet
  facet normal 0 0 -1
    outer loop
      vertex -0.0299997 0 0.478999
      vertex -0.0269928 0 0.478999
      vertex -0.0289774 -0.00776386 0.478999
    endloop
  endfacet
  facet normal 0 0 -1
    outer loop
      vertex -0.0260725 0.00698566 0.478999
      vertex -0.0289774 0.00776386 0.478999
      vertex -0.02598 0.0149994 0.478999
    endloop
  endfacet
  facet normal 0 0 -1
    outer loop
      vertex -0.0269928 0 0.478999
      vertex -0.0299997 0 0.478999
      vertex -0.0289774 0.00776386 0.478999
    endloop
  endfacet
  facet normal 0.987098 -0.129975 0.0935083
    outer loop
      vertex 0.0299997 0 0.478999
      vertex 0.0272388 -0.00729847 0.497999
      vertex 0.0289774 -0.00776386 0.478999
    endloop
  endfacet
  facet normal 0.606084 0.78989 0.0934714
    outer loop
      vertex 0.0212126 0.0212126 0.478999
      vertex 0.0149994 0.02598 0.478999
      vertex 0.0199404 0.0199404 0.497999
    endloop
  endfacet
  facet normal 0.381029 0.919823 0.0935017
    outer loop
      vertex 0.00776386 0.0289774 0.478999
      vertex 0.00729847 0.0272388 0.497999
      vertex 0.0140991 0.0244217 0.497999
    endloop
  endfacet
  facet normal -0.919817 -0.381044 0.093495
    outer loop
      vertex -0.0244217 -0.0140991 0.497999
      vertex -0.0289774 -0.00776386 0.478999
      vertex -0.02598 -0.0149994 0.478999
    endloop
  endfacet
  facet normal 0.606084 -0.78989 0.0934714
    outer loop
      vertex 0.0199404 -0.0199404 0.497999
      vertex 0.0149994 -0.02598 0.478999
      vertex 0.0212126 -0.0212126 0.478999
    endloop
  endfacet
  facet normal -0.987098 0.129975 0.0935083
    outer loop
      vertex -0.0289774 0.00776386 0.478999
      vertex -0.0299997 0 0.478999
      vertex -0.0272388 0.00729847 0.497999
    endloop
  endfacet
  facet normal -0.381029 0.919823 0.0935017
    outer loop
      vertex -0.00776386 0.0289774 0.478999
      vertex -0.0140991 0.0244217 0.497999
      vertex -0.00729847 0.0272388 0.497999
    endloop
  endfacet
  facet normal -0.129975 0.987098 0.0935083
    outer loop
      vertex 0 0.0299997 0.478999
      vertex -0.00776386 0.0289774 0.478999
      vertex -0.00729847 0.0272388 0.497999
    endloop
  endfacet
  facet normal 0.789936 0.606019 0.0935029
    outer loop
      vertex 0.02598 0.0149994 0.478999
      vertex 0.0199404 0.0199404 0.497999
      vertex 0.0244217 0.0140991 0.497999
    endloop
  endfacet
  facet normal 0.129975 0.987098 0.0935083
    outer loop
      vertex 0.00776386 0.0289774 0.478999
      vertex 0 0.0299997 0.478999
      vertex 0.00729847 0.0272388 0.497999
    endloop
  endfacet
  facet normal -0.129892 0.987106 0.0935413
    outer loop
      vertex 0 0.0299997 0.478999
      vertex -0.00729847 0.0272388 0.497999
      vertex 0 0.0281992 0.497999
    endloop
  endfacet
  facet normal -0.78989 -0.606084 0.0934714
    outer loop
      vertex -0.0199404 -0.0199404 0.497999
      vertex -0.02598 -0.0149994 0.478999
      vertex -0.0212126 -0.0212126 0.478999
    endloop
  endfacet
  facet normal -0.789936 -0.606019 0.0935029
    outer loop
      vertex -0.0244217 -0.0140991 0.497999
      vertex -0.02598 -0.0149994 0.478999
      vertex -0.0199404 -0.0199404 0.497999
    endloop
  endfacet
  facet normal -0.606019 -0.789936 0.0935029
    outer loop
      vertex -0.0140991 -0.0244217 0.497999
      vertex -0.0199404 -0.0199404 0.497999
      vertex -0.0149994 -0.02598 0.478999
    endloop
  endfacet
  facet normal -0.381044 -0.919817 0.093495
    outer loop
      vertex -0.0140991 -0.0244217 0.497999
      vertex -0.0149994 -0.02598 0.478999
      vertex -0.00776386 -0.0289774 0.478999
    endloop
  endfacet
  facet normal -0.987106 -0.129892 0.0935413
    outer loop
      vertex -0.0281992 0 0.497999
      vertex -0.0299997 0 0.478999
      vertex -0.0272388 -0.00729847 0.497999
    endloop
  endfacet
  facet normal -0.987098 -0.129975 0.0935083
    outer loop
      vertex -0.0272388 -0.00729847 0.497999
      vertex -0.0299997 0 0.478999
      vertex -0.0289774 -0.00776386 0.478999
    endloop
  endfacet
  facet normal 0.381029 -0.919823 0.0935017
    outer loop
      vertex 0.0140991 -0.0244217 0.497999
      vertex 0.00729847 -0.0272388 0.497999
      vertex 0.00776386 -0.0289774 0.478999
    endloop
  endfacet
  facet normal 0.919817 -0.381044 0.093495
    outer loop
      vertex 0.0289774 -0.00776386 0.478999
      vertex 0.0244217 -0.0140991 0.497999
      vertex 0.02598 -0.0149994 0.478999
    endloop
  endfacet
  facet normal 0.987106 -0.129892 0.0935413
    outer loop
      vertex 0.0281992 0 0.497999
      vertex 0.0272388 -0.00729847 0.497999
      vertex 0.0299997 0 0.478999
    endloop
  endfacet
  facet normal 0 0 1
    outer loop
      vertex 0.0272388 0.00729847 0.497999
      vertex 0.0272388 -0.00729847 0.497999
      vertex 0.0281992 0 0.497999
    endloop
  endfacet
  facet normal 0 0 1
    outer loop
      vertex 0.0244217 0.0140991 0.497999
      vertex 0.0272388 -0.00729847 0.497999
      vertex 0.0272388 0.00729847 0.497999
    endloop
  endfacet
  facet normal 0 0 1
    outer loop
      vertex 0.0244217 0.0140991 0.497999
      vertex 0.0244217 -0.0140991 0.497999
      vertex 0.0272388 -0.00729847 0.497999
    endloop
  endfacet
  facet normal 0 0 1
    outer loop
      vertex 0.0199404 0.0199404 0.497999
      vertex 0.0244217 -0.0140991 0.497999
      vertex 0.0244217 0.0140991 0.497999
    endloop
  endfacet
  facet normal 0 0 1
    outer loop
      vertex 0.0199404 0.0199404 0.497999
      vertex 0.0199404 -0.0199404 0.497999
      vertex 0.0244217 -0.0140991 0.497999
    endloop
  endfacet
  facet normal 0 0 1
    outer loop
      vertex 0.0140991 0.0244217 0.497999
      vertex 0.0199404 -0.0199404 0.497999
      vertex 0.0199404 0.0199404 0.497999
    endloop
  endfacet
  facet normal 0 0 1
    outer loop
      vertex 0.0140991 0.0244217 0.497999
      vertex 0.0140991 -0.0244217 0.497999
      vertex 0.0199404 -0.0199404 0.497999
    endloop
  endfacet
  facet normal 0 0 1
    outer loop
      vertex 0.00729847 0.0272388 0.497999
      vertex 0.0140991 -0.0244217 0.497999
      vertex 0.0140991 0.0244217 0.497999
    endloop
  endfacet
  facet normal 0 0 1
    outer loop
      vertex 0.00729847 0.0272388 0.497999
      vertex 0.00729847 -0.0272388 0.497999
      vertex 0.0140991 -0.0244217 0.497999
    endloop
  endfacet
  facet normal 0 0 1
    outer loop
      vertex 0 0.0281992 0.497999
      vertex 0.00729847 -0.0272388 0.497999
      vertex 0.00729847 0.0272388 0.497999
    endloop
  endfacet
  facet normal 0 0 1
    outer loop
      vertex 0 0.0281992 0.497999
      vertex 0 -0.0281992 0.497999
      vertex 0.00729847 -0.0272388 0.497999
    endloop
  endfacet
  facet normal -0 0 1
    outer loop
      vertex -0.00729847 0.0272388 0.497999
      vertex 0 -0.0281992 0.497999
      vertex 0 0.0281992 0.497999
    endloop
  endfacet
  facet normal 0 0 1
    outer loop
      vertex -0.00729847 0.0272388 0.497999
      vertex -0.00729847 -0.0272388 0.497999
      vertex 0 -0.0281992 0.497999
    endloop
  endfacet
  facet normal -0 0 1
    outer loop
      vertex -0.0140991 0.0244217 0.497999
      vertex -0.00729847 -0.0272388 0.497999
      vertex -0.00729847 0.0272388 0.497999
    endloop
  endfacet
  facet normal 0 0 1
    outer loop
      vertex -0.0140991 0.0244217 0.497999
      vertex -0.0140991 -0.0244217 0.497999
      vertex -0.00729847 -0.0272388 0.497999
    endloop
  endfacet
  facet normal -0 0 1
    outer loop
      vertex -0.0199404 0.0199404 0.497999
      vertex -0.0140991 -0.0244217 0.497999
      vertex -0.0140991 0.0244217 0.497999
    endloop
  endfacet
  facet normal 0 0 1
    outer loop
      vertex -0.0199404 0.0199404 0.497999
      vertex -0.0199404 -0.0199404 0.497999
      vertex -0.0140991 -0.0244217 0.497999
    endloop
  endfacet
  facet normal -0 0 1
    outer loop
      vertex -0.0244217 0.0140991 0.497999
      vertex -0.0199404 -0.0199404 0.497999
      vertex -0.0199404 0.0199404 0.497999
    endloop
  endfacet
  facet normal 0 0 1
    outer loop
      vertex -0.0244217 0.0140991 0.497999
      vertex -0.0244217 -0.0140991 0.497999
      vertex -0.0199404 -0.0199404 0.497999
    endloop
  endfacet
  facet normal -0 0 1
    outer loop
      vertex -0.0272388 0.00729847 0.497999
      vertex -0.0244217 -0.0140991 0.497999
      vertex -0.0244217 0.0140991 0.497999
    endloop
  endfacet
  facet normal 0 0 1
    outer loop
      vertex -0.0272388 0.00729847 0.497999
      vertex -0.0272388 -0.00729847 0.497999
      vertex -0.0244217 -0.0140991 0.497999
    endloop
  endfacet
  facet normal 0 -0 1
    outer loop
      vertex -0.0272388 -0.00729847 0.497999
      vertex -0.0272388 0.00729847 0.497999
      vertex -0.0281992 0 0.497999
    endloop
  endfacet
  facet normal -0.919823 0.381029 0.0935017
    outer loop
      vertex -0.0244217 0.0140991 0.497999
      vertex -0.0289774 0.00776386 0.478999
      vertex -0.0272388 0.00729847 0.497999
    endloop
  endfacet
  facet normal -0.381044 0.919817 0.093495
    outer loop
      vertex -0.00776386 0.0289774 0.478999
      vertex -0.0149994 0.02598 0.478999
      vertex -0.0140991 0.0244217 0.497999
    endloop
  endfacet
  facet normal 0.919823 0.381029 0.0935017
    outer loop
      vertex 0.0289774 0.00776386 0.478999
      vertex 0.0244217 0.0140991 0.497999
      vertex 0.0272388 0.00729847 0.497999
    endloop
  endfacet
  facet normal 0.919817 0.381044 0.093495
    outer loop
      vertex 0.02598 0.0149994 0.478999
      vertex 0.0244217 0.0140991 0.497999
      vertex 0.0289774 0.00776386 0.478999
    endloop
  endfacet
  facet normal 0.381044 0.919817 0.093495
    outer loop
      vertex 0.0149994 0.02598 0.478999
      vertex 0.00776386 0.0289774 0.478999
      vertex 0.0140991 0.0244217 0.497999
    endloop
  endfacet
  facet normal 0.129892 0.987106 0.0935413
    outer loop
      vertex 0 0.0299997 0.478999
      vertex 0 0.0281992 0.497999
      vertex 0.00729847 0.0272388 0.497999
    endloop
  endfacet
  facet normal -0.129975 -0.987098 0.0935083
    outer loop
      vertex -0.00729847 -0.0272388 0.497999
      vertex -0.00776386 -0.0289774 0.478999
      vertex 0 -0.0299997 0.478999
    endloop
  endfacet
  facet normal -0.129892 -0.987106 0.0935413
    outer loop
      vertex 0 -0.0281992 0.497999
      vertex -0.00729847 -0.0272388 0.497999
      vertex 0 -0.0299997 0.478999
    endloop
  endfacet
  facet normal -0.919823 -0.381029 0.0935017
    outer loop
      vertex -0.0272388 -0.00729847 0.497999
      vertex -0.0289774 -0.00776386 0.478999
      vertex -0.0244217 -0.0140991 0.497999
    endloop
  endfacet
  facet normal 0.606019 -0.789936 0.0935029
    outer loop
      vertex 0.0199404 -0.0199404 0.497999
      vertex 0.0140991 -0.0244217 0.497999
      vertex 0.0149994 -0.02598 0.478999
    endloop
  endfacet
  facet normal 0.381044 -0.919817 0.093495
    outer loop
      vertex 0.0140991 -0.0244217 0.497999
      vertex 0.00776386 -0.0289774 0.478999
      vertex 0.0149994 -0.02598 0.478999
    endloop
  endfacet
  facet normal 0.78989 -0.606084 0.0934714
    outer loop
      vertex 0.02598 -0.0149994 0.478999
      vertex 0.0199404 -0.0199404 0.497999
      vertex 0.0212126 -0.0212126 0.478999
    endloop
  endfacet
  facet normal 0.789936 -0.606019 0.0935029
    outer loop
      vertex 0.0244217 -0.0140991 0.497999
      vertex 0.0199404 -0.0199404 0.497999
      vertex 0.02598 -0.0149994 0.478999
    endloop
  endfacet
  facet normal 0.129892 -0.987106 0.0935413
    outer loop
      vertex 0 -0.0281992 0.497999
      vertex 0 -0.0299997 0.478999
      vertex 0.00729847 -0.0272388 0.497999
    endloop
  endfacet
  facet normal 0.129975 -0.987098 0.0935083
    outer loop
      vertex 0.00729847 -0.0272388 0.497999
      vertex 0 -0.0299997 0.478999
      vertex 0.00776386 -0.0289774 0.478999
    endloop
  endfacet
  facet normal -0.78989 0.606084 0.0934714
    outer loop
      vertex -0.0212126 0.0212126 0.478999
      vertex -0.02598 0.0149994 0.478999
      vertex -0.0199404 0.0199404 0.497999
    endloop
  endfacet
  facet normal -0.919817 0.381044 0.093495
    outer loop
      vertex -0.02598 0.0149994 0.478999
      vertex -0.0289774 0.00776386 0.478999
      vertex -0.0244217 0.0140991 0.497999
    endloop
  endfacet
  facet normal -0.381029 -0.919823 0.0935017
    outer loop
      vertex -0.00729847 -0.0272388 0.497999
      vertex -0.0140991 -0.0244217 0.497999
      vertex -0.00776386 -0.0289774 0.478999
    endloop
  endfacet
  facet normal -0.789936 0.606019 0.0935029
    outer loop
      vertex -0.0199404 0.0199404 0.497999
      vertex -0.02598 0.0149994 0.478999
      vertex -0.0244217 0.0140991 0.497999
    endloop
  endfacet
  facet normal -0.606019 0.789936 0.0935029
    outer loop
      vertex -0.0149994 0.02598 0.478999
      vertex -0.0199404 0.0199404 0.497999
      vertex -0.0140991 0.0244217 0.497999
    endloop
  endfacet
  facet normal -0.606084 0.78989 0.0934714
    outer loop
      vertex -0.0149994 0.02598 0.478999
      vertex -0.0212126 0.0212126 0.478999
      vertex -0.0199404 0.0199404 0.497999
    endloop
  endfacet
endsolid OpenSCAD_Model
