solid OpenSCAD_Model
  facet normal 0 -0.999711 0.0240315
    outer loop
      vertex -0.179999 -0.179999 0.000999451
      vertex 0.165624 -0.165624 0.599
      vertex -0.165624 -0.165624 0.599
    endloop
  endfacet
  facet normal 0 -0.999711 0.0240315
    outer loop
      vertex 0.165624 -0.165624 0.599
      vertex -0.179999 -0.179999 0.000999451
      vertex 0.179999 -0.179999 0.000999451
    endloop
  endfacet
  facet normal -0.999711 0 0.0240315
    outer loop
      vertex -0.179999 0.179999 0.000999451
      vertex -0.165624 -0.165624 0.599
      vertex -0.165624 0.165624 0.599
    endloop
  endfacet
  facet normal -0.999711 0 0.0240315
    outer loop
      vertex -0.165624 -0.165624 0.599
      vertex -0.179999 0.179999 0.000999451
      vertex -0.179999 -0.179999 0.000999451
    endloop
  endfacet
  facet normal 0 -1 0
    outer loop
      vertex -0.179999 -0.179999 0
      vertex 0.179999 -0.179999 0.000999451
      vertex -0.179999 -0.179999 0.000999451
    endloop
  endfacet
  facet normal 0 -1 -0
    outer loop
      vertex 0.179999 -0.179999 0.000999451
      vertex -0.179999 -0.179999 0
      vertex 0.179999 -0.179999 0
    endloop
  endfacet
  facet normal 0.999711 -0 0.0240315
    outer loop
      vertex 0.165624 -0.165624 0.599
      vertex 0.179999 0.179999 0.000999451
      vertex 0.165624 0.165624 0.599
    endloop
  endfacet
  facet normal 0.999711 0 0.0240315
    outer loop
      vertex 0.179999 0.179999 0.000999451
      vertex 0.165624 -0.165624 0.599
      vertex 0.179999 -0.179999 0.000999451
    endloop
  endfacet
  facet normal -1 0 0
    outer loop
      vertex -0.179999 -0.179999 0
      vertex -0.179999 0.179999 0.000999451
      vertex -0.179999 0.179999 0
    endloop
  endfacet
  facet normal -1 -0 0
    outer loop
      vertex -0.179999 0.179999 0.000999451
      vertex -0.179999 -0.179999 0
      vertex -0.179999 -0.179999 0.000999451
    endloop
  endfacet
  facet normal 0 1 -0
    outer loop
      vertex 0.179999 0.179999 0
      vertex -0.179999 0.179999 0.000999451
      vertex 0.179999 0.179999 0.000999451
    endloop
  endfacet
  facet normal 0 1 0
    outer loop
      vertex -0.179999 0.179999 0.000999451
      vertex 0.179999 0.179999 0
      vertex -0.179999 0.179999 0
    endloop
  endfacet
  facet normal 0 0.999711 0.0240315
    outer loop
      vertex 0.179999 0.179999 0.000999451
      vertex -0.165624 0.165624 0.599
      vertex 0.165624 0.165624 0.599
    endloop
  endfacet
  facet normal 0 0.999711 0.0240315
    outer loop
      vertex -0.165624 0.165624 0.599
      vertex 0.179999 0.179999 0.000999451
      vertex -0.179999 0.179999 0.000999451
    endloop
  endfacet
  facet normal 0 0 -1
    outer loop
      vertex -0.179999 -0.179999 0
      vertex 0.179999 0.179999 0
      vertex 0.179999 -0.179999 0
    endloop
  endfacet
  facet normal -0 0 -1
    outer loop
      vertex 0.179999 0.179999 0
      vertex -0.179999 -0.179999 0
      vertex -0.179999 0.179999 0
    endloop
  endfacet
  facet normal 1 -0 0
    outer loop
      vertex 0.179999 -0.179999 0.000999451
      vertex 0.179999 0.179999 0
      vertex 0.179999 0.179999 0.000999451
    endloop
  endfacet
  facet normal 1 0 0
    outer loop
      vertex 0.179999 0.179999 0
      vertex 0.179999 -0.179999 0.000999451
      vertex 0.179999 -0.179999 0
    endloop
  endfacet
  facet normal -1 0 0
    outer loop
      vertex -0.180599 -0.180599 0.599
      vertex -0.180599 0.180599 0.62
      vertex -0.180599 0.180599 0.599
    endloop
  endfacet
  facet normal -1 -0 0
    outer loop
      vertex -0.180599 0.180599 0.62
      vertex -0.180599 -0.180599 0.599
      vertex -0.180599 -0.180599 0.62
    endloop
  endfacet
  facet normal 0 0 1
    outer loop
      vertex 0.180599 0.180599 0.62
      vertex 0.130541 0 0.62
      vertex 0.180599 -0.180599 0.62
    endloop
  endfacet
  facet normal 0 0 1
    outer loop
      vertex 0.180599 0.180599 0.62
      vertex 0.128601 0.0147323 0.62
      vertex 0.130541 0 0.62
    endloop
  endfacet
  facet normal 0 0 1
    outer loop
      vertex 0.180599 0.180599 0.62
      vertex 0.126092 0.0337862 0.62
      vertex 0.128601 0.0147323 0.62
    endloop
  endfacet
  facet normal 0 0 1
    outer loop
      vertex 0.180599 0.180599 0.62
      vertex 0.120406 0.047515 0.62
      vertex 0.126092 0.0337862 0.62
    endloop
  endfacet
  facet normal 0 0 1
    outer loop
      vertex 0.180599 0.180599 0.62
      vertex 0.113051 0.0652705 0.62
      vertex 0.120406 0.047515 0.62
    endloop
  endfacet
  facet normal 0 0 1
    outer loop
      vertex 0.180599 0.180599 0.62
      vertex 0.104005 0.0770593 0.62
      vertex 0.113051 0.0652705 0.62
    endloop
  endfacet
  facet normal 0 0 1
    outer loop
      vertex 0.180599 0.180599 0.62
      vertex 0.0923058 0.0923058 0.62
      vertex 0.104005 0.0770593 0.62
    endloop
  endfacet
  facet normal 0 0 1
    outer loop
      vertex 0.180599 0.180599 0.62
      vertex 0.080517 0.101352 0.62
      vertex 0.0923058 0.0923058 0.62
    endloop
  endfacet
  facet normal 0 0 1
    outer loop
      vertex 0.180599 0.180599 0.62
      vertex 0.0652705 0.113051 0.62
      vertex 0.080517 0.101352 0.62
    endloop
  endfacet
  facet normal 0 0 1
    outer loop
      vertex 0.180599 0.180599 0.62
      vertex 0.0515417 0.118738 0.62
      vertex 0.0652705 0.113051 0.62
    endloop
  endfacet
  facet normal 0 0 1
    outer loop
      vertex 0.180599 0.180599 0.62
      vertex 0.0337862 0.126092 0.62
      vertex 0.0515417 0.118738 0.62
    endloop
  endfacet
  facet normal 0 0 1
    outer loop
      vertex 0.180599 0.180599 0.62
      vertex 0.0190539 0.128032 0.62
      vertex 0.0337862 0.126092 0.62
    endloop
  endfacet
  facet normal 0 0 1
    outer loop
      vertex 0.180599 0.180599 0.62
      vertex 0 0.130541 0.62
      vertex 0.0190539 0.128032 0.62
    endloop
  endfacet
  facet normal -0 0 1
    outer loop
      vertex -0.180599 0.180599 0.62
      vertex 0 0.130541 0.62
      vertex 0.180599 0.180599 0.62
    endloop
  endfacet
  facet normal 0 0 1
    outer loop
      vertex 0 0.130541 0.62
      vertex -0.180599 0.180599 0.62
      vertex -0.0147323 0.128601 0.62
    endloop
  endfacet
  facet normal 0 0 1
    outer loop
      vertex -0.180599 0.180599 0.62
      vertex -0.101352 0.080517 0.62
      vertex -0.0923058 0.0923058 0.62
    endloop
  endfacet
  facet normal 0 0 1
    outer loop
      vertex -0.180599 0.180599 0.62
      vertex -0.118738 0.0515417 0.62
      vertex -0.113051 0.0652705 0.62
    endloop
  endfacet
  facet normal 0 0 1
    outer loop
      vertex -0.128032 0.0190539 0.62
      vertex -0.180599 0.180599 0.62
      vertex -0.130541 0 0.62
    endloop
  endfacet
  facet normal 0 0 1
    outer loop
      vertex -0.126092 0.0337862 0.62
      vertex -0.180599 0.180599 0.62
      vertex -0.128032 0.0190539 0.62
    endloop
  endfacet
  facet normal 0 0 1
    outer loop
      vertex -0.118738 0.0515417 0.62
      vertex -0.180599 0.180599 0.62
      vertex -0.126092 0.0337862 0.62
    endloop
  endfacet
  facet normal 0 0 1
    outer loop
      vertex -0.101352 0.080517 0.62
      vertex -0.180599 0.180599 0.62
      vertex -0.113051 0.0652705 0.62
    endloop
  endfacet
  facet normal 0 0 1
    outer loop
      vertex -0.0770593 0.104005 0.62
      vertex -0.180599 0.180599 0.62
      vertex -0.0923058 0.0923058 0.62
    endloop
  endfacet
  facet normal 0 0 1
    outer loop
      vertex -0.0652705 0.113051 0.62
      vertex -0.180599 0.180599 0.62
      vertex -0.0770593 0.104005 0.62
    endloop
  endfacet
  facet normal 0 0 1
    outer loop
      vertex -0.047515 0.120406 0.62
      vertex -0.180599 0.180599 0.62
      vertex -0.0652705 0.113051 0.62
    endloop
  endfacet
  facet normal 0 0 1
    outer loop
      vertex -0.0337862 0.126092 0.62
      vertex -0.180599 0.180599 0.62
      vertex -0.047515 0.120406 0.62
    endloop
  endfacet
  facet normal 0 0 1
    outer loop
      vertex -0.0147323 0.128601 0.62
      vertex -0.180599 0.180599 0.62
      vertex -0.0337862 0.126092 0.62
    endloop
  endfacet
  facet normal -0 0 1
    outer loop
      vertex 0.128032 -0.0190539 0.62
      vertex 0.180599 -0.180599 0.62
      vertex 0.130541 0 0.62
    endloop
  endfacet
  facet normal -0 0 1
    outer loop
      vertex 0.126092 -0.0337862 0.62
      vertex 0.180599 -0.180599 0.62
      vertex 0.128032 -0.0190539 0.62
    endloop
  endfacet
  facet normal -0 0 1
    outer loop
      vertex 0.118738 -0.0515417 0.62
      vertex 0.180599 -0.180599 0.62
      vertex 0.126092 -0.0337862 0.62
    endloop
  endfacet
  facet normal -0 0 1
    outer loop
      vertex 0.113051 -0.0652705 0.62
      vertex 0.180599 -0.180599 0.62
      vertex 0.118738 -0.0515417 0.62
    endloop
  endfacet
  facet normal -0 0 1
    outer loop
      vertex 0.101352 -0.080517 0.62
      vertex 0.180599 -0.180599 0.62
      vertex 0.113051 -0.0652705 0.62
    endloop
  endfacet
  facet normal -0 0 1
    outer loop
      vertex 0.0923058 -0.0923058 0.62
      vertex 0.180599 -0.180599 0.62
      vertex 0.101352 -0.080517 0.62
    endloop
  endfacet
  facet normal -0 0 1
    outer loop
      vertex 0.0770593 -0.104005 0.62
      vertex 0.180599 -0.180599 0.62
      vertex 0.0923058 -0.0923058 0.62
    endloop
  endfacet
  facet normal -0 0 1
    outer loop
      vertex 0.0652705 -0.113051 0.62
      vertex 0.180599 -0.180599 0.62
      vertex 0.0770593 -0.104005 0.62
    endloop
  endfacet
  facet normal -0 0 1
    outer loop
      vertex 0.047515 -0.120406 0.62
      vertex 0.180599 -0.180599 0.62
      vertex 0.0652705 -0.113051 0.62
    endloop
  endfacet
  facet normal -0 0 1
    outer loop
      vertex 0.0337862 -0.126092 0.62
      vertex 0.180599 -0.180599 0.62
      vertex 0.047515 -0.120406 0.62
    endloop
  endfacet
  facet normal -0 0 1
    outer loop
      vertex 0.0147323 -0.128601 0.62
      vertex 0.180599 -0.180599 0.62
      vertex 0.0337862 -0.126092 0.62
    endloop
  endfacet
  facet normal -0 0 1
    outer loop
      vertex 0 -0.130541 0.62
      vertex 0.180599 -0.180599 0.62
      vertex 0.0147323 -0.128601 0.62
    endloop
  endfacet
  facet normal 0 0 1
    outer loop
      vertex -0.180599 -0.180599 0.62
      vertex 0 -0.130541 0.62
      vertex -0.0190539 -0.128032 0.62
    endloop
  endfacet
  facet normal 0 0 1
    outer loop
      vertex -0.180599 -0.180599 0.62
      vertex -0.0190539 -0.128032 0.62
      vertex -0.0337862 -0.126092 0.62
    endloop
  endfacet
  facet normal 0 0 1
    outer loop
      vertex -0.180599 -0.180599 0.62
      vertex -0.0515417 -0.118738 0.62
      vertex -0.0652705 -0.113051 0.62
    endloop
  endfacet
  facet normal 0 0 1
    outer loop
      vertex -0.180599 -0.180599 0.62
      vertex -0.080517 -0.101352 0.62
      vertex -0.0923058 -0.0923058 0.62
    endloop
  endfacet
  facet normal 0 0 1
    outer loop
      vertex -0.180599 -0.180599 0.62
      vertex -0.128601 -0.0147323 0.62
      vertex -0.130541 0 0.62
    endloop
  endfacet
  facet normal 0 0 1
    outer loop
      vertex -0.180599 -0.180599 0.62
      vertex -0.130541 0 0.62
      vertex -0.180599 0.180599 0.62
    endloop
  endfacet
  facet normal 0 0 1
    outer loop
      vertex 0 -0.130541 0.62
      vertex -0.180599 -0.180599 0.62
      vertex 0.180599 -0.180599 0.62
    endloop
  endfacet
  facet normal 0 0 1
    outer loop
      vertex -0.0515417 -0.118738 0.62
      vertex -0.180599 -0.180599 0.62
      vertex -0.0337862 -0.126092 0.62
    endloop
  endfacet
  facet normal 0 0 1
    outer loop
      vertex -0.080517 -0.101352 0.62
      vertex -0.180599 -0.180599 0.62
      vertex -0.0652705 -0.113051 0.62
    endloop
  endfacet
  facet normal 0 0 1
    outer loop
      vertex -0.104005 -0.0770593 0.62
      vertex -0.180599 -0.180599 0.62
      vertex -0.0923058 -0.0923058 0.62
    endloop
  endfacet
  facet normal 0 0 1
    outer loop
      vertex -0.113051 -0.0652705 0.62
      vertex -0.180599 -0.180599 0.62
      vertex -0.104005 -0.0770593 0.62
    endloop
  endfacet
  facet normal 0 0 1
    outer loop
      vertex -0.120406 -0.047515 0.62
      vertex -0.180599 -0.180599 0.62
      vertex -0.113051 -0.0652705 0.62
    endloop
  endfacet
  facet normal 0 0 1
    outer loop
      vertex -0.126092 -0.0337862 0.62
      vertex -0.180599 -0.180599 0.62
      vertex -0.120406 -0.047515 0.62
    endloop
  endfacet
  facet normal 0 0 1
    outer loop
      vertex -0.128601 -0.0147323 0.62
      vertex -0.180599 -0.180599 0.62
      vertex -0.126092 -0.0337862 0.62
    endloop
  endfacet
  facet normal 1 -0 0
    outer loop
      vertex 0.180599 -0.180599 0.62
      vertex 0.180599 0.180599 0.599
      vertex 0.180599 0.180599 0.62
    endloop
  endfacet
  facet normal 1 0 0
    outer loop
      vertex 0.180599 0.180599 0.599
      vertex 0.180599 -0.180599 0.62
      vertex 0.180599 -0.180599 0.599
    endloop
  endfacet
  facet normal 0 1 -0
    outer loop
      vertex 0.180599 0.180599 0.599
      vertex -0.180599 0.180599 0.62
      vertex 0.180599 0.180599 0.62
    endloop
  endfacet
  facet normal 0 1 0
    outer loop
      vertex -0.180599 0.180599 0.62
      vertex 0.180599 0.180599 0.599
      vertex -0.180599 0.180599 0.599
    endloop
  endfacet
  facet normal 0 0 -1
    outer loop
      vertex 0.180599 -0.180599 0.599
      vertex 0.165624 -0.165624 0.599
      vertex 0.180599 0.180599 0.599
    endloop
  endfacet
  facet normal 0 0 -1
    outer loop
      vertex 0.180599 -0.180599 0.599
      vertex -0.165624 -0.165624 0.599
      vertex 0.165624 -0.165624 0.599
    endloop
  endfacet
  facet normal -0 0 -1
    outer loop
      vertex -0.165624 -0.165624 0.599
      vertex -0.180599 -0.180599 0.599
      vertex -0.165624 0.165624 0.599
    endloop
  endfacet
  facet normal 0 0 -1
    outer loop
      vertex -0.180599 -0.180599 0.599
      vertex -0.165624 -0.165624 0.599
      vertex 0.180599 -0.180599 0.599
    endloop
  endfacet
  facet normal 0 0 -1
    outer loop
      vertex 0.165624 0.165624 0.599
      vertex 0.180599 0.180599 0.599
      vertex 0.165624 -0.165624 0.599
    endloop
  endfacet
  facet normal 0 0 -1
    outer loop
      vertex -0.165624 0.165624 0.599
      vertex 0.180599 0.180599 0.599
      vertex 0.165624 0.165624 0.599
    endloop
  endfacet
  facet normal 0 0 -1
    outer loop
      vertex -0.165624 0.165624 0.599
      vertex -0.180599 0.180599 0.599
      vertex 0.180599 0.180599 0.599
    endloop
  endfacet
  facet normal 0 0 -1
    outer loop
      vertex -0.180599 0.180599 0.599
      vertex -0.165624 0.165624 0.599
      vertex -0.180599 -0.180599 0.599
    endloop
  endfacet
  facet normal 0 -1 0
    outer loop
      vertex -0.180599 -0.180599 0.599
      vertex 0.180599 -0.180599 0.62
      vertex -0.180599 -0.180599 0.62
    endloop
  endfacet
  facet normal 0 -1 -0
    outer loop
      vertex 0.180599 -0.180599 0.62
      vertex -0.180599 -0.180599 0.599
      vertex 0.180599 -0.180599 0.599
    endloop
  endfacet
  facet normal 0.987707 0 -0.156314
    outer loop
      vertex 0.0170994 0.14652 0.6945
      vertex 0.016263 0.13668 0.689215
      vertex 0.016263 0.14652 0.689215
    endloop
  endfacet
  facet normal 0.987707 0 -0.156314
    outer loop
      vertex 0.016263 0.13668 0.689215
      vertex 0.0170994 0.14652 0.6945
      vertex 0.0170994 0.136463 0.6945
    endloop
  endfacet
  facet normal -0.987707 0 -0.156314
    outer loop
      vertex -0.016263 0.13668 0.689215
      vertex -0.0170994 0.14652 0.6945
      vertex -0.016263 0.14652 0.689215
    endloop
  endfacet
  facet normal -0.987707 -0 -0.156314
    outer loop
      vertex -0.0170994 0.14652 0.6945
      vertex -0.016263 0.13668 0.689215
      vertex -0.0170994 0.136462 0.6945
    endloop
  endfacet
  facet normal 0.156306 0 -0.987709
    outer loop
      vertex 0.00434182 0.138477 0.678088
      vertex 0.00528336 0.14652 0.678237
      vertex 0.00528336 0.13835 0.678237
    endloop
  endfacet
  facet normal 0.156722 -4.9834e-05 -0.987643
    outer loop
      vertex 0 0.139063 0.677399
      vertex 0.00528336 0.14652 0.678237
      vertex 0.00434182 0.138477 0.678088
    endloop
  endfacet
  facet normal 0.156653 0 -0.987654
    outer loop
      vertex 0.00528336 0.14652 0.678237
      vertex 0 0.139063 0.677399
      vertex 0 0.14652 0.677399
    endloop
  endfacet
  facet normal 0.156288 -0 0.987711
    outer loop
      vertex 0 0.138365 0.711599
      vertex 0.00528336 0.14652 0.710763
      vertex 0 0.14652 0.711599
    endloop
  endfacet
  facet normal 0.156288 0 0.987711
    outer loop
      vertex 0.00528336 0.14652 0.710763
      vertex 0 0.138365 0.711599
      vertex 0.00528336 0.137687 0.710763
    endloop
  endfacet
  facet normal 0.45398 0 0.891012
    outer loop
      vertex 0.0100508 0.14652 0.708334
      vertex 0.00729129 0.137443 0.70974
      vertex 0.0100508 0.137108 0.708334
    endloop
  endfacet
  facet normal 0.453971 3.51782e-06 0.891017
    outer loop
      vertex 0.00528336 0.14652 0.710763
      vertex 0.00729129 0.137443 0.70974
      vertex 0.0100508 0.14652 0.708334
    endloop
  endfacet
  facet normal 0.453958 0 0.891023
    outer loop
      vertex 0.00729129 0.137443 0.70974
      vertex 0.00528336 0.14652 0.710763
      vertex 0.00528336 0.137687 0.710763
    endloop
  endfacet
  facet normal 0.707088 0 -0.707125
    outer loop
      vertex 0.013834 0.14652 0.684448
      vertex 0.0100508 0.137673 0.680665
      vertex 0.0100508 0.14652 0.680665
    endloop
  endfacet
  facet normal 0.707088 0 -0.707125
    outer loop
      vertex 0.0100508 0.137673 0.680665
      vertex 0.013834 0.14652 0.684448
      vertex 0.013834 0.137098 0.684448
    endloop
  endfacet
  facet normal 0.891 0 -0.454004
    outer loop
      vertex 0.016263 0.14652 0.689215
      vertex 0.013834 0.137098 0.684448
      vertex 0.013834 0.14652 0.684448
    endloop
  endfacet
  facet normal 0.891 0 -0.454004
    outer loop
      vertex 0.013834 0.137098 0.684448
      vertex 0.016263 0.14652 0.689215
      vertex 0.016263 0.13668 0.689215
    endloop
  endfacet
  facet normal 0.453823 0 -0.891092
    outer loop
      vertex 0.00528336 0.13835 0.678237
      vertex 0.0100508 0.14652 0.680665
      vertex 0.0100508 0.137673 0.680665
    endloop
  endfacet
  facet normal 0.453823 0 -0.891092
    outer loop
      vertex 0.0100508 0.14652 0.680665
      vertex 0.00528336 0.13835 0.678237
      vertex 0.00528336 0.14652 0.678237
    endloop
  endfacet
  facet normal -0.707088 0 -0.707125
    outer loop
      vertex -0.0100508 0.137673 0.680665
      vertex -0.013834 0.14652 0.684448
      vertex -0.0100508 0.14652 0.680665
    endloop
  endfacet
  facet normal -0.707088 -0 -0.707125
    outer loop
      vertex -0.013834 0.14652 0.684448
      vertex -0.0100508 0.137673 0.680665
      vertex -0.013834 0.137097 0.684448
    endloop
  endfacet
  facet normal -0.891 0 -0.454004
    outer loop
      vertex -0.013834 0.137097 0.684448
      vertex -0.016263 0.14652 0.689215
      vertex -0.013834 0.14652 0.684448
    endloop
  endfacet
  facet normal -0.891 -0 -0.454004
    outer loop
      vertex -0.016263 0.14652 0.689215
      vertex -0.013834 0.137097 0.684448
      vertex -0.016263 0.13668 0.689215
    endloop
  endfacet
  facet normal 0 -1 0
    outer loop
      vertex 0.013834 0.14652 0.704551
      vertex 0.0249996 0.14652 0.705499
      vertex 0.0128851 0.14652 0.705499
    endloop
  endfacet
  facet normal 0 -1 0
    outer loop
      vertex 0.016263 0.14652 0.699784
      vertex 0.0249996 0.14652 0.705499
      vertex 0.013834 0.14652 0.704551
    endloop
  endfacet
  facet normal 0 -1 0
    outer loop
      vertex 0.0249996 0.14652 0.6995
      vertex 0.016263 0.14652 0.699784
      vertex 0.016308 0.14652 0.6995
    endloop
  endfacet
  facet normal 0 -1 0
    outer loop
      vertex 0.016263 0.14652 0.699784
      vertex 0.0249996 0.14652 0.6995
      vertex 0.0249996 0.14652 0.705499
    endloop
  endfacet
  facet normal 0 -1 0
    outer loop
      vertex -0.0249996 0.14652 0.705499
      vertex -0.013834 0.14652 0.704551
      vertex -0.0128851 0.14652 0.705499
    endloop
  endfacet
  facet normal 0 -1 0
    outer loop
      vertex -0.0249996 0.14652 0.705499
      vertex -0.016263 0.14652 0.699784
      vertex -0.013834 0.14652 0.704551
    endloop
  endfacet
  facet normal 0 -1 0
    outer loop
      vertex -0.0249996 0.14652 0.6995
      vertex -0.016263 0.14652 0.699784
      vertex -0.0249996 0.14652 0.705499
    endloop
  endfacet
  facet normal 0 -1 0
    outer loop
      vertex -0.016263 0.14652 0.699784
      vertex -0.0249996 0.14652 0.6995
      vertex -0.016308 0.14652 0.6995
    endloop
  endfacet
  facet normal 0 1 0
    outer loop
      vertex 0.016308 0.14652 0.6995
      vertex 0.00855923 0.14652 0.697281
      vertex 0.00742812 0.14652 0.6995
    endloop
  endfacet
  facet normal 0 1 0
    outer loop
      vertex 0.00899982 0.14652 0.6945
      vertex 0.016308 0.14652 0.6995
      vertex 0.0170994 0.14652 0.6945
    endloop
  endfacet
  facet normal 0 1 0
    outer loop
      vertex 0.016308 0.14652 0.6995
      vertex 0.00899982 0.14652 0.6945
      vertex 0.00855923 0.14652 0.697281
    endloop
  endfacet
  facet normal 0 1 0
    outer loop
      vertex 0.0170994 0.14652 0.6945
      vertex 0.00855923 0.14652 0.691718
      vertex 0.00899982 0.14652 0.6945
    endloop
  endfacet
  facet normal 0 1 -0
    outer loop
      vertex 0.016263 0.14652 0.689215
      vertex 0.00855923 0.14652 0.691718
      vertex 0.0170994 0.14652 0.6945
    endloop
  endfacet
  facet normal 0 1 0
    outer loop
      vertex 0.016263 0.14652 0.689215
      vertex 0.00728035 0.14652 0.68921
      vertex 0.00855923 0.14652 0.691718
    endloop
  endfacet
  facet normal 0 1 -0
    outer loop
      vertex 0.013834 0.14652 0.684448
      vertex 0.00728035 0.14652 0.68921
      vertex 0.016263 0.14652 0.689215
    endloop
  endfacet
  facet normal 0 1 0
    outer loop
      vertex 0.00728035 0.14652 0.68921
      vertex 0.013834 0.14652 0.684448
      vertex 0.00529003 0.14652 0.687218
    endloop
  endfacet
  facet normal 0 1 0
    outer loop
      vertex 0.00529003 0.14652 0.687218
      vertex 0.0100508 0.14652 0.680665
      vertex 0.00278091 0.14652 0.68594
    endloop
  endfacet
  facet normal 0 1 -0
    outer loop
      vertex 0.0100508 0.14652 0.680665
      vertex 0.00529003 0.14652 0.687218
      vertex 0.013834 0.14652 0.684448
    endloop
  endfacet
  facet normal 0 1 -0
    outer loop
      vertex -0.00855923 0.14652 0.697281
      vertex -0.016308 0.14652 0.6995
      vertex -0.00742812 0.14652 0.6995
    endloop
  endfacet
  facet normal 0 1 -0
    outer loop
      vertex -0.00899982 0.14652 0.6945
      vertex -0.016308 0.14652 0.6995
      vertex -0.00855923 0.14652 0.697281
    endloop
  endfacet
  facet normal 0 1 0
    outer loop
      vertex -0.00899982 0.14652 0.6945
      vertex -0.0170994 0.14652 0.6945
      vertex -0.016308 0.14652 0.6995
    endloop
  endfacet
  facet normal 0 1 0
    outer loop
      vertex -0.00855923 0.14652 0.691718
      vertex -0.0170994 0.14652 0.6945
      vertex -0.00899982 0.14652 0.6945
    endloop
  endfacet
  facet normal 0 1 0
    outer loop
      vertex -0.00855923 0.14652 0.691718
      vertex -0.016263 0.14652 0.689215
      vertex -0.0170994 0.14652 0.6945
    endloop
  endfacet
  facet normal 0 1 0
    outer loop
      vertex -0.00728035 0.14652 0.68921
      vertex -0.016263 0.14652 0.689215
      vertex -0.00855923 0.14652 0.691718
    endloop
  endfacet
  facet normal 0 1 0
    outer loop
      vertex -0.013834 0.14652 0.684448
      vertex -0.00728035 0.14652 0.68921
      vertex -0.00529003 0.14652 0.687218
    endloop
  endfacet
  facet normal 0 1 0
    outer loop
      vertex -0.0100508 0.14652 0.680665
      vertex -0.00529003 0.14652 0.687218
      vertex -0.00278091 0.14652 0.68594
    endloop
  endfacet
  facet normal 0 1 0
    outer loop
      vertex -0.00728035 0.14652 0.68921
      vertex -0.013834 0.14652 0.684448
      vertex -0.016263 0.14652 0.689215
    endloop
  endfacet
  facet normal 0 1 0
    outer loop
      vertex -0.00528336 0.14652 0.678237
      vertex -0.00278091 0.14652 0.68594
      vertex 0 0.14652 0.6855
    endloop
  endfacet
  facet normal 0 1 -0
    outer loop
      vertex 0.00528336 0.14652 0.678237
      vertex 0.00278091 0.14652 0.68594
      vertex 0.0100508 0.14652 0.680665
    endloop
  endfacet
  facet normal 0 1 0
    outer loop
      vertex 0.00278091 0.14652 0.68594
      vertex 0.00528336 0.14652 0.678237
      vertex 0 0.14652 0.6855
    endloop
  endfacet
  facet normal 0 1 0
    outer loop
      vertex -0.00529003 0.14652 0.687218
      vertex -0.0100508 0.14652 0.680665
      vertex -0.013834 0.14652 0.684448
    endloop
  endfacet
  facet normal 0 1 0
    outer loop
      vertex 0 0.14652 0.677399
      vertex 0 0.14652 0.6855
      vertex 0.00528336 0.14652 0.678237
    endloop
  endfacet
  facet normal 0 1 0
    outer loop
      vertex -0.00278091 0.14652 0.68594
      vertex -0.00528336 0.14652 0.678237
      vertex -0.0100508 0.14652 0.680665
    endloop
  endfacet
  facet normal 0 1 0
    outer loop
      vertex 0 0.14652 0.6855
      vertex 0 0.14652 0.677399
      vertex -0.00528336 0.14652 0.678237
    endloop
  endfacet
  facet normal 0 1 -0
    outer loop
      vertex 0.00117016 0.14652 0.709384
      vertex 0 0.14652 0.711599
      vertex 0.00528336 0.14652 0.710763
    endloop
  endfacet
  facet normal 0 1 0
    outer loop
      vertex -0.00117016 0.14652 0.709384
      vertex 0 0.14652 0.711599
      vertex 0.00117016 0.14652 0.709384
    endloop
  endfacet
  facet normal 0 1 0
    outer loop
      vertex 0.00528336 0.14652 0.710763
      vertex 0.00333309 0.14652 0.708488
      vertex 0.00117016 0.14652 0.709384
    endloop
  endfacet
  facet normal 0 1 0
    outer loop
      vertex 0.00498867 0.14652 0.706833
      vertex 0.00528336 0.14652 0.710763
      vertex 0.0100508 0.14652 0.708334
    endloop
  endfacet
  facet normal 0 1 0
    outer loop
      vertex 0.00528336 0.14652 0.710763
      vertex 0.00498867 0.14652 0.706833
      vertex 0.00333309 0.14652 0.708488
    endloop
  endfacet
  facet normal 0 1 0
    outer loop
      vertex 0.00554066 0.14652 0.705499
      vertex 0.0100508 0.14652 0.708334
      vertex 0.0128851 0.14652 0.705499
    endloop
  endfacet
  facet normal 0 1 0
    outer loop
      vertex 0.0100508 0.14652 0.708334
      vertex 0.00554066 0.14652 0.705499
      vertex 0.00498867 0.14652 0.706833
    endloop
  endfacet
  facet normal 0 1 0
    outer loop
      vertex 0 0.14652 0.711599
      vertex -0.00117016 0.14652 0.709384
      vertex -0.00528336 0.14652 0.710763
    endloop
  endfacet
  facet normal 0 1 -0
    outer loop
      vertex -0.00333309 0.14652 0.708488
      vertex -0.00528336 0.14652 0.710763
      vertex -0.00117016 0.14652 0.709384
    endloop
  endfacet
  facet normal 0 1 -0
    outer loop
      vertex -0.00498867 0.14652 0.706833
      vertex -0.00528336 0.14652 0.710763
      vertex -0.00333309 0.14652 0.708488
    endloop
  endfacet
  facet normal 0 1 0
    outer loop
      vertex -0.00528336 0.14652 0.710763
      vertex -0.00498867 0.14652 0.706833
      vertex -0.0100508 0.14652 0.708334
    endloop
  endfacet
  facet normal 0 1 -0
    outer loop
      vertex -0.00554066 0.14652 0.705499
      vertex -0.0100508 0.14652 0.708334
      vertex -0.00498867 0.14652 0.706833
    endloop
  endfacet
  facet normal 0 1 0
    outer loop
      vertex -0.0100508 0.14652 0.708334
      vertex -0.00554066 0.14652 0.705499
      vertex -0.0128851 0.14652 0.705499
    endloop
  endfacet
  facet normal -0.453823 -0 -0.891092
    outer loop
      vertex -0.0100508 0.14652 0.680665
      vertex -0.00528336 0.13835 0.678237
      vertex -0.0100508 0.137673 0.680665
    endloop
  endfacet
  facet normal -0.453823 0 -0.891092
    outer loop
      vertex -0.00528336 0.13835 0.678237
      vertex -0.0100508 0.14652 0.680665
      vertex -0.00528336 0.14652 0.678237
    endloop
  endfacet
  facet normal 0.987678 -0 0.156498
    outer loop
      vertex 0.016263 0.136465 0.699784
      vertex 0.016308 0.14652 0.6995
      vertex 0.016263 0.14652 0.699784
    endloop
  endfacet
  facet normal 0.987703 -4.50619e-06 0.156343
    outer loop
      vertex 0.0170994 0.136463 0.6945
      vertex 0.016308 0.14652 0.6995
      vertex 0.016263 0.136465 0.699784
    endloop
  endfacet
  facet normal 0.987704 0 0.156334
    outer loop
      vertex 0.016308 0.14652 0.6995
      vertex 0.0170994 0.136463 0.6945
      vertex 0.0170994 0.14652 0.6945
    endloop
  endfacet
  facet normal -0.156653 -0 -0.987654
    outer loop
      vertex -0.00528336 0.14652 0.678237
      vertex 0 0.139063 0.677399
      vertex -0.00528336 0.13835 0.678237
    endloop
  endfacet
  facet normal -0.156653 0 -0.987654
    outer loop
      vertex 0 0.139063 0.677399
      vertex -0.00528336 0.14652 0.678237
      vertex 0 0.14652 0.677399
    endloop
  endfacet
  facet normal -0.453971 0 0.891017
    outer loop
      vertex -0.0100508 0.14652 0.708334
      vertex -0.00528336 0.137687 0.710763
      vertex -0.00528336 0.14652 0.710763
    endloop
  endfacet
  facet normal -0.453971 0 0.891017
    outer loop
      vertex -0.00528336 0.137687 0.710763
      vertex -0.0100508 0.14652 0.708334
      vertex -0.0100508 0.137108 0.708334
    endloop
  endfacet
  facet normal -0.891 0 0.454004
    outer loop
      vertex -0.016263 0.14652 0.699784
      vertex -0.013834 0.136687 0.704551
      vertex -0.013834 0.14652 0.704551
    endloop
  endfacet
  facet normal -0.891 0 0.454004
    outer loop
      vertex -0.013834 0.136687 0.704551
      vertex -0.016263 0.14652 0.699784
      vertex -0.016263 0.136465 0.699784
    endloop
  endfacet
  facet normal -0.987704 0 0.156334
    outer loop
      vertex -0.0170994 0.136462 0.6945
      vertex -0.016308 0.14652 0.6995
      vertex -0.0170994 0.14652 0.6945
    endloop
  endfacet
  facet normal -0.987678 0 0.156498
    outer loop
      vertex -0.016308 0.14652 0.6995
      vertex -0.016263 0.136465 0.699784
      vertex -0.016263 0.14652 0.699784
    endloop
  endfacet
  facet normal -0.987703 -4.50616e-06 0.156343
    outer loop
      vertex -0.016308 0.14652 0.6995
      vertex -0.0170994 0.136462 0.6945
      vertex -0.016263 0.136465 0.699784
    endloop
  endfacet
  facet normal 0.707194 -0 0.707019
    outer loop
      vertex 0.0100508 0.137108 0.708334
      vertex 0.0128851 0.14652 0.705499
      vertex 0.0100508 0.14652 0.708334
    endloop
  endfacet
  facet normal 0.707092 6.17778e-05 0.707122
    outer loop
      vertex 0.013834 0.136687 0.704551
      vertex 0.0128851 0.14652 0.705499
      vertex 0.0100508 0.137108 0.708334
    endloop
  endfacet
  facet normal 0.706771 0 0.707442
    outer loop
      vertex 0.0128851 0.14652 0.705499
      vertex 0.013834 0.136687 0.704551
      vertex 0.013834 0.14652 0.704551
    endloop
  endfacet
  facet normal -0.156288 0 0.987711
    outer loop
      vertex -0.00528336 0.14652 0.710763
      vertex 0 0.138365 0.711599
      vertex 0 0.14652 0.711599
    endloop
  endfacet
  facet normal -0.156288 0 0.987711
    outer loop
      vertex 0 0.138365 0.711599
      vertex -0.00528336 0.14652 0.710763
      vertex -0.00528336 0.137687 0.710763
    endloop
  endfacet
  facet normal -0.706771 0 0.707442
    outer loop
      vertex -0.013834 0.136687 0.704551
      vertex -0.0128851 0.14652 0.705499
      vertex -0.013834 0.14652 0.704551
    endloop
  endfacet
  facet normal -0.707194 0 0.707019
    outer loop
      vertex -0.0128851 0.14652 0.705499
      vertex -0.0100508 0.137108 0.708334
      vertex -0.0100508 0.14652 0.708334
    endloop
  endfacet
  facet normal -0.707092 6.17778e-05 0.707122
    outer loop
      vertex -0.0128851 0.14652 0.705499
      vertex -0.013834 0.136687 0.704551
      vertex -0.0100508 0.137108 0.708334
    endloop
  endfacet
  facet normal 0.891 -0 0.454004
    outer loop
      vertex 0.013834 0.136687 0.704551
      vertex 0.016263 0.14652 0.699784
      vertex 0.013834 0.14652 0.704551
    endloop
  endfacet
  facet normal 0.891 0 0.454004
    outer loop
      vertex 0.016263 0.14652 0.699784
      vertex 0.013834 0.136687 0.704551
      vertex 0.016263 0.136465 0.699784
    endloop
  endfacet
  facet normal 0.98769 0 -0.156422
    outer loop
      vertex 0.00899982 0.14652 0.6945
      vertex 0.00855923 0.199519 0.691718
      vertex 0.00899982 0.199519 0.6945
    endloop
  endfacet
  facet normal 0.98769 0 -0.156422
    outer loop
      vertex 0.00855923 0.199519 0.691718
      vertex 0.00899982 0.14652 0.6945
      vertex 0.00855923 0.14652 0.691718
    endloop
  endfacet
  facet normal -0.98769 0 -0.156422
    outer loop
      vertex -0.00855923 0.14652 0.691718
      vertex -0.00899982 0.199519 0.6945
      vertex -0.00855923 0.199519 0.691718
    endloop
  endfacet
  facet normal -0.98769 -0 -0.156422
    outer loop
      vertex -0.00899982 0.199519 0.6945
      vertex -0.00855923 0.14652 0.691718
      vertex -0.00899982 0.14652 0.6945
    endloop
  endfacet
  facet normal -0.156278 0 -0.987713
    outer loop
      vertex -0.00278091 0.14652 0.68594
      vertex 0 0.19187 0.6855
      vertex 0 0.14652 0.6855
    endloop
  endfacet
  facet normal -0.156278 0 -0.987713
    outer loop
      vertex 0 0.19187 0.6855
      vertex -0.00278091 0.14652 0.68594
      vertex -0.00278091 0.192422 0.68594
    endloop
  endfacet
  facet normal -0.707228 0 0.706986
    outer loop
      vertex -0.00728035 0.16052 0.69979
      vertex -0.00529003 0.199519 0.701781
      vertex -0.00728035 0.199519 0.69979
    endloop
  endfacet
  facet normal -0.707228 0 0.706986
    outer loop
      vertex -0.00529003 0.199519 0.701781
      vertex -0.00728035 0.16052 0.69979
      vertex -0.00529003 0.16052 0.701781
    endloop
  endfacet
  facet normal 0.453957 0 -0.891023
    outer loop
      vertex 0.00529003 0.14652 0.687218
      vertex 0.00292683 0.192451 0.686014
      vertex 0.00529003 0.19403 0.687218
    endloop
  endfacet
  facet normal 0.453861 0 -0.891073
    outer loop
      vertex 0.00278091 0.192422 0.68594
      vertex 0.00529003 0.14652 0.687218
      vertex 0.00278091 0.14652 0.68594
    endloop
  endfacet
  facet normal 0.452308 -0.000106811 -0.891862
    outer loop
      vertex 0.00529003 0.14652 0.687218
      vertex 0.00278091 0.192422 0.68594
      vertex 0.00292683 0.192451 0.686014
    endloop
  endfacet
  facet normal 0.156278 0 -0.987713
    outer loop
      vertex 0 0.19187 0.6855
      vertex 0.00278091 0.14652 0.68594
      vertex 0 0.14652 0.6855
    endloop
  endfacet
  facet normal 0.156278 0 -0.987713
    outer loop
      vertex 0.00278091 0.14652 0.68594
      vertex 0 0.19187 0.6855
      vertex 0.00278091 0.192422 0.68594
    endloop
  endfacet
  facet normal -0.707405 0 -0.706808
    outer loop
      vertex -0.00728035 0.14652 0.68921
      vertex -0.00529003 0.19403 0.687218
      vertex -0.00529003 0.14652 0.687218
    endloop
  endfacet
  facet normal -0.709383 0.000166081 -0.704823
    outer loop
      vertex -0.00529003 0.19403 0.687218
      vertex -0.00728035 0.14652 0.68921
      vertex -0.00540924 0.19411 0.687338
    endloop
  endfacet
  facet normal -0.707219 -4.40929e-06 -0.706995
    outer loop
      vertex -0.00540924 0.19411 0.687338
      vertex -0.00728035 0.14652 0.68921
      vertex -0.00706673 0.196591 0.688996
    endloop
  endfacet
  facet normal -0.707735 0 -0.706478
    outer loop
      vertex -0.00706673 0.196591 0.688996
      vertex -0.00728035 0.14652 0.68921
      vertex -0.00728035 0.197665 0.68921
    endloop
  endfacet
  facet normal -0.890842 7.58345e-05 -0.454314
    outer loop
      vertex -0.00728035 0.197665 0.68921
      vertex -0.00855923 0.199519 0.691718
      vertex -0.00764942 0.199519 0.689934
    endloop
  endfacet
  facet normal -0.890864 0 -0.45427
    outer loop
      vertex -0.00855923 0.14652 0.691718
      vertex -0.00728035 0.197665 0.68921
      vertex -0.00728035 0.14652 0.68921
    endloop
  endfacet
  facet normal -0.890864 0 -0.45427
    outer loop
      vertex -0.00728035 0.197665 0.68921
      vertex -0.00855923 0.14652 0.691718
      vertex -0.00855923 0.199519 0.691718
    endloop
  endfacet
  facet normal 0 1 -0
    outer loop
      vertex 0.00855923 0.199519 0.691718
      vertex 0.00764942 0.199519 0.6945
      vertex 0.00899982 0.199519 0.6945
    endloop
  endfacet
  facet normal 0 1 0
    outer loop
      vertex 0.00764942 0.199519 0.6945
      vertex 0.00855923 0.199519 0.691718
      vertex 0.00764942 0.199519 0.689934
    endloop
  endfacet
  facet normal 0 1 0
    outer loop
      vertex 0.00764942 0.199519 0.6945
      vertex 0 0.199519 0.7035
      vertex 0.00278091 0.199519 0.703059
    endloop
  endfacet
  facet normal 0 1 0
    outer loop
      vertex 0.00764942 0.199519 0.6945
      vertex 0.00278091 0.199519 0.703059
      vertex 0.00529003 0.199519 0.701781
    endloop
  endfacet
  facet normal 0 1 0
    outer loop
      vertex -0.00764942 0.199519 0.6945
      vertex 0 0.199519 0.7035
      vertex 0.00764942 0.199519 0.6945
    endloop
  endfacet
  facet normal 0 1 0
    outer loop
      vertex 0.00764942 0.199519 0.6945
      vertex 0.00529003 0.199519 0.701781
      vertex 0.00728035 0.199519 0.69979
    endloop
  endfacet
  facet normal 0 1 0
    outer loop
      vertex 0 0.199519 0.7035
      vertex -0.00764942 0.199519 0.6945
      vertex -0.00278091 0.199519 0.703059
    endloop
  endfacet
  facet normal 0 1 -0
    outer loop
      vertex 0.00764942 0.199519 0.6945
      vertex 0.00728035 0.199519 0.69979
      vertex 0.00855923 0.199519 0.697281
    endloop
  endfacet
  facet normal 0 1 0
    outer loop
      vertex -0.00278091 0.199519 0.703059
      vertex -0.00764942 0.199519 0.6945
      vertex -0.00529003 0.199519 0.701781
    endloop
  endfacet
  facet normal 0 1 0
    outer loop
      vertex 0.00764942 0.199519 0.6945
      vertex 0.00855923 0.199519 0.697281
      vertex 0.00899982 0.199519 0.6945
    endloop
  endfacet
  facet normal 0 1 0
    outer loop
      vertex -0.00529003 0.199519 0.701781
      vertex -0.00764942 0.199519 0.6945
      vertex -0.00728035 0.199519 0.69979
    endloop
  endfacet
  facet normal 0 1 0
    outer loop
      vertex -0.00728035 0.199519 0.69979
      vertex -0.00764942 0.199519 0.6945
      vertex -0.00855923 0.199519 0.697281
    endloop
  endfacet
  facet normal 0 1 0
    outer loop
      vertex -0.00764942 0.199519 0.6945
      vertex -0.00899982 0.199519 0.6945
      vertex -0.00855923 0.199519 0.697281
    endloop
  endfacet
  facet normal 0 1 0
    outer loop
      vertex -0.00764942 0.199519 0.6945
      vertex -0.00855923 0.199519 0.691718
      vertex -0.00899982 0.199519 0.6945
    endloop
  endfacet
  facet normal -0 1 0
    outer loop
      vertex -0.00855923 0.199519 0.691718
      vertex -0.00764942 0.199519 0.6945
      vertex -0.00764942 0.199519 0.689934
    endloop
  endfacet
  facet normal -0.453861 0 -0.891073
    outer loop
      vertex -0.00529003 0.14652 0.687218
      vertex -0.00278091 0.192422 0.68594
      vertex -0.00278091 0.14652 0.68594
    endloop
  endfacet
  facet normal -0.452308 -0.000106811 -0.891862
    outer loop
      vertex -0.00278091 0.192422 0.68594
      vertex -0.00529003 0.14652 0.687218
      vertex -0.00292683 0.192451 0.686014
    endloop
  endfacet
  facet normal -0.453957 0 -0.891023
    outer loop
      vertex -0.00292683 0.192451 0.686014
      vertex -0.00529003 0.14652 0.687218
      vertex -0.00529003 0.19403 0.687218
    endloop
  endfacet
  facet normal 0.707228 -0 0.706986
    outer loop
      vertex 0.00529003 0.16052 0.701781
      vertex 0.00728035 0.199519 0.69979
      vertex 0.00529003 0.199519 0.701781
    endloop
  endfacet
  facet normal 0.707228 0 0.706986
    outer loop
      vertex 0.00728035 0.199519 0.69979
      vertex 0.00529003 0.16052 0.701781
      vertex 0.00728035 0.16052 0.69979
    endloop
  endfacet
  facet normal -0.453861 0 0.891073
    outer loop
      vertex -0.00529003 0.199519 0.701781
      vertex -0.00278091 0.16052 0.703059
      vertex -0.00278091 0.199519 0.703059
    endloop
  endfacet
  facet normal -0.453861 0 0.891073
    outer loop
      vertex -0.00278091 0.16052 0.703059
      vertex -0.00529003 0.199519 0.701781
      vertex -0.00529003 0.16052 0.701781
    endloop
  endfacet
  facet normal -0.987682 0 0.156477
    outer loop
      vertex -0.00899982 0.14652 0.6945
      vertex -0.00855923 0.199519 0.697281
      vertex -0.00899982 0.199519 0.6945
    endloop
  endfacet
  facet normal -0.987682 0 0.156477
    outer loop
      vertex -0.00855923 0.199519 0.697281
      vertex -0.00899982 0.14652 0.6945
      vertex -0.00855923 0.14652 0.697281
    endloop
  endfacet
  facet normal 0.707735 0 -0.706478
    outer loop
      vertex 0.00728035 0.14652 0.68921
      vertex 0.00706673 0.196591 0.688996
      vertex 0.00728035 0.197665 0.68921
    endloop
  endfacet
  facet normal 0.707219 -4.40929e-06 -0.706995
    outer loop
      vertex 0.00728035 0.14652 0.68921
      vertex 0.00540924 0.19411 0.687338
      vertex 0.00706673 0.196591 0.688996
    endloop
  endfacet
  facet normal 0.709383 0.000166081 -0.704823
    outer loop
      vertex 0.00728035 0.14652 0.68921
      vertex 0.00529003 0.19403 0.687218
      vertex 0.00540924 0.19411 0.687338
    endloop
  endfacet
  facet normal 0.707405 0 -0.706808
    outer loop
      vertex 0.00529003 0.19403 0.687218
      vertex 0.00728035 0.14652 0.68921
      vertex 0.00529003 0.14652 0.687218
    endloop
  endfacet
  facet normal 0.890842 7.58345e-05 -0.454314
    outer loop
      vertex 0.00855923 0.199519 0.691718
      vertex 0.00728035 0.197665 0.68921
      vertex 0.00764942 0.199519 0.689934
    endloop
  endfacet
  facet normal 0.890864 0 -0.45427
    outer loop
      vertex 0.00855923 0.14652 0.691718
      vertex 0.00728035 0.197665 0.68921
      vertex 0.00855923 0.199519 0.691718
    endloop
  endfacet
  facet normal 0.890864 0 -0.45427
    outer loop
      vertex 0.00728035 0.197665 0.68921
      vertex 0.00855923 0.14652 0.691718
      vertex 0.00728035 0.14652 0.68921
    endloop
  endfacet
  facet normal 0.156624 0 0.987658
    outer loop
      vertex 0 0.199519 0.7035
      vertex 0.00278091 0.16052 0.703059
      vertex 0.00278091 0.199519 0.703059
    endloop
  endfacet
  facet normal 0.156624 0 0.987658
    outer loop
      vertex 0.00278091 0.16052 0.703059
      vertex 0 0.199519 0.7035
      vertex 0 0.16052 0.7035
    endloop
  endfacet
  facet normal -0.156624 0 0.987658
    outer loop
      vertex -0.00278091 0.199519 0.703059
      vertex 0 0.16052 0.7035
      vertex 0 0.199519 0.7035
    endloop
  endfacet
  facet normal -0.156624 0 0.987658
    outer loop
      vertex 0 0.16052 0.7035
      vertex -0.00278091 0.199519 0.703059
      vertex -0.00278091 0.16052 0.703059
    endloop
  endfacet
  facet normal -0.890937 -1.09509e-06 0.454126
    outer loop
      vertex -0.00855923 0.199519 0.697281
      vertex -0.00742812 0.16052 0.6995
      vertex -0.00728035 0.199519 0.69979
    endloop
  endfacet
  facet normal -0.89093 0 0.454141
    outer loop
      vertex -0.00855923 0.14652 0.697281
      vertex -0.00742812 0.16052 0.6995
      vertex -0.00855923 0.199519 0.697281
    endloop
  endfacet
  facet normal -0.89093 0 0.454141
    outer loop
      vertex -0.00742812 0.16052 0.6995
      vertex -0.00855923 0.14652 0.697281
      vertex -0.00742812 0.14652 0.6995
    endloop
  endfacet
  facet normal -0.890997 0 0.454009
    outer loop
      vertex -0.00728035 0.199519 0.69979
      vertex -0.00742812 0.16052 0.6995
      vertex -0.00728035 0.16052 0.69979
    endloop
  endfacet
  facet normal 0.890997 0 0.454009
    outer loop
      vertex 0.00742812 0.16052 0.6995
      vertex 0.00728035 0.199519 0.69979
      vertex 0.00728035 0.16052 0.69979
    endloop
  endfacet
  facet normal 0.890937 -1.09509e-06 0.454126
    outer loop
      vertex 0.00728035 0.199519 0.69979
      vertex 0.00742812 0.16052 0.6995
      vertex 0.00855923 0.199519 0.697281
    endloop
  endfacet
  facet normal 0.89093 0 0.454141
    outer loop
      vertex 0.00855923 0.14652 0.697281
      vertex 0.00742812 0.16052 0.6995
      vertex 0.00742812 0.14652 0.6995
    endloop
  endfacet
  facet normal 0.89093 0 0.454141
    outer loop
      vertex 0.00742812 0.16052 0.6995
      vertex 0.00855923 0.14652 0.697281
      vertex 0.00855923 0.199519 0.697281
    endloop
  endfacet
  facet normal 0.453861 0 0.891073
    outer loop
      vertex 0.00278091 0.199519 0.703059
      vertex 0.00529003 0.16052 0.701781
      vertex 0.00529003 0.199519 0.701781
    endloop
  endfacet
  facet normal 0.453861 0 0.891073
    outer loop
      vertex 0.00529003 0.16052 0.701781
      vertex 0.00278091 0.199519 0.703059
      vertex 0.00278091 0.16052 0.703059
    endloop
  endfacet
  facet normal 0.987682 -0 0.156477
    outer loop
      vertex 0.00855923 0.14652 0.697281
      vertex 0.00899982 0.199519 0.6945
      vertex 0.00855923 0.199519 0.697281
    endloop
  endfacet
  facet normal 0.987682 0 0.156477
    outer loop
      vertex 0.00899982 0.199519 0.6945
      vertex 0.00855923 0.14652 0.697281
      vertex 0.00899982 0.14652 0.6945
    endloop
  endfacet
  facet normal 0.980768 0.195179 -0
    outer loop
      vertex 0.00764942 0.199519 0.689934
      vertex 0.00706673 0.202447 0.6945
      vertex 0.00764942 0.199519 0.6945
    endloop
  endfacet
  facet normal 0.980768 0.195179 0
    outer loop
      vertex 0.00706673 0.202447 0.6945
      vertex 0.00764942 0.199519 0.689934
      vertex 0.00706673 0.202447 0.678499
    endloop
  endfacet
  facet normal 0.980768 0.195179 0
    outer loop
      vertex 0.00706673 0.202447 0.678499
      vertex 0.00764942 0.199519 0.689934
      vertex 0.00764942 0.199519 0.678499
    endloop
  endfacet
  facet normal -0.980768 0.195179 0
    outer loop
      vertex -0.00764942 0.199519 0.689934
      vertex -0.00706673 0.202447 0.678499
      vertex -0.00764942 0.199519 0.678499
    endloop
  endfacet
  facet normal -0.980768 0.195179 0
    outer loop
      vertex -0.00706673 0.202447 0.678499
      vertex -0.00764942 0.199519 0.689934
      vertex -0.00706673 0.202447 0.6945
    endloop
  endfacet
  facet normal -0.980768 0.195179 0
    outer loop
      vertex -0.00706673 0.202447 0.6945
      vertex -0.00764942 0.199519 0.689934
      vertex -0.00764942 0.199519 0.6945
    endloop
  endfacet
  facet normal 0.195354 0.980733 -0
    outer loop
      vertex 0.00292683 0.206587 0.678499
      vertex 0 0.20717 0.6945
      vertex 0.00292683 0.206587 0.6945
    endloop
  endfacet
  facet normal 0.195354 0.980733 0
    outer loop
      vertex 0 0.20717 0.6945
      vertex 0.00292683 0.206587 0.678499
      vertex 0 0.20717 0.678499
    endloop
  endfacet
  facet normal 0.83151 0.55551 0
    outer loop
      vertex 0.00706673 0.202447 0.6945
      vertex 0.00540924 0.204928 0.678499
      vertex 0.00540924 0.204928 0.6945
    endloop
  endfacet
  facet normal 0.83151 0.55551 0
    outer loop
      vertex 0.00540924 0.204928 0.678499
      vertex 0.00706673 0.202447 0.6945
      vertex 0.00706673 0.202447 0.678499
    endloop
  endfacet
  facet normal 0.194709 -0.980861 0
    outer loop
      vertex 0.00292683 0.192451 0.678499
      vertex 0 0.19187 0.6855
      vertex 0 0.19187 0.678499
    endloop
  endfacet
  facet normal 0.194698 -0.980863 -4.65695e-06
    outer loop
      vertex 0 0.19187 0.6855
      vertex 0.00292683 0.192451 0.678499
      vertex 0.00278091 0.192422 0.68594
    endloop
  endfacet
  facet normal 0.194927 -0.980818 0
    outer loop
      vertex 0.00278091 0.192422 0.68594
      vertex 0.00292683 0.192451 0.678499
      vertex 0.00292683 0.192451 0.686014
    endloop
  endfacet
  facet normal 0.555641 -0.831422 0
    outer loop
      vertex 0.00540924 0.19411 0.678499
      vertex 0.00292683 0.192451 0.686014
      vertex 0.00292683 0.192451 0.678499
    endloop
  endfacet
  facet normal 0.555572 -0.831468 -3.29974e-05
    outer loop
      vertex 0.00292683 0.192451 0.686014
      vertex 0.00540924 0.19411 0.678499
      vertex 0.00529003 0.19403 0.687218
    endloop
  endfacet
  facet normal 0.557237 -0.830353 0
    outer loop
      vertex 0.00529003 0.19403 0.687218
      vertex 0.00540924 0.19411 0.678499
      vertex 0.00540924 0.19411 0.687338
    endloop
  endfacet
  facet normal 0.555641 0.831422 -0
    outer loop
      vertex 0.00540924 0.204928 0.678499
      vertex 0.00292683 0.206587 0.6945
      vertex 0.00540924 0.204928 0.6945
    endloop
  endfacet
  facet normal 0.555641 0.831422 0
    outer loop
      vertex 0.00292683 0.206587 0.6945
      vertex 0.00540924 0.204928 0.678499
      vertex 0.00292683 0.206587 0.678499
    endloop
  endfacet
  facet normal -0.555641 0.831422 0
    outer loop
      vertex -0.00292683 0.206587 0.678499
      vertex -0.00540924 0.204928 0.6945
      vertex -0.00292683 0.206587 0.6945
    endloop
  endfacet
  facet normal -0.555641 0.831422 0
    outer loop
      vertex -0.00540924 0.204928 0.6945
      vertex -0.00292683 0.206587 0.678499
      vertex -0.00540924 0.204928 0.678499
    endloop
  endfacet
  facet normal -0.83151 0.55551 0
    outer loop
      vertex -0.00706673 0.202447 0.678499
      vertex -0.00540924 0.204928 0.6945
      vertex -0.00540924 0.204928 0.678499
    endloop
  endfacet
  facet normal -0.83151 0.55551 0
    outer loop
      vertex -0.00540924 0.204928 0.6945
      vertex -0.00706673 0.202447 0.678499
      vertex -0.00706673 0.202447 0.6945
    endloop
  endfacet
  facet normal 0 0 1
    outer loop
      vertex 0.00540924 0.204928 0.6945
      vertex 0.00764942 0.199519 0.6945
      vertex 0.00706673 0.202447 0.6945
    endloop
  endfacet
  facet normal 0 0 1
    outer loop
      vertex 0.00292683 0.206587 0.6945
      vertex 0.00764942 0.199519 0.6945
      vertex 0.00540924 0.204928 0.6945
    endloop
  endfacet
  facet normal 0 0 1
    outer loop
      vertex 0 0.20717 0.6945
      vertex 0.00764942 0.199519 0.6945
      vertex 0.00292683 0.206587 0.6945
    endloop
  endfacet
  facet normal -0 0 1
    outer loop
      vertex -0.00292683 0.206587 0.6945
      vertex 0.00764942 0.199519 0.6945
      vertex 0 0.20717 0.6945
    endloop
  endfacet
  facet normal -0 0 1
    outer loop
      vertex -0.00540924 0.204928 0.6945
      vertex 0.00764942 0.199519 0.6945
      vertex -0.00292683 0.206587 0.6945
    endloop
  endfacet
  facet normal -0 0 1
    outer loop
      vertex -0.00706673 0.202447 0.6945
      vertex 0.00764942 0.199519 0.6945
      vertex -0.00540924 0.204928 0.6945
    endloop
  endfacet
  facet normal 0 0 1
    outer loop
      vertex 0.00764942 0.199519 0.6945
      vertex -0.00706673 0.202447 0.6945
      vertex -0.00764942 0.199519 0.6945
    endloop
  endfacet
  facet normal -0.195354 0.980733 0
    outer loop
      vertex 0 0.20717 0.678499
      vertex -0.00292683 0.206587 0.6945
      vertex 0 0.20717 0.6945
    endloop
  endfacet
  facet normal -0.195354 0.980733 0
    outer loop
      vertex -0.00292683 0.206587 0.6945
      vertex 0 0.20717 0.678499
      vertex -0.00292683 0.206587 0.678499
    endloop
  endfacet
  facet normal 0.980756 -0.195236 0
    outer loop
      vertex 0.00728035 0.197665 0.68921
      vertex 0.00764942 0.199519 0.678499
      vertex 0.00764942 0.199519 0.689934
    endloop
  endfacet
  facet normal 0.980786 -0.195085 2.71727e-05
    outer loop
      vertex 0.00706673 0.196591 0.688996
      vertex 0.00764942 0.199519 0.678499
      vertex 0.00728035 0.197665 0.68921
    endloop
  endfacet
  facet normal 0.980768 -0.195179 0
    outer loop
      vertex 0.00764942 0.199519 0.678499
      vertex 0.00706673 0.196591 0.688996
      vertex 0.00706673 0.196591 0.678499
    endloop
  endfacet
  facet normal 0 0 -1
    outer loop
      vertex 0.00706673 0.196591 0.678499
      vertex 0.00706673 0.202447 0.678499
      vertex 0.00764942 0.199519 0.678499
    endloop
  endfacet
  facet normal 0 0 -1
    outer loop
      vertex 0.00540924 0.19411 0.678499
      vertex 0.00706673 0.202447 0.678499
      vertex 0.00706673 0.196591 0.678499
    endloop
  endfacet
  facet normal 0 0 -1
    outer loop
      vertex 0.00540924 0.19411 0.678499
      vertex 0.00540924 0.204928 0.678499
      vertex 0.00706673 0.202447 0.678499
    endloop
  endfacet
  facet normal 0 0 -1
    outer loop
      vertex 0.00292683 0.192451 0.678499
      vertex 0.00540924 0.204928 0.678499
      vertex 0.00540924 0.19411 0.678499
    endloop
  endfacet
  facet normal 0 0 -1
    outer loop
      vertex 0.00292683 0.192451 0.678499
      vertex 0.00292683 0.206587 0.678499
      vertex 0.00540924 0.204928 0.678499
    endloop
  endfacet
  facet normal 0 0 -1
    outer loop
      vertex 0 0.19187 0.678499
      vertex 0.00292683 0.206587 0.678499
      vertex 0.00292683 0.192451 0.678499
    endloop
  endfacet
  facet normal 0 0 -1
    outer loop
      vertex 0 0.19187 0.678499
      vertex 0 0.20717 0.678499
      vertex 0.00292683 0.206587 0.678499
    endloop
  endfacet
  facet normal 0 0 -1
    outer loop
      vertex -0.00292683 0.192451 0.678499
      vertex 0 0.20717 0.678499
      vertex 0 0.19187 0.678499
    endloop
  endfacet
  facet normal 0 0 -1
    outer loop
      vertex -0.00292683 0.192451 0.678499
      vertex -0.00292683 0.206587 0.678499
      vertex 0 0.20717 0.678499
    endloop
  endfacet
  facet normal 0 0 -1
    outer loop
      vertex -0.00540924 0.19411 0.678499
      vertex -0.00292683 0.206587 0.678499
      vertex -0.00292683 0.192451 0.678499
    endloop
  endfacet
  facet normal 0 0 -1
    outer loop
      vertex -0.00540924 0.19411 0.678499
      vertex -0.00540924 0.204928 0.678499
      vertex -0.00292683 0.206587 0.678499
    endloop
  endfacet
  facet normal 0 0 -1
    outer loop
      vertex -0.00706673 0.196591 0.678499
      vertex -0.00540924 0.204928 0.678499
      vertex -0.00540924 0.19411 0.678499
    endloop
  endfacet
  facet normal 0 0 -1
    outer loop
      vertex -0.00706673 0.196591 0.678499
      vertex -0.00706673 0.202447 0.678499
      vertex -0.00540924 0.204928 0.678499
    endloop
  endfacet
  facet normal 0 -0 -1
    outer loop
      vertex -0.00706673 0.202447 0.678499
      vertex -0.00706673 0.196591 0.678499
      vertex -0.00764942 0.199519 0.678499
    endloop
  endfacet
  facet normal 0.83151 -0.55551 0
    outer loop
      vertex 0.00540924 0.19411 0.687338
      vertex 0.00706673 0.196591 0.678499
      vertex 0.00706673 0.196591 0.688996
    endloop
  endfacet
  facet normal 0.83151 -0.55551 0
    outer loop
      vertex 0.00706673 0.196591 0.678499
      vertex 0.00540924 0.19411 0.687338
      vertex 0.00540924 0.19411 0.678499
    endloop
  endfacet
  facet normal -0.980756 -0.195236 0
    outer loop
      vertex -0.00764942 0.199519 0.678499
      vertex -0.00728035 0.197665 0.68921
      vertex -0.00764942 0.199519 0.689934
    endloop
  endfacet
  facet normal -0.980768 -0.195179 -0
    outer loop
      vertex -0.00706673 0.196591 0.688996
      vertex -0.00764942 0.199519 0.678499
      vertex -0.00706673 0.196591 0.678499
    endloop
  endfacet
  facet normal -0.980786 -0.195085 2.71727e-05
    outer loop
      vertex -0.00764942 0.199519 0.678499
      vertex -0.00706673 0.196591 0.688996
      vertex -0.00728035 0.197665 0.68921
    endloop
  endfacet
  facet normal -0.557237 -0.830353 0
    outer loop
      vertex -0.00540924 0.19411 0.678499
      vertex -0.00529003 0.19403 0.687218
      vertex -0.00540924 0.19411 0.687338
    endloop
  endfacet
  facet normal -0.555572 -0.831468 -3.29974e-05
    outer loop
      vertex -0.00540924 0.19411 0.678499
      vertex -0.00292683 0.192451 0.686014
      vertex -0.00529003 0.19403 0.687218
    endloop
  endfacet
  facet normal -0.555641 -0.831422 -0
    outer loop
      vertex -0.00292683 0.192451 0.686014
      vertex -0.00540924 0.19411 0.678499
      vertex -0.00292683 0.192451 0.678499
    endloop
  endfacet
  facet normal -0.83151 -0.55551 -0
    outer loop
      vertex -0.00540924 0.19411 0.687338
      vertex -0.00706673 0.196591 0.678499
      vertex -0.00540924 0.19411 0.678499
    endloop
  endfacet
  facet normal -0.83151 -0.55551 0
    outer loop
      vertex -0.00706673 0.196591 0.678499
      vertex -0.00540924 0.19411 0.687338
      vertex -0.00706673 0.196591 0.688996
    endloop
  endfacet
  facet normal -0.194927 -0.980818 0
    outer loop
      vertex -0.00292683 0.192451 0.678499
      vertex -0.00278091 0.192422 0.68594
      vertex -0.00292683 0.192451 0.686014
    endloop
  endfacet
  facet normal -0.194698 -0.980863 -4.65695e-06
    outer loop
      vertex -0.00292683 0.192451 0.678499
      vertex 0 0.19187 0.6855
      vertex -0.00278091 0.192422 0.68594
    endloop
  endfacet
  facet normal -0.194709 -0.980861 -0
    outer loop
      vertex 0 0.19187 0.6855
      vertex -0.00292683 0.192451 0.678499
      vertex 0 0.19187 0.678499
    endloop
  endfacet
  facet normal -1 0 0
    outer loop
      vertex -0.0249996 0.14652 0.6995
      vertex -0.0249996 0.16052 0.705499
      vertex -0.0249996 0.16052 0.6995
    endloop
  endfacet
  facet normal -1 -0 0
    outer loop
      vertex -0.0249996 0.16052 0.705499
      vertex -0.0249996 0.14652 0.6995
      vertex -0.0249996 0.14652 0.705499
    endloop
  endfacet
  facet normal 0 0 1
    outer loop
      vertex 0.0249996 0.16052 0.705499
      vertex 0.0128851 0.14652 0.705499
      vertex 0.0249996 0.14652 0.705499
    endloop
  endfacet
  facet normal -0 0 1
    outer loop
      vertex 0.00391761 0.150438 0.705499
      vertex 0.0128851 0.14652 0.705499
      vertex 0.0249996 0.16052 0.705499
    endloop
  endfacet
  facet normal 0 0 1
    outer loop
      vertex 0.0128851 0.14652 0.705499
      vertex 0.00526437 0.147908 0.705499
      vertex 0.00554066 0.14652 0.705499
    endloop
  endfacet
  facet normal 0 0 1
    outer loop
      vertex 0.0128851 0.14652 0.705499
      vertex 0.00511841 0.14864 0.705499
      vertex 0.00526437 0.147908 0.705499
    endloop
  endfacet
  facet normal 0 0 1
    outer loop
      vertex 0.0128851 0.14652 0.705499
      vertex 0.00433245 0.149816 0.705499
      vertex 0.00511841 0.14864 0.705499
    endloop
  endfacet
  facet normal 0 0 1
    outer loop
      vertex 0.0128851 0.14652 0.705499
      vertex 0.00391761 0.150438 0.705499
      vertex 0.00433245 0.149816 0.705499
    endloop
  endfacet
  facet normal 0 0 1
    outer loop
      vertex 0.0249996 0.16052 0.705499
      vertex 0.0032968 0.150852 0.705499
      vertex 0.00391761 0.150438 0.705499
    endloop
  endfacet
  facet normal 0 0 1
    outer loop
      vertex 0.0249996 0.16052 0.705499
      vertex 0.00211993 0.151638 0.705499
      vertex 0.0032968 0.150852 0.705499
    endloop
  endfacet
  facet normal 0 0 1
    outer loop
      vertex 0.0249996 0.16052 0.705499
      vertex 0.000732021 0.151915 0.705499
      vertex 0.00211993 0.151638 0.705499
    endloop
  endfacet
  facet normal 0 0 1
    outer loop
      vertex 0.0249996 0.16052 0.705499
      vertex 0 0.15206 0.705499
      vertex 0.000732021 0.151915 0.705499
    endloop
  endfacet
  facet normal -0 0 1
    outer loop
      vertex -0.0249996 0.16052 0.705499
      vertex 0 0.15206 0.705499
      vertex 0.0249996 0.16052 0.705499
    endloop
  endfacet
  facet normal 0 0 1
    outer loop
      vertex 0 0.15206 0.705499
      vertex -0.0249996 0.16052 0.705499
      vertex -0.000732021 0.151915 0.705499
    endloop
  endfacet
  facet normal 0 0 1
    outer loop
      vertex -0.0128851 0.14652 0.705499
      vertex -0.00433245 0.149816 0.705499
      vertex -0.00391761 0.150438 0.705499
    endloop
  endfacet
  facet normal 0 0 1
    outer loop
      vertex -0.00526437 0.147908 0.705499
      vertex -0.0128851 0.14652 0.705499
      vertex -0.00554066 0.14652 0.705499
    endloop
  endfacet
  facet normal 0 0 1
    outer loop
      vertex -0.00511841 0.14864 0.705499
      vertex -0.0128851 0.14652 0.705499
      vertex -0.00526437 0.147908 0.705499
    endloop
  endfacet
  facet normal 0 0 1
    outer loop
      vertex -0.00433245 0.149816 0.705499
      vertex -0.0128851 0.14652 0.705499
      vertex -0.00511841 0.14864 0.705499
    endloop
  endfacet
  facet normal 0 0 1
    outer loop
      vertex -0.0249996 0.16052 0.705499
      vertex -0.00391761 0.150438 0.705499
      vertex -0.0032968 0.150852 0.705499
    endloop
  endfacet
  facet normal 0 0 1
    outer loop
      vertex -0.0249996 0.16052 0.705499
      vertex -0.0032968 0.150852 0.705499
      vertex -0.00211993 0.151638 0.705499
    endloop
  endfacet
  facet normal 0 0 1
    outer loop
      vertex -0.000732021 0.151915 0.705499
      vertex -0.0249996 0.16052 0.705499
      vertex -0.00211993 0.151638 0.705499
    endloop
  endfacet
  facet normal 0 0 1
    outer loop
      vertex -0.00391761 0.150438 0.705499
      vertex -0.0249996 0.16052 0.705499
      vertex -0.0128851 0.14652 0.705499
    endloop
  endfacet
  facet normal 0 0 1
    outer loop
      vertex -0.0128851 0.14652 0.705499
      vertex -0.0249996 0.16052 0.705499
      vertex -0.0249996 0.14652 0.705499
    endloop
  endfacet
  facet normal 1 -0 0
    outer loop
      vertex 0.0249996 0.14652 0.705499
      vertex 0.0249996 0.16052 0.6995
      vertex 0.0249996 0.16052 0.705499
    endloop
  endfacet
  facet normal 1 0 0
    outer loop
      vertex 0.0249996 0.16052 0.6995
      vertex 0.0249996 0.14652 0.705499
      vertex 0.0249996 0.14652 0.6995
    endloop
  endfacet
  facet normal 0 0 -1
    outer loop
      vertex -0.016308 0.14652 0.6995
      vertex -0.00742812 0.16052 0.6995
      vertex -0.00742812 0.14652 0.6995
    endloop
  endfacet
  facet normal 0 0 -1
    outer loop
      vertex -0.0249996 0.16052 0.6995
      vertex -0.016308 0.14652 0.6995
      vertex -0.0249996 0.14652 0.6995
    endloop
  endfacet
  facet normal 0 0 -1
    outer loop
      vertex -0.016308 0.14652 0.6995
      vertex -0.0249996 0.16052 0.6995
      vertex -0.00742812 0.16052 0.6995
    endloop
  endfacet
  facet normal 0 0 -1
    outer loop
      vertex 0.016308 0.14652 0.6995
      vertex 0.0249996 0.16052 0.6995
      vertex 0.0249996 0.14652 0.6995
    endloop
  endfacet
  facet normal 0 0 -1
    outer loop
      vertex 0.00742812 0.16052 0.6995
      vertex 0.016308 0.14652 0.6995
      vertex 0.00742812 0.14652 0.6995
    endloop
  endfacet
  facet normal 0 0 -1
    outer loop
      vertex 0.016308 0.14652 0.6995
      vertex 0.00742812 0.16052 0.6995
      vertex 0.0249996 0.16052 0.6995
    endloop
  endfacet
  facet normal 0 1 0
    outer loop
      vertex 0.0249996 0.16052 0.705499
      vertex 0 0.16052 0.7035
      vertex -0.0249996 0.16052 0.705499
    endloop
  endfacet
  facet normal 0 1 0
    outer loop
      vertex 0.0249996 0.16052 0.705499
      vertex 0.00278091 0.16052 0.703059
      vertex 0 0.16052 0.7035
    endloop
  endfacet
  facet normal 0 1 0
    outer loop
      vertex 0.0249996 0.16052 0.705499
      vertex 0.00529003 0.16052 0.701781
      vertex 0.00278091 0.16052 0.703059
    endloop
  endfacet
  facet normal 0 1 0
    outer loop
      vertex 0.0249996 0.16052 0.705499
      vertex 0.00728035 0.16052 0.69979
      vertex 0.00529003 0.16052 0.701781
    endloop
  endfacet
  facet normal 0 1 0
    outer loop
      vertex 0.00742812 0.16052 0.6995
      vertex 0.0249996 0.16052 0.705499
      vertex 0.0249996 0.16052 0.6995
    endloop
  endfacet
  facet normal 0 1 0
    outer loop
      vertex 0.0249996 0.16052 0.705499
      vertex 0.00742812 0.16052 0.6995
      vertex 0.00728035 0.16052 0.69979
    endloop
  endfacet
  facet normal 0 1 -0
    outer loop
      vertex -0.00278091 0.16052 0.703059
      vertex -0.0249996 0.16052 0.705499
      vertex 0 0.16052 0.7035
    endloop
  endfacet
  facet normal 0 1 -0
    outer loop
      vertex -0.00529003 0.16052 0.701781
      vertex -0.0249996 0.16052 0.705499
      vertex -0.00278091 0.16052 0.703059
    endloop
  endfacet
  facet normal 0 1 -0
    outer loop
      vertex -0.00728035 0.16052 0.69979
      vertex -0.0249996 0.16052 0.705499
      vertex -0.00529003 0.16052 0.701781
    endloop
  endfacet
  facet normal 0 1 -0
    outer loop
      vertex -0.00742812 0.16052 0.6995
      vertex -0.0249996 0.16052 0.705499
      vertex -0.00728035 0.16052 0.69979
    endloop
  endfacet
  facet normal 0 1 0
    outer loop
      vertex -0.0249996 0.16052 0.705499
      vertex -0.00742812 0.16052 0.6995
      vertex -0.0249996 0.16052 0.6995
    endloop
  endfacet
  facet normal 0.323343 0.216224 0.921247
    outer loop
      vertex 0.00235653 0.148876 0.708488
      vertex 0.000826836 0.147346 0.709384
      vertex 0.00307941 0.147795 0.708488
    endloop
  endfacet
  facet normal 0.593735 0.396604 0.700131
    outer loop
      vertex 0.00352669 0.150047 0.706833
      vertex 0.00307941 0.147795 0.708488
      vertex 0.00460815 0.148428 0.706833
    endloop
  endfacet
  facet normal 0.513986 0.770743 0.376528
    outer loop
      vertex 0.0032968 0.150852 0.705499
      vertex 0.00352669 0.150047 0.706833
      vertex 0.00391761 0.150438 0.705499
    endloop
  endfacet
  facet normal 0.51499 0.770291 0.376082
    outer loop
      vertex 0.00352669 0.150047 0.706833
      vertex 0.0032968 0.150852 0.705499
      vertex 0.0019083 0.151129 0.706833
    endloop
  endfacet
  facet normal -0.593387 0.396806 0.700312
    outer loop
      vertex -0.00235653 0.148876 0.708488
      vertex -0.00352669 0.150047 0.706833
      vertex -0.00307941 0.147795 0.708488
    endloop
  endfacet
  facet normal 0.323299 0.216392 0.921223
    outer loop
      vertex 0.00307941 0.147795 0.708488
      vertex 0.000826836 0.147346 0.709384
      vertex 0.00108051 0.146967 0.709384
    endloop
  endfacet
  facet normal 0.381288 0.0764708 0.921288
    outer loop
      vertex 0.00307941 0.147795 0.708488
      vertex 0.00108051 0.146967 0.709384
      vertex 0.00117016 0.14652 0.709384
    endloop
  endfacet
  facet normal 0.216832 0.322751 0.921312
    outer loop
      vertex 0.00235653 0.148876 0.708488
      vertex 0.000447273 0.147601 0.709384
      vertex 0.000826836 0.147346 0.709384
    endloop
  endfacet
  facet normal -0.216271 0.3235 0.921181
    outer loop
      vertex -0.00127506 0.149599 0.708488
      vertex -0.00235653 0.148876 0.708488
      vertex -0.000447273 0.147601 0.709384
    endloop
  endfacet
  facet normal 0.396718 0.593387 0.700362
    outer loop
      vertex 0.0019083 0.151129 0.706833
      vertex 0.00127506 0.149599 0.708488
      vertex 0.00352669 0.150047 0.706833
    endloop
  endfacet
  facet normal -0.908597 0.181173 0.376334
    outer loop
      vertex -0.00526437 0.147908 0.705499
      vertex -0.00460815 0.148428 0.706833
      vertex -0.00511841 0.14864 0.705499
    endloop
  endfacet
  facet normal -0.908596 0.181205 0.376321
    outer loop
      vertex -0.00460815 0.148428 0.706833
      vertex -0.00526437 0.147908 0.705499
      vertex -0.00498867 0.14652 0.706833
    endloop
  endfacet
  facet normal 0.593387 0.396806 0.700312
    outer loop
      vertex 0.00352669 0.150047 0.706833
      vertex 0.00235653 0.148876 0.708488
      vertex 0.00307941 0.147795 0.708488
    endloop
  endfacet
  facet normal 0.181393 0.908871 0.375565
    outer loop
      vertex 0.00211993 0.151638 0.705499
      vertex 0.000732021 0.151915 0.705499
      vertex 0.0019083 0.151129 0.706833
    endloop
  endfacet
  facet normal 0.908775 0.180897 0.376038
    outer loop
      vertex 0.00526437 0.147908 0.705499
      vertex 0.00498867 0.14652 0.706833
      vertex 0.00554066 0.14652 0.705499
    endloop
  endfacet
  facet normal -0.700183 0.13964 0.700175
    outer loop
      vertex -0.00460815 0.148428 0.706833
      vertex -0.00498867 0.14652 0.706833
      vertex -0.00307941 0.147795 0.708488
    endloop
  endfacet
  facet normal -0.770254 0.514786 0.376435
    outer loop
      vertex -0.00433245 0.149816 0.705499
      vertex -0.00511841 0.14864 0.705499
      vertex -0.00460815 0.148428 0.706833
    endloop
  endfacet
  facet normal 0.396709 0.593401 0.700354
    outer loop
      vertex 0.00352669 0.150047 0.706833
      vertex 0.00127506 0.149599 0.708488
      vertex 0.00235653 0.148876 0.708488
    endloop
  endfacet
  facet normal 0.216271 0.3235 0.921181
    outer loop
      vertex 0.00127506 0.149599 0.708488
      vertex 0.000447273 0.147601 0.709384
      vertex 0.00235653 0.148876 0.708488
    endloop
  endfacet
  facet normal 0.514705 0.770663 0.375708
    outer loop
      vertex 0.00211993 0.151638 0.705499
      vertex 0.0019083 0.151129 0.706833
      vertex 0.0032968 0.150852 0.705499
    endloop
  endfacet
  facet normal 0.700183 0.13964 0.700175
    outer loop
      vertex 0.00460815 0.148428 0.706833
      vertex 0.00307941 0.147795 0.708488
      vertex 0.00498867 0.14652 0.706833
    endloop
  endfacet
  facet normal 0.908597 0.181173 0.376334
    outer loop
      vertex 0.00460815 0.148428 0.706833
      vertex 0.00526437 0.147908 0.705499
      vertex 0.00511841 0.14864 0.705499
    endloop
  endfacet
  facet normal 0.908596 0.181205 0.376321
    outer loop
      vertex 0.00526437 0.147908 0.705499
      vertex 0.00460815 0.148428 0.706833
      vertex 0.00498867 0.14652 0.706833
    endloop
  endfacet
  facet normal -0.908775 0.180897 0.376038
    outer loop
      vertex -0.00526437 0.147908 0.705499
      vertex -0.00554066 0.14652 0.705499
      vertex -0.00498867 0.14652 0.706833
    endloop
  endfacet
  facet normal -0.381288 0.0764708 0.921288
    outer loop
      vertex -0.00108051 0.146967 0.709384
      vertex -0.00307941 0.147795 0.708488
      vertex -0.00117016 0.14652 0.709384
    endloop
  endfacet
  facet normal 0.0760194 0.381611 0.921191
    outer loop
      vertex 0.00127506 0.149599 0.708488
      vertex 0 0.149853 0.708488
      vertex 0.000447273 0.147601 0.709384
    endloop
  endfacet
  facet normal 0.139436 0.699957 0.700441
    outer loop
      vertex 0.0019083 0.151129 0.706833
      vertex 0 0.149853 0.708488
      vertex 0.00127506 0.149599 0.708488
    endloop
  endfacet
  facet normal -0.514705 0.770663 0.375708
    outer loop
      vertex -0.00211993 0.151638 0.705499
      vertex -0.0032968 0.150852 0.705499
      vertex -0.0019083 0.151129 0.706833
    endloop
  endfacet
  facet normal 0.700091 0.139293 0.700336
    outer loop
      vertex 0.00498867 0.14652 0.706833
      vertex 0.00307941 0.147795 0.708488
      vertex 0.00333309 0.14652 0.708488
    endloop
  endfacet
  facet normal 0.38161 0.0759269 0.9212
    outer loop
      vertex 0.00307941 0.147795 0.708488
      vertex 0.00117016 0.14652 0.709384
      vertex 0.00333309 0.14652 0.708488
    endloop
  endfacet
  facet normal 0.77072 0.514028 0.376518
    outer loop
      vertex 0.00352669 0.150047 0.706833
      vertex 0.00433245 0.149816 0.705499
      vertex 0.00391761 0.150438 0.705499
    endloop
  endfacet
  facet normal 0.770444 0.514641 0.376245
    outer loop
      vertex 0.00433245 0.149816 0.705499
      vertex 0.00352669 0.150047 0.706833
      vertex 0.00460815 0.148428 0.706833
    endloop
  endfacet
  facet normal 0.770254 0.514786 0.376435
    outer loop
      vertex 0.00511841 0.14864 0.705499
      vertex 0.00433245 0.149816 0.705499
      vertex 0.00460815 0.148428 0.706833
    endloop
  endfacet
  facet normal -0.139436 0.699957 0.700441
    outer loop
      vertex 0 0.149853 0.708488
      vertex -0.0019083 0.151129 0.706833
      vertex -0.00127506 0.149599 0.708488
    endloop
  endfacet
  facet normal -0.700091 0.139293 0.700336
    outer loop
      vertex -0.00307941 0.147795 0.708488
      vertex -0.00498867 0.14652 0.706833
      vertex -0.00333309 0.14652 0.708488
    endloop
  endfacet
  facet normal 0.180483 0.90875 0.376296
    outer loop
      vertex 0.000732021 0.151915 0.705499
      vertex 0 0.151508 0.706833
      vertex 0.0019083 0.151129 0.706833
    endloop
  endfacet
  facet normal 0.18004 0.908918 0.376104
    outer loop
      vertex 0 0.151508 0.706833
      vertex 0.000732021 0.151915 0.705499
      vertex 0 0.15206 0.705499
    endloop
  endfacet
  facet normal -0.396718 0.593387 0.700362
    outer loop
      vertex -0.0019083 0.151129 0.706833
      vertex -0.00352669 0.150047 0.706833
      vertex -0.00127506 0.149599 0.708488
    endloop
  endfacet
  facet normal -0.139071 0.700235 0.700235
    outer loop
      vertex 0 0.151508 0.706833
      vertex -0.0019083 0.151129 0.706833
      vertex 0 0.149853 0.708488
    endloop
  endfacet
  facet normal -0.51499 0.770291 0.376082
    outer loop
      vertex -0.0032968 0.150852 0.705499
      vertex -0.00352669 0.150047 0.706833
      vertex -0.0019083 0.151129 0.706833
    endloop
  endfacet
  facet normal -0.513986 0.770743 0.376528
    outer loop
      vertex -0.00352669 0.150047 0.706833
      vertex -0.0032968 0.150852 0.705499
      vertex -0.00391761 0.150438 0.705499
    endloop
  endfacet
  facet normal 0.075932 0.381599 0.921204
    outer loop
      vertex 0 0.149853 0.708488
      vertex 0 0.14769 0.709384
      vertex 0.000447273 0.147601 0.709384
    endloop
  endfacet
  facet normal 0.139071 0.700235 0.700235
    outer loop
      vertex 0 0.151508 0.706833
      vertex 0 0.149853 0.708488
      vertex 0.0019083 0.151129 0.706833
    endloop
  endfacet
  facet normal -0.396709 0.593401 0.700354
    outer loop
      vertex -0.00127506 0.149599 0.708488
      vertex -0.00352669 0.150047 0.706833
      vertex -0.00235653 0.148876 0.708488
    endloop
  endfacet
  facet normal -0.38161 0.0759269 0.9212
    outer loop
      vertex -0.00307941 0.147795 0.708488
      vertex -0.00333309 0.14652 0.708488
      vertex -0.00117016 0.14652 0.709384
    endloop
  endfacet
  facet normal -0.18004 0.908918 0.376104
    outer loop
      vertex -0.000732021 0.151915 0.705499
      vertex 0 0.151508 0.706833
      vertex 0 0.15206 0.705499
    endloop
  endfacet
  facet normal -0.180483 0.90875 0.376296
    outer loop
      vertex 0 0.151508 0.706833
      vertex -0.000732021 0.151915 0.705499
      vertex -0.0019083 0.151129 0.706833
    endloop
  endfacet
  facet normal -0.216832 0.322751 0.921312
    outer loop
      vertex -0.000447273 0.147601 0.709384
      vertex -0.00235653 0.148876 0.708488
      vertex -0.000826836 0.147346 0.709384
    endloop
  endfacet
  facet normal -0.323343 0.216224 0.921247
    outer loop
      vertex -0.00235653 0.148876 0.708488
      vertex -0.00307941 0.147795 0.708488
      vertex -0.000826836 0.147346 0.709384
    endloop
  endfacet
  facet normal -0.77072 0.514028 0.376518
    outer loop
      vertex -0.00433245 0.149816 0.705499
      vertex -0.00352669 0.150047 0.706833
      vertex -0.00391761 0.150438 0.705499
    endloop
  endfacet
  facet normal -0.770444 0.514641 0.376245
    outer loop
      vertex -0.00352669 0.150047 0.706833
      vertex -0.00433245 0.149816 0.705499
      vertex -0.00460815 0.148428 0.706833
    endloop
  endfacet
  facet normal -0.593735 0.396604 0.700131
    outer loop
      vertex -0.00352669 0.150047 0.706833
      vertex -0.00460815 0.148428 0.706833
      vertex -0.00307941 0.147795 0.708488
    endloop
  endfacet
  facet normal -0.181393 0.908871 0.375565
    outer loop
      vertex -0.000732021 0.151915 0.705499
      vertex -0.00211993 0.151638 0.705499
      vertex -0.0019083 0.151129 0.706833
    endloop
  endfacet
  facet normal 0 0 1
    outer loop
      vertex 0.000826836 0.147346 0.709384
      vertex 0.00117016 0.14652 0.709384
      vertex 0.00108051 0.146967 0.709384
    endloop
  endfacet
  facet normal 0 0 1
    outer loop
      vertex 0.000447273 0.147601 0.709384
      vertex 0.00117016 0.14652 0.709384
      vertex 0.000826836 0.147346 0.709384
    endloop
  endfacet
  facet normal 0 0 1
    outer loop
      vertex 0 0.14769 0.709384
      vertex 0.00117016 0.14652 0.709384
      vertex 0.000447273 0.147601 0.709384
    endloop
  endfacet
  facet normal -0 0 1
    outer loop
      vertex -0.000447273 0.147601 0.709384
      vertex 0.00117016 0.14652 0.709384
      vertex 0 0.14769 0.709384
    endloop
  endfacet
  facet normal -0 0 1
    outer loop
      vertex -0.000826836 0.147346 0.709384
      vertex 0.00117016 0.14652 0.709384
      vertex -0.000447273 0.147601 0.709384
    endloop
  endfacet
  facet normal -0 0 1
    outer loop
      vertex -0.00108051 0.146967 0.709384
      vertex 0.00117016 0.14652 0.709384
      vertex -0.000826836 0.147346 0.709384
    endloop
  endfacet
  facet normal 0 0 1
    outer loop
      vertex 0.00117016 0.14652 0.709384
      vertex -0.00108051 0.146967 0.709384
      vertex -0.00117016 0.14652 0.709384
    endloop
  endfacet
  facet normal -0.323299 0.216392 0.921223
    outer loop
      vertex -0.000826836 0.147346 0.709384
      vertex -0.00307941 0.147795 0.708488
      vertex -0.00108051 0.146967 0.709384
    endloop
  endfacet
  facet normal -0.075932 0.381599 0.921204
    outer loop
      vertex 0 0.149853 0.708488
      vertex -0.000447273 0.147601 0.709384
      vertex 0 0.14769 0.709384
    endloop
  endfacet
  facet normal -0.0760194 0.381611 0.921191
    outer loop
      vertex 0 0.149853 0.708488
      vertex -0.00127506 0.149599 0.708488
      vertex -0.000447273 0.147601 0.709384
    endloop
  endfacet
  facet normal -0.55557 0.0731538 -0.828246
    outer loop
      vertex -0.131824 0.0353222 0.62301
      vertex -0.132584 0 0.6204
      vertex -0.136475 0 0.62301
    endloop
  endfacet
  facet normal -0.555508 0.0731555 -0.828287
    outer loop
      vertex -0.131824 0.0353222 0.62301
      vertex -0.128065 0.0343151 0.6204
      vertex -0.132584 0 0.6204
    endloop
  endfacet
  facet normal -0.825581 0.108709 -0.553713
    outer loop
      vertex -0.134344 0.0359974 0.6269
      vertex -0.136475 0 0.62301
      vertex -0.139084 0 0.6269
    endloop
  endfacet
  facet normal -0.825591 0.108708 -0.553699
    outer loop
      vertex -0.134344 0.0359974 0.6269
      vertex -0.131824 0.0353222 0.62301
      vertex -0.136475 0 0.62301
    endloop
  endfacet
  facet normal -0.972652 0.128071 -0.193768
    outer loop
      vertex -0.135228 0.0362339 0.631493
      vertex -0.139084 0 0.6269
      vertex -0.139999 0 0.631493
    endloop
  endfacet
  facet normal -0.972646 0.128074 -0.193797
    outer loop
      vertex -0.135228 0.0362339 0.631493
      vertex -0.134344 0.0359974 0.6269
      vertex -0.139084 0 0.6269
    endloop
  endfacet
  facet normal -0.99124 0.130513 0.0202209
    outer loop
      vertex -0.132492 0 0.99949
      vertex -0.127977 0.0342913 0.99949
      vertex -0.139999 0 0.631493
    endloop
  endfacet
  facet normal -0.99124 0.130519 0.0202203
    outer loop
      vertex -0.127977 0.0342913 0.99949
      vertex -0.135228 0.0362339 0.631493
      vertex -0.139999 0 0.631493
    endloop
  endfacet
  facet normal -0.977029 0.128665 0.169883
    outer loop
      vertex -0.128891 0 1.0202
      vertex -0.124498 0.0333586 1.0202
      vertex -0.132492 0 0.99949
    endloop
  endfacet
  facet normal -0.977025 0.128641 0.169921
    outer loop
      vertex -0.124498 0.0333586 1.0202
      vertex -0.127977 0.0342913 0.99949
      vertex -0.132492 0 0.99949
    endloop
  endfacet
  facet normal -0.872055 0.114836 0.475744
    outer loop
      vertex -0.118362 0 1.0395
      vertex -0.114328 0.0306339 1.0395
      vertex -0.128891 0 1.0202
    endloop
  endfacet
  facet normal -0.872058 0.114841 0.475738
    outer loop
      vertex -0.114328 0.0306339 1.0395
      vertex -0.124498 0.0333586 1.0202
      vertex -0.128891 0 1.0202
    endloop
  endfacet
  facet normal -0.699459 0.0920897 0.708715
    outer loop
      vertex -0.101593 0 1.05605
      vertex -0.0981312 0.0262938 1.05605
      vertex -0.118362 0 1.0395
    endloop
  endfacet
  facet normal -0.699472 0.0921094 0.708699
    outer loop
      vertex -0.0981312 0.0262938 1.05605
      vertex -0.114328 0.0306339 1.0395
      vertex -0.118362 0 1.0395
    endloop
  endfacet
  facet normal -0.502291 0.0661471 0.862165
    outer loop
      vertex -0.0797424 0 1.06878
      vertex -0.0770245 0.0206385 1.06878
      vertex -0.101593 0 1.05605
    endloop
  endfacet
  facet normal -0.50228 0.0661294 0.862173
    outer loop
      vertex -0.0770245 0.0206385 1.06878
      vertex -0.0981312 0.0262938 1.05605
      vertex -0.101593 0 1.05605
    endloop
  endfacet
  facet normal -0.298944 0.039363 0.953459
    outer loop
      vertex -0.0542908 0 1.07676
      vertex -0.0524406 0.0140514 1.07676
      vertex -0.0797424 0 1.06878
    endloop
  endfacet
  facet normal -0.298946 0.0393685 0.953458
    outer loop
      vertex -0.0524406 0.0140514 1.07676
      vertex -0.0770245 0.0206385 1.06878
      vertex -0.0797424 0 1.06878
    endloop
  endfacet
  facet normal -0.0995024 0.0131086 0.994951
    outer loop
      vertex -0.0269928 0 1.07949
      vertex -0.0260725 0.00698566 1.07949
      vertex -0.0542908 0 1.07676
    endloop
  endfacet
  facet normal -0.0995007 0.0131016 0.994951
    outer loop
      vertex -0.0260725 0.00698566 1.07949
      vertex -0.0524406 0.0140514 1.07676
      vertex -0.0542908 0 1.07676
    endloop
  endfacet
  facet normal -0.991433 0.130613 0
    outer loop
      vertex -0.0269928 0 1.07949
      vertex -0.0260725 0.00698566 1.0985
      vertex -0.0260725 0.00698566 1.07949
    endloop
  endfacet
  facet normal -0.991433 0.130613 0
    outer loop
      vertex -0.0260725 0.00698566 1.0985
      vertex -0.0269928 0 1.07949
      vertex -0.0269928 0 1.0985
    endloop
  endfacet
  facet normal -0.192081 0.025293 -0.981053
    outer loop
      vertex -0.132584 0 0.6204
      vertex -0.128032 0.0190539 0.62
      vertex -0.130541 0 0.62
    endloop
  endfacet
  facet normal -0.192102 0.0252982 -0.981049
    outer loop
      vertex -0.128032 0.0190539 0.62
      vertex -0.132584 0 0.6204
      vertex -0.128065 0.0343151 0.6204
    endloop
  endfacet
  facet normal -0.192113 0.0252981 -0.981047
    outer loop
      vertex -0.126092 0.0337862 0.62
      vertex -0.128032 0.0190539 0.62
      vertex -0.128065 0.0343151 0.6204
    endloop
  endfacet
  facet normal -0.517658 0.214423 -0.828283
    outer loop
      vertex -0.11819 0.0682373 0.62301
      vertex -0.128065 0.0343151 0.6204
      vertex -0.131824 0.0353222 0.62301
    endloop
  endfacet
  facet normal -0.517685 0.214429 -0.828265
    outer loop
      vertex -0.11819 0.0682373 0.62301
      vertex -0.11482 0.0662918 0.6204
      vertex -0.128065 0.0343151 0.6204
    endloop
  endfacet
  facet normal -0.769336 0.318656 -0.553697
    outer loop
      vertex -0.12045 0.0695419 0.6269
      vertex -0.131824 0.0353222 0.62301
      vertex -0.134344 0.0359974 0.6269
    endloop
  endfacet
  facet normal -0.769271 0.318645 -0.553794
    outer loop
      vertex -0.12045 0.0695419 0.6269
      vertex -0.11819 0.0682373 0.62301
      vertex -0.131824 0.0353222 0.62301
    endloop
  endfacet
  facet normal -0.90638 0.375401 -0.193778
    outer loop
      vertex -0.121243 0.0699997 0.631493
      vertex -0.134344 0.0359974 0.6269
      vertex -0.135228 0.0362339 0.631493
    endloop
  endfacet
  facet normal -0.906351 0.375407 -0.193903
    outer loop
      vertex -0.121243 0.0699997 0.631493
      vertex -0.12045 0.0695419 0.6269
      vertex -0.134344 0.0359974 0.6269
    endloop
  endfacet
  facet normal -0.923691 0.382603 0.0202201
    outer loop
      vertex -0.127977 0.0342913 0.99949
      vertex -0.114741 0.066246 0.99949
      vertex -0.135228 0.0362339 0.631493
    endloop
  endfacet
  facet normal -0.923703 0.382576 0.020223
    outer loop
      vertex -0.114741 0.066246 0.99949
      vertex -0.121243 0.0699997 0.631493
      vertex -0.135228 0.0362339 0.631493
    endloop
  endfacet
  facet normal -0.91046 0.377078 0.169927
    outer loop
      vertex -0.124498 0.0333586 1.0202
      vertex -0.111623 0.0644455 1.0202
      vertex -0.127977 0.0342913 0.99949
    endloop
  endfacet
  facet normal -0.910455 0.377121 0.16986
    outer loop
      vertex -0.111623 0.0644455 1.0202
      vertex -0.114741 0.066246 0.99949
      vertex -0.127977 0.0342913 0.99949
    endloop
  endfacet
  facet normal -0.812651 0.336563 0.475735
    outer loop
      vertex -0.114328 0.0306339 1.0395
      vertex -0.102505 0.0591812 1.0395
      vertex -0.124498 0.0333586 1.0202
    endloop
  endfacet
  facet normal -0.812652 0.336569 0.475729
    outer loop
      vertex -0.102505 0.0591812 1.0395
      vertex -0.111623 0.0644455 1.0202
      vertex -0.124498 0.0333586 1.0202
    endloop
  endfacet
  facet normal -0.651802 0.270003 0.708698
    outer loop
      vertex -0.0981312 0.0262938 1.05605
      vertex -0.0879812 0.0507965 1.05605
      vertex -0.114328 0.0306339 1.0395
    endloop
  endfacet
  facet normal -0.651781 0.269938 0.708742
    outer loop
      vertex -0.0879812 0.0507965 1.05605
      vertex -0.102505 0.0591812 1.0395
      vertex -0.114328 0.0306339 1.0395
    endloop
  endfacet
  facet normal -0.468054 0.193866 0.862172
    outer loop
      vertex -0.0770245 0.0206385 1.06878
      vertex -0.0690584 0.0398712 1.06878
      vertex -0.0981312 0.0262938 1.05605
    endloop
  endfacet
  facet normal -0.468061 0.19389 0.862163
    outer loop
      vertex -0.0690584 0.0398712 1.06878
      vertex -0.0879812 0.0507965 1.05605
      vertex -0.0981312 0.0262938 1.05605
    endloop
  endfacet
  facet normal -0.278578 0.115386 0.953457
    outer loop
      vertex -0.0524406 0.0140514 1.07676
      vertex -0.0470171 0.0271454 1.07676
      vertex -0.0770245 0.0206385 1.06878
    endloop
  endfacet
  facet normal -0.278578 0.115386 0.953457
    outer loop
      vertex -0.0470171 0.0271454 1.07676
      vertex -0.0690584 0.0398712 1.06878
      vertex -0.0770245 0.0206385 1.06878
    endloop
  endfacet
  facet normal -0.0927195 0.038408 0.994951
    outer loop
      vertex -0.0260725 0.00698566 1.07949
      vertex -0.0233755 0.0134964 1.07949
      vertex -0.0524406 0.0140514 1.07676
    endloop
  endfacet
  facet normal -0.0927195 0.0384042 0.994951
    outer loop
      vertex -0.0233755 0.0134964 1.07949
      vertex -0.0470171 0.0271454 1.07676
      vertex -0.0524406 0.0140514 1.07676
    endloop
  endfacet
  facet normal -0.923871 0.382703 0
    outer loop
      vertex -0.0260725 0.00698566 1.07949
      vertex -0.0233755 0.0134964 1.0985
      vertex -0.0233755 0.0134964 1.07949
    endloop
  endfacet
  facet normal -0.923871 0.382703 0
    outer loop
      vertex -0.0233755 0.0134964 1.0985
      vertex -0.0260725 0.00698566 1.07949
      vertex -0.0260725 0.00698566 1.0985
    endloop
  endfacet
  facet normal -0.179018 0.0741461 -0.981048
    outer loop
      vertex -0.128065 0.0343151 0.6204
      vertex -0.118738 0.0515417 0.62
      vertex -0.126092 0.0337862 0.62
    endloop
  endfacet
  facet normal -0.179054 0.0741656 -0.98104
    outer loop
      vertex -0.118738 0.0515417 0.62
      vertex -0.128065 0.0343151 0.6204
      vertex -0.11482 0.0662918 0.6204
    endloop
  endfacet
  facet normal -0.179018 0.0741562 -0.981047
    outer loop
      vertex -0.11482 0.0662918 0.6204
      vertex -0.113051 0.0652705 0.62
      vertex -0.118738 0.0515417 0.62
    endloop
  endfacet
  facet normal -0.444543 0.341122 -0.828262
    outer loop
      vertex -0.0965014 0.0965014 0.62301
      vertex -0.11482 0.0662918 0.6204
      vertex -0.11819 0.0682373 0.62301
    endloop
  endfacet
  facet normal -0.444556 0.34113 -0.828251
    outer loop
      vertex -0.0965014 0.0965014 0.62301
      vertex -0.09375 0.09375 0.6204
      vertex -0.11482 0.0662918 0.6204
    endloop
  endfacet
  facet normal -0.660586 0.506899 -0.553786
    outer loop
      vertex -0.0983467 0.0983467 0.6269
      vertex -0.11819 0.0682373 0.62301
      vertex -0.12045 0.0695419 0.6269
    endloop
  endfacet
  facet normal -0.660571 0.506893 -0.55381
    outer loop
      vertex -0.0983467 0.0983467 0.6269
      vertex -0.0965014 0.0965014 0.62301
      vertex -0.11819 0.0682373 0.62301
    endloop
  endfacet
  facet normal -0.778292 0.597214 -0.193902
    outer loop
      vertex -0.0989943 0.0989943 0.631493
      vertex -0.12045 0.0695419 0.6269
      vertex -0.121243 0.0699997 0.631493
    endloop
  endfacet
  facet normal -0.778282 0.597213 -0.193941
    outer loop
      vertex -0.0989943 0.0989943 0.631493
      vertex -0.0983467 0.0983467 0.6269
      vertex -0.12045 0.0695419 0.6269
    endloop
  endfacet
  facet normal -0.793178 0.608654 0.0202228
    outer loop
      vertex -0.114741 0.066246 0.99949
      vertex -0.0936852 0.0936852 0.99949
      vertex -0.121243 0.0699997 0.631493
    endloop
  endfacet
  facet normal -0.793186 0.608643 0.0202242
    outer loop
      vertex -0.0936852 0.0936852 0.99949
      vertex -0.0989943 0.0989943 0.631493
      vertex -0.121243 0.0699997 0.631493
    endloop
  endfacet
  facet normal -0.7818 0.599946 0.169863
    outer loop
      vertex -0.111623 0.0644455 1.0202
      vertex -0.0911388 0.0911388 1.0202
      vertex -0.114741 0.066246 0.99949
    endloop
  endfacet
  facet normal -0.781807 0.599929 0.169891
    outer loop
      vertex -0.0911388 0.0911388 1.0202
      vertex -0.0936852 0.0936852 0.99949
      vertex -0.114741 0.066246 0.99949
    endloop
  endfacet
  facet normal -0.697816 0.535475 0.47573
    outer loop
      vertex -0.102505 0.0591812 1.0395
      vertex -0.0836945 0.0836945 1.0395
      vertex -0.111623 0.0644455 1.0202
    endloop
  endfacet
  facet normal -0.697815 0.535497 0.475707
    outer loop
      vertex -0.0836945 0.0836945 1.0395
      vertex -0.0911388 0.0911388 1.0202
      vertex -0.111623 0.0644455 1.0202
    endloop
  endfacet
  facet normal -0.559684 0.429464 0.708741
    outer loop
      vertex -0.0879812 0.0507965 1.05605
      vertex -0.0718365 0.0718365 1.05605
      vertex -0.102505 0.0591812 1.0395
    endloop
  endfacet
  facet normal -0.559685 0.429479 0.708732
    outer loop
      vertex -0.0718365 0.0718365 1.05605
      vertex -0.0836945 0.0836945 1.0395
      vertex -0.102505 0.0591812 1.0395
    endloop
  endfacet
  facet normal -0.401936 0.30842 0.862163
    outer loop
      vertex -0.0690584 0.0398712 1.06878
      vertex -0.056386 0.056386 1.06878
      vertex -0.0879812 0.0507965 1.05605
    endloop
  endfacet
  facet normal -0.401936 0.308419 0.862163
    outer loop
      vertex -0.056386 0.056386 1.06878
      vertex -0.0718365 0.0718365 1.05605
      vertex -0.0879812 0.0507965 1.05605
    endloop
  endfacet
  facet normal -0.239216 0.183561 0.953457
    outer loop
      vertex -0.0470171 0.0271454 1.07676
      vertex -0.0383892 0.0383892 1.07676
      vertex -0.0690584 0.0398712 1.06878
    endloop
  endfacet
  facet normal -0.239216 0.183559 0.953458
    outer loop
      vertex -0.0383892 0.0383892 1.07676
      vertex -0.056386 0.056386 1.06878
      vertex -0.0690584 0.0398712 1.06878
    endloop
  endfacet
  facet normal -0.0796162 0.0611006 0.994951
    outer loop
      vertex -0.0233755 0.0134964 1.07949
      vertex -0.0190859 0.0190859 1.07949
      vertex -0.0470171 0.0271454 1.07676
    endloop
  endfacet
  facet normal -0.079618 0.0610946 0.994951
    outer loop
      vertex -0.0190859 0.0190859 1.07949
      vertex -0.0383892 0.0383892 1.07676
      vertex -0.0470171 0.0271454 1.07676
    endloop
  endfacet
  facet normal -0.79331 0.608817 0
    outer loop
      vertex -0.0233755 0.0134964 1.07949
      vertex -0.0190859 0.0190859 1.0985
      vertex -0.0190859 0.0190859 1.07949
    endloop
  endfacet
  facet normal -0.79331 0.608817 0
    outer loop
      vertex -0.0190859 0.0190859 1.0985
      vertex -0.0233755 0.0134964 1.07949
      vertex -0.0233755 0.0134964 1.0985
    endloop
  endfacet
  facet normal -0.153729 0.11796 -0.981047
    outer loop
      vertex -0.11482 0.0662918 0.6204
      vertex -0.101352 0.080517 0.62
      vertex -0.113051 0.0652705 0.62
    endloop
  endfacet
  facet normal -0.153749 0.117979 -0.981041
    outer loop
      vertex -0.101352 0.080517 0.62
      vertex -0.11482 0.0662918 0.6204
      vertex -0.09375 0.09375 0.6204
    endloop
  endfacet
  facet normal -0.153743 0.117976 -0.981043
    outer loop
      vertex -0.09375 0.09375 0.6204
      vertex -0.0923058 0.0923058 0.62
      vertex -0.101352 0.080517 0.62
    endloop
  endfacet
  facet normal -0.341131 0.444555 -0.828252
    outer loop
      vertex -0.0682373 0.11819 0.62301
      vertex -0.09375 0.09375 0.6204
      vertex -0.0965014 0.0965014 0.62301
    endloop
  endfacet
  facet normal -0.34112 0.444544 -0.828262
    outer loop
      vertex -0.0682373 0.11819 0.62301
      vertex -0.0662918 0.11482 0.6204
      vertex -0.09375 0.09375 0.6204
    endloop
  endfacet
  facet normal -0.50689 0.660574 -0.55381
    outer loop
      vertex -0.0695419 0.12045 0.6269
      vertex -0.0965014 0.0965014 0.62301
      vertex -0.0983467 0.0983467 0.6269
    endloop
  endfacet
  facet normal -0.506903 0.660584 -0.553785
    outer loop
      vertex -0.0695419 0.12045 0.6269
      vertex -0.0682373 0.11819 0.62301
      vertex -0.0965014 0.0965014 0.62301
    endloop
  endfacet
  facet normal -0.597209 0.778285 -0.193941
    outer loop
      vertex -0.0699997 0.121243 0.631493
      vertex -0.0983467 0.0983467 0.6269
      vertex -0.0989943 0.0989943 0.631493
    endloop
  endfacet
  facet normal -0.597218 0.778288 -0.193901
    outer loop
      vertex -0.0699997 0.121243 0.631493
      vertex -0.0695419 0.12045 0.6269
      vertex -0.0983467 0.0983467 0.6269
    endloop
  endfacet
  facet normal -0.608654 0.793178 0.0202243
    outer loop
      vertex -0.0936852 0.0936852 0.99949
      vertex -0.066246 0.114741 0.99949
      vertex -0.0989943 0.0989943 0.631493
    endloop
  endfacet
  facet normal -0.608643 0.793186 0.0202229
    outer loop
      vertex -0.066246 0.114741 0.99949
      vertex -0.0699997 0.121243 0.631493
      vertex -0.0989943 0.0989943 0.631493
    endloop
  endfacet
  facet normal -0.599943 0.781796 0.169892
    outer loop
      vertex -0.0911388 0.0911388 1.0202
      vertex -0.0644455 0.111623 1.0202
      vertex -0.0936852 0.0936852 0.99949
    endloop
  endfacet
  facet normal -0.599932 0.781811 0.169863
    outer loop
      vertex -0.0644455 0.111623 1.0202
      vertex -0.066246 0.114741 0.99949
      vertex -0.0936852 0.0936852 0.99949
    endloop
  endfacet
  facet normal -0.535483 0.697826 0.475706
    outer loop
      vertex -0.0836945 0.0836945 1.0395
      vertex -0.0591812 0.102505 1.0395
      vertex -0.0911388 0.0911388 1.0202
    endloop
  endfacet
  facet normal -0.53549 0.697806 0.475729
    outer loop
      vertex -0.0591812 0.102505 1.0395
      vertex -0.0644455 0.111623 1.0202
      vertex -0.0911388 0.0911388 1.0202
    endloop
  endfacet
  facet normal -0.429471 0.559692 0.708731
    outer loop
      vertex -0.0718365 0.0718365 1.05605
      vertex -0.0507965 0.0879812 1.05605
      vertex -0.0836945 0.0836945 1.0395
    endloop
  endfacet
  facet normal -0.429474 0.559678 0.708741
    outer loop
      vertex -0.0507965 0.0879812 1.05605
      vertex -0.0591812 0.102505 1.0395
      vertex -0.0836945 0.0836945 1.0395
    endloop
  endfacet
  facet normal -0.308419 0.401935 0.862163
    outer loop
      vertex -0.056386 0.056386 1.06878
      vertex -0.0398712 0.0690584 1.06878
      vertex -0.0718365 0.0718365 1.05605
    endloop
  endfacet
  facet normal -0.308419 0.401936 0.862163
    outer loop
      vertex -0.0398712 0.0690584 1.06878
      vertex -0.0507965 0.0879812 1.05605
      vertex -0.0718365 0.0718365 1.05605
    endloop
  endfacet
  facet normal -0.18356 0.239214 0.953458
    outer loop
      vertex -0.0383892 0.0383892 1.07676
      vertex -0.0271454 0.0470171 1.07676
      vertex -0.056386 0.056386 1.06878
    endloop
  endfacet
  facet normal -0.18356 0.239217 0.953458
    outer loop
      vertex -0.0271454 0.0470171 1.07676
      vertex -0.0398712 0.0690584 1.06878
      vertex -0.056386 0.056386 1.06878
    endloop
  endfacet
  facet normal -0.0610988 0.0796138 0.994952
    outer loop
      vertex -0.0190859 0.0190859 1.07949
      vertex -0.0134964 0.0233755 1.07949
      vertex -0.0383892 0.0383892 1.07676
    endloop
  endfacet
  facet normal -0.0610955 0.0796191 0.994951
    outer loop
      vertex -0.0134964 0.0233755 1.07949
      vertex -0.0271454 0.0470171 1.07676
      vertex -0.0383892 0.0383892 1.07676
    endloop
  endfacet
  facet normal -0.608817 0.79331 0
    outer loop
      vertex -0.0134964 0.0233755 1.07949
      vertex -0.0190859 0.0190859 1.0985
      vertex -0.0134964 0.0233755 1.0985
    endloop
  endfacet
  facet normal -0.608817 0.79331 0
    outer loop
      vertex -0.0190859 0.0190859 1.0985
      vertex -0.0134964 0.0233755 1.07949
      vertex -0.0190859 0.0190859 1.07949
    endloop
  endfacet
  facet normal -0.117974 0.153745 -0.981043
    outer loop
      vertex -0.09375 0.09375 0.6204
      vertex -0.0770593 0.104005 0.62
      vertex -0.0923058 0.0923058 0.62
    endloop
  endfacet
  facet normal -0.117967 0.153734 -0.981045
    outer loop
      vertex -0.0770593 0.104005 0.62
      vertex -0.09375 0.09375 0.6204
      vertex -0.0662918 0.11482 0.6204
    endloop
  endfacet
  facet normal -0.117961 0.153728 -0.981047
    outer loop
      vertex -0.0662918 0.11482 0.6204
      vertex -0.0652705 0.113051 0.62
      vertex -0.0770593 0.104005 0.62
    endloop
  endfacet
  facet normal -0.214433 0.517683 -0.828265
    outer loop
      vertex -0.0353222 0.131824 0.62301
      vertex -0.0662918 0.11482 0.6204
      vertex -0.0682373 0.11819 0.62301
    endloop
  endfacet
  facet normal -0.214418 0.517659 -0.828284
    outer loop
      vertex -0.0353222 0.131824 0.62301
      vertex -0.0343151 0.128065 0.6204
      vertex -0.0662918 0.11482 0.6204
    endloop
  endfacet
  facet normal -0.318632 0.769277 -0.553793
    outer loop
      vertex -0.0359974 0.134344 0.6269
      vertex -0.0682373 0.11819 0.62301
      vertex -0.0695419 0.12045 0.6269
    endloop
  endfacet
  facet normal -0.31867 0.769331 -0.553696
    outer loop
      vertex -0.0359974 0.134344 0.6269
      vertex -0.0353222 0.131824 0.62301
      vertex -0.0682373 0.11819 0.62301
    endloop
  endfacet
  facet normal -0.375392 0.906357 -0.193903
    outer loop
      vertex -0.0362339 0.135228 0.631493
      vertex -0.0695419 0.12045 0.6269
      vertex -0.0699997 0.121243 0.631493
    endloop
  endfacet
  facet normal -0.375416 0.906373 -0.193778
    outer loop
      vertex -0.0362339 0.135228 0.631493
      vertex -0.0359974 0.134344 0.6269
      vertex -0.0695419 0.12045 0.6269
    endloop
  endfacet
  facet normal -0.382603 0.923691 0.020223
    outer loop
      vertex -0.066246 0.114741 0.99949
      vertex -0.0342913 0.127977 0.99949
      vertex -0.0699997 0.121243 0.631493
    endloop
  endfacet
  facet normal -0.382576 0.923703 0.0202202
    outer loop
      vertex -0.0342913 0.127977 0.99949
      vertex -0.0362339 0.135228 0.631493
      vertex -0.0699997 0.121243 0.631493
    endloop
  endfacet
  facet normal -0.377082 0.910471 0.169859
    outer loop
      vertex -0.0644455 0.111623 1.0202
      vertex -0.0333586 0.124498 1.0202
      vertex -0.066246 0.114741 0.99949
    endloop
  endfacet
  facet normal -0.377116 0.910444 0.169926
    outer loop
      vertex -0.0333586 0.124498 1.0202
      vertex -0.0342913 0.127977 0.99949
      vertex -0.066246 0.114741 0.99949
    endloop
  endfacet
  facet normal -0.336565 0.812654 0.475728
    outer loop
      vertex -0.0591812 0.102505 1.0395
      vertex -0.0306339 0.114328 1.0395
      vertex -0.0644455 0.111623 1.0202
    endloop
  endfacet
  facet normal -0.336568 0.812649 0.475735
    outer loop
      vertex -0.0306339 0.114328 1.0395
      vertex -0.0333586 0.124498 1.0202
      vertex -0.0644455 0.111623 1.0202
    endloop
  endfacet
  facet normal -0.269984 0.651758 0.708745
    outer loop
      vertex -0.0507965 0.0879812 1.05605
      vertex -0.0262938 0.0981312 1.05605
      vertex -0.0591812 0.102505 1.0395
    endloop
  endfacet
  facet normal -0.269954 0.651819 0.708701
    outer loop
      vertex -0.0262938 0.0981312 1.05605
      vertex -0.0306339 0.114328 1.0395
      vertex -0.0591812 0.102505 1.0395
    endloop
  endfacet
  facet normal -0.193873 0.468071 0.862162
    outer loop
      vertex -0.0398712 0.0690584 1.06878
      vertex -0.0206385 0.0770245 1.06878
      vertex -0.0507965 0.0879812 1.05605
    endloop
  endfacet
  facet normal -0.193885 0.468049 0.862171
    outer loop
      vertex -0.0206385 0.0770245 1.06878
      vertex -0.0262938 0.0981312 1.05605
      vertex -0.0507965 0.0879812 1.05605
    endloop
  endfacet
  facet normal -0.115386 0.278577 0.953457
    outer loop
      vertex -0.0271454 0.0470171 1.07676
      vertex -0.0140514 0.0524406 1.07676
      vertex -0.0398712 0.0690584 1.06878
    endloop
  endfacet
  facet normal -0.115386 0.278578 0.953457
    outer loop
      vertex -0.0140514 0.0524406 1.07676
      vertex -0.0206385 0.0770245 1.06878
      vertex -0.0398712 0.0690584 1.06878
    endloop
  endfacet
  facet normal -0.0384073 0.0927178 0.994951
    outer loop
      vertex -0.0134964 0.0233755 1.07949
      vertex -0.00698566 0.0260725 1.07949
      vertex -0.0271454 0.0470171 1.07676
    endloop
  endfacet
  facet normal -0.0384045 0.0927204 0.994951
    outer loop
      vertex -0.00698566 0.0260725 1.07949
      vertex -0.0140514 0.0524406 1.07676
      vertex -0.0271454 0.0470171 1.07676
    endloop
  endfacet
  facet normal -0.382703 0.923871 0
    outer loop
      vertex -0.00698566 0.0260725 1.07949
      vertex -0.0134964 0.0233755 1.0985
      vertex -0.00698566 0.0260725 1.0985
    endloop
  endfacet
  facet normal -0.382703 0.923871 0
    outer loop
      vertex -0.0134964 0.0233755 1.0985
      vertex -0.00698566 0.0260725 1.07949
      vertex -0.0134964 0.0233755 1.07949
    endloop
  endfacet
  facet normal -0.0741561 0.179018 -0.981047
    outer loop
      vertex -0.0662918 0.11482 0.6204
      vertex -0.047515 0.120406 0.62
      vertex -0.0652705 0.113051 0.62
    endloop
  endfacet
  facet normal -0.0741691 0.179063 -0.981038
    outer loop
      vertex -0.047515 0.120406 0.62
      vertex -0.0662918 0.11482 0.6204
      vertex -0.0343151 0.128065 0.6204
    endloop
  endfacet
  facet normal -0.0741436 0.179019 -0.981048
    outer loop
      vertex -0.0343151 0.128065 0.6204
      vertex -0.0337862 0.126092 0.62
      vertex -0.047515 0.120406 0.62
    endloop
  endfacet
  facet normal -0.073146 0.55551 -0.828286
    outer loop
      vertex 0 0.136475 0.62301
      vertex -0.0343151 0.128065 0.6204
      vertex -0.0353222 0.131824 0.62301
    endloop
  endfacet
  facet normal -0.0731636 0.555569 -0.828245
    outer loop
      vertex 0 0.136475 0.62301
      vertex 0 0.132584 0.6204
      vertex -0.0343151 0.128065 0.6204
    endloop
  endfacet
  facet normal -0.108711 0.82559 -0.553699
    outer loop
      vertex 0 0.139084 0.6269
      vertex -0.0353222 0.131824 0.62301
      vertex -0.0359974 0.134344 0.6269
    endloop
  endfacet
  facet normal -0.108707 0.825582 -0.553713
    outer loop
      vertex 0 0.139084 0.6269
      vertex 0 0.136475 0.62301
      vertex -0.0353222 0.131824 0.62301
    endloop
  endfacet
  facet normal -0.128071 0.972646 -0.193797
    outer loop
      vertex 0 0.139999 0.631493
      vertex -0.0359974 0.134344 0.6269
      vertex -0.0362339 0.135228 0.631493
    endloop
  endfacet
  facet normal -0.128075 0.972651 -0.193768
    outer loop
      vertex 0 0.139999 0.631493
      vertex 0 0.139084 0.6269
      vertex -0.0359974 0.134344 0.6269
    endloop
  endfacet
  facet normal -0.130513 0.99124 0.0202203
    outer loop
      vertex -0.0342913 0.127977 0.99949
      vertex 0 0.132492 0.99949
      vertex -0.0362339 0.135228 0.631493
    endloop
  endfacet
  facet normal -0.130405 0.991255 0.0202217
    outer loop
      vertex -0.00528336 0.137687 0.710763
      vertex 0 0.132492 0.99949
      vertex 0 0.138365 0.711599
    endloop
  endfacet
  facet normal -0.130687 0.991217 0.0202262
    outer loop
      vertex -0.0100508 0.137108 0.708334
      vertex 0 0.132492 0.99949
      vertex -0.00528336 0.137687 0.710763
    endloop
  endfacet
  facet normal -0.130526 0.991239 0.020221
    outer loop
      vertex -0.013834 0.136687 0.704551
      vertex 0 0.132492 0.99949
      vertex -0.0100508 0.137108 0.708334
    endloop
  endfacet
  facet normal -0.130259 0.991274 0.0202089
    outer loop
      vertex -0.016263 0.136465 0.699784
      vertex 0 0.132492 0.99949
      vertex -0.013834 0.136687 0.704551
    endloop
  endfacet
  facet normal -0.129664 0.991357 0.0199615
    outer loop
      vertex -0.0362339 0.135228 0.631493
      vertex -0.016263 0.136465 0.699784
      vertex -0.0170994 0.136462 0.6945
    endloop
  endfacet
  facet normal -0.130563 0.991234 0.0202108
    outer loop
      vertex 0 0.139999 0.631493
      vertex -0.00528336 0.13835 0.678237
      vertex 0 0.139063 0.677399
    endloop
  endfacet
  facet normal -0.130519 0.99124 0.020216
    outer loop
      vertex -0.0362339 0.135228 0.631493
      vertex -0.00528336 0.13835 0.678237
      vertex 0 0.139999 0.631493
    endloop
  endfacet
  facet normal -0.130479 0.991245 0.0201896
    outer loop
      vertex -0.00528336 0.13835 0.678237
      vertex -0.0362339 0.135228 0.631493
      vertex -0.0100508 0.137673 0.680665
    endloop
  endfacet
  facet normal -0.13064 0.991222 0.0202764
    outer loop
      vertex -0.0100508 0.137673 0.680665
      vertex -0.0362339 0.135228 0.631493
      vertex -0.013834 0.137097 0.684448
    endloop
  endfacet
  facet normal -0.130555 0.991235 0.0202245
    outer loop
      vertex -0.016263 0.136465 0.699784
      vertex -0.0362339 0.135228 0.631493
      vertex 0 0.132492 0.99949
    endloop
  endfacet
  facet normal -0.130536 0.991237 0.0202288
    outer loop
      vertex -0.016263 0.13668 0.689215
      vertex -0.0362339 0.135228 0.631493
      vertex -0.0170994 0.136462 0.6945
    endloop
  endfacet
  facet normal -0.130498 0.991242 0.0202156
    outer loop
      vertex -0.013834 0.137097 0.684448
      vertex -0.0362339 0.135228 0.631493
      vertex -0.016263 0.13668 0.689215
    endloop
  endfacet
  facet normal -0.128664 0.977022 0.169921
    outer loop
      vertex -0.0333586 0.124498 1.0202
      vertex 0 0.128891 1.0202
      vertex -0.0342913 0.127977 0.99949
    endloop
  endfacet
  facet normal -0.128642 0.977032 0.169884
    outer loop
      vertex 0 0.128891 1.0202
      vertex 0 0.132492 0.99949
      vertex -0.0342913 0.127977 0.99949
    endloop
  endfacet
  facet normal -0.114836 0.872059 0.475737
    outer loop
      vertex -0.0306339 0.114328 1.0395
      vertex 0 0.118362 1.0395
      vertex -0.0333586 0.124498 1.0202
    endloop
  endfacet
  facet normal -0.114841 0.872055 0.475744
    outer loop
      vertex 0 0.118362 1.0395
      vertex 0 0.128891 1.0202
      vertex -0.0333586 0.124498 1.0202
    endloop
  endfacet
  facet normal -0.0920918 0.699476 0.708698
    outer loop
      vertex -0.0262938 0.0981312 1.05605
      vertex 0 0.101593 1.05605
      vertex -0.0306339 0.114328 1.0395
    endloop
  endfacet
  facet normal -0.0921075 0.699458 0.708714
    outer loop
      vertex 0 0.101593 1.05605
      vertex 0 0.118362 1.0395
      vertex -0.0306339 0.114328 1.0395
    endloop
  endfacet
  facet normal -0.0661452 0.502276 0.862174
    outer loop
      vertex -0.0206385 0.0770245 1.06878
      vertex 0 0.0797424 1.06878
      vertex -0.0262938 0.0981312 1.05605
    endloop
  endfacet
  facet normal -0.0661309 0.502292 0.862166
    outer loop
      vertex 0 0.0797424 1.06878
      vertex 0 0.101593 1.05605
      vertex -0.0262938 0.0981312 1.05605
    endloop
  endfacet
  facet normal -0.0393635 0.298948 0.953457
    outer loop
      vertex -0.0140514 0.0524406 1.07676
      vertex 0 0.0542908 1.07676
      vertex -0.0206385 0.0770245 1.06878
    endloop
  endfacet
  facet normal -0.0393681 0.298944 0.953458
    outer loop
      vertex 0 0.0542908 1.07676
      vertex 0 0.0797424 1.06878
      vertex -0.0206385 0.0770245 1.06878
    endloop
  endfacet
  facet normal -0.0131081 0.099499 0.994951
    outer loop
      vertex -0.00698566 0.0260725 1.07949
      vertex 0 0.0269928 1.07949
      vertex -0.0140514 0.0524406 1.07676
    endloop
  endfacet
  facet normal -0.0131018 0.0995024 0.994951
    outer loop
      vertex 0 0.0269928 1.07949
      vertex 0 0.0542908 1.07676
      vertex -0.0140514 0.0524406 1.07676
    endloop
  endfacet
  facet normal -0.130613 0.991433 0
    outer loop
      vertex 0 0.0269928 1.07949
      vertex -0.00698566 0.0260725 1.0985
      vertex 0 0.0269928 1.0985
    endloop
  endfacet
  facet normal -0.130613 0.991433 0
    outer loop
      vertex -0.00698566 0.0260725 1.0985
      vertex 0 0.0269928 1.07949
      vertex -0.00698566 0.0260725 1.07949
    endloop
  endfacet
  facet normal -0.0252973 0.192113 -0.981047
    outer loop
      vertex -0.0343151 0.128065 0.6204
      vertex -0.0147323 0.128601 0.62
      vertex -0.0337862 0.126092 0.62
    endloop
  endfacet
  facet normal -0.0252968 0.192091 -0.981051
    outer loop
      vertex -0.0147323 0.128601 0.62
      vertex -0.0343151 0.128065 0.6204
      vertex 0 0.132584 0.6204
    endloop
  endfacet
  facet normal -0.0252939 0.192081 -0.981053
    outer loop
      vertex 0 0.132584 0.6204
      vertex 0 0.130541 0.62
      vertex -0.0147323 0.128601 0.62
    endloop
  endfacet
  facet normal 0.0731538 0.55557 -0.828246
    outer loop
      vertex 0 0.136475 0.62301
      vertex 0.0353222 0.131824 0.62301
      vertex 0 0.132584 0.6204
    endloop
  endfacet
  facet normal 0.0731555 0.555508 -0.828287
    outer loop
      vertex 0.0353222 0.131824 0.62301
      vertex 0.0343151 0.128065 0.6204
      vertex 0 0.132584 0.6204
    endloop
  endfacet
  facet normal 0.108709 0.825581 -0.553713
    outer loop
      vertex 0 0.139084 0.6269
      vertex 0.0359974 0.134344 0.6269
      vertex 0 0.136475 0.62301
    endloop
  endfacet
  facet normal 0.108708 0.825591 -0.553699
    outer loop
      vertex 0.0359974 0.134344 0.6269
      vertex 0.0353222 0.131824 0.62301
      vertex 0 0.136475 0.62301
    endloop
  endfacet
  facet normal 0.128071 0.972652 -0.193768
    outer loop
      vertex 0 0.139999 0.631493
      vertex 0.0362339 0.135228 0.631493
      vertex 0 0.139084 0.6269
    endloop
  endfacet
  facet normal 0.128074 0.972646 -0.193797
    outer loop
      vertex 0.0362339 0.135228 0.631493
      vertex 0.0359974 0.134344 0.6269
      vertex 0 0.139084 0.6269
    endloop
  endfacet
  facet normal 0.130576 0.991232 0.0202107
    outer loop
      vertex 0.00434182 0.138477 0.678088
      vertex 0 0.139999 0.631493
      vertex 0 0.139063 0.677399
    endloop
  endfacet
  facet normal 0.130513 0.99124 0.0202214
    outer loop
      vertex 0.0342913 0.127977 0.99949
      vertex 0 0.138365 0.711599
      vertex 0 0.132492 0.99949
    endloop
  endfacet
  facet normal 0.130407 0.991254 0.0202345
    outer loop
      vertex 0.0342913 0.127977 0.99949
      vertex 0.00528336 0.137687 0.710763
      vertex 0 0.138365 0.711599
    endloop
  endfacet
  facet normal 0.130741 0.991211 0.0201994
    outer loop
      vertex 0.00528336 0.137687 0.710763
      vertex 0.0342913 0.127977 0.99949
      vertex 0.00729129 0.137443 0.70974
    endloop
  endfacet
  facet normal 0.13063 0.991225 0.0202102
    outer loop
      vertex 0.0342913 0.127977 0.99949
      vertex 0.0100508 0.137108 0.708334
      vertex 0.00729129 0.137443 0.70974
    endloop
  endfacet
  facet normal 0.130525 0.991239 0.0202194
    outer loop
      vertex 0.0342913 0.127977 0.99949
      vertex 0.013834 0.136687 0.704551
      vertex 0.0100508 0.137108 0.708334
    endloop
  endfacet
  facet normal 0.13031 0.991267 0.0202352
    outer loop
      vertex 0.0342913 0.127977 0.99949
      vertex 0.016263 0.136465 0.699784
      vertex 0.013834 0.136687 0.704551
    endloop
  endfacet
  facet normal 0.130541 0.991237 0.0202204
    outer loop
      vertex 0.0362339 0.135228 0.631493
      vertex 0.016263 0.136465 0.699784
      vertex 0.0342913 0.127977 0.99949
    endloop
  endfacet
  facet normal 0.131037 0.991168 0.0203666
    outer loop
      vertex 0.016263 0.136465 0.699784
      vertex 0.0362339 0.135228 0.631493
      vertex 0.0170994 0.136463 0.6945
    endloop
  endfacet
  facet normal 0.130171 0.991288 0.0201011
    outer loop
      vertex 0.0362339 0.135228 0.631493
      vertex 0.016263 0.13668 0.689215
      vertex 0.0170994 0.136463 0.6945
    endloop
  endfacet
  facet normal 0.130737 0.991209 0.020299
    outer loop
      vertex 0.0362339 0.135228 0.631493
      vertex 0.013834 0.137098 0.684448
      vertex 0.016263 0.13668 0.689215
    endloop
  endfacet
  facet normal 0.130473 0.991246 0.0201858
    outer loop
      vertex 0.0362339 0.135228 0.631493
      vertex 0.0100508 0.137673 0.680665
      vertex 0.013834 0.137098 0.684448
    endloop
  endfacet
  facet normal 0.130479 0.991245 0.0201896
    outer loop
      vertex 0.0362339 0.135228 0.631493
      vertex 0.00528336 0.13835 0.678237
      vertex 0.0100508 0.137673 0.680665
    endloop
  endfacet
  facet normal 0.130519 0.99124 0.020216
    outer loop
      vertex 0 0.139999 0.631493
      vertex 0.00528336 0.13835 0.678237
      vertex 0.0362339 0.135228 0.631493
    endloop
  endfacet
  facet normal 0.130505 0.991242 0.0202177
    outer loop
      vertex 0.00528336 0.13835 0.678237
      vertex 0 0.139999 0.631493
      vertex 0.00434182 0.138477 0.678088
    endloop
  endfacet
  facet normal 0.128665 0.977029 0.169883
    outer loop
      vertex 0.0333586 0.124498 1.0202
      vertex 0 0.132492 0.99949
      vertex 0 0.128891 1.0202
    endloop
  endfacet
  facet normal 0.128641 0.977025 0.169921
    outer loop
      vertex 0.0333586 0.124498 1.0202
      vertex 0.0342913 0.127977 0.99949
      vertex 0 0.132492 0.99949
    endloop
  endfacet
  facet normal 0.114836 0.872055 0.475744
    outer loop
      vertex 0.0306339 0.114328 1.0395
      vertex 0 0.128891 1.0202
      vertex 0 0.118362 1.0395
    endloop
  endfacet
  facet normal 0.114841 0.872058 0.475738
    outer loop
      vertex 0.0306339 0.114328 1.0395
      vertex 0.0333586 0.124498 1.0202
      vertex 0 0.128891 1.0202
    endloop
  endfacet
  facet normal 0.0920897 0.699459 0.708715
    outer loop
      vertex 0.0262938 0.0981312 1.05605
      vertex 0 0.118362 1.0395
      vertex 0 0.101593 1.05605
    endloop
  endfacet
  facet normal 0.0921094 0.699472 0.708699
    outer loop
      vertex 0.0262938 0.0981312 1.05605
      vertex 0.0306339 0.114328 1.0395
      vertex 0 0.118362 1.0395
    endloop
  endfacet
  facet normal 0.0661471 0.502291 0.862165
    outer loop
      vertex 0.0206385 0.0770245 1.06878
      vertex 0 0.101593 1.05605
      vertex 0 0.0797424 1.06878
    endloop
  endfacet
  facet normal 0.0661294 0.50228 0.862173
    outer loop
      vertex 0.0206385 0.0770245 1.06878
      vertex 0.0262938 0.0981312 1.05605
      vertex 0 0.101593 1.05605
    endloop
  endfacet
  facet normal 0.039363 0.298944 0.953459
    outer loop
      vertex 0.0140514 0.0524406 1.07676
      vertex 0 0.0797424 1.06878
      vertex 0 0.0542908 1.07676
    endloop
  endfacet
  facet normal 0.0393685 0.298946 0.953458
    outer loop
      vertex 0.0140514 0.0524406 1.07676
      vertex 0.0206385 0.0770245 1.06878
      vertex 0 0.0797424 1.06878
    endloop
  endfacet
  facet normal 0.0131086 0.0995024 0.994951
    outer loop
      vertex 0.00698566 0.0260725 1.07949
      vertex 0 0.0542908 1.07676
      vertex 0 0.0269928 1.07949
    endloop
  endfacet
  facet normal 0.0131016 0.0995007 0.994951
    outer loop
      vertex 0.00698566 0.0260725 1.07949
      vertex 0.0140514 0.0524406 1.07676
      vertex 0 0.0542908 1.07676
    endloop
  endfacet
  facet normal 0.130613 0.991433 -0
    outer loop
      vertex 0.00698566 0.0260725 1.07949
      vertex 0 0.0269928 1.0985
      vertex 0.00698566 0.0260725 1.0985
    endloop
  endfacet
  facet normal 0.130613 0.991433 0
    outer loop
      vertex 0 0.0269928 1.0985
      vertex 0.00698566 0.0260725 1.07949
      vertex 0 0.0269928 1.07949
    endloop
  endfacet
  facet normal 0.025293 0.192081 -0.981053
    outer loop
      vertex 0 0.132584 0.6204
      vertex 0.0190539 0.128032 0.62
      vertex 0 0.130541 0.62
    endloop
  endfacet
  facet normal 0.0252982 0.192102 -0.981049
    outer loop
      vertex 0.0190539 0.128032 0.62
      vertex 0 0.132584 0.6204
      vertex 0.0343151 0.128065 0.6204
    endloop
  endfacet
  facet normal 0.0252981 0.192113 -0.981047
    outer loop
      vertex 0.0343151 0.128065 0.6204
      vertex 0.0337862 0.126092 0.62
      vertex 0.0190539 0.128032 0.62
    endloop
  endfacet
  facet normal 0.214423 0.517658 -0.828283
    outer loop
      vertex 0.0353222 0.131824 0.62301
      vertex 0.0682373 0.11819 0.62301
      vertex 0.0343151 0.128065 0.6204
    endloop
  endfacet
  facet normal 0.214429 0.517685 -0.828265
    outer loop
      vertex 0.0682373 0.11819 0.62301
      vertex 0.0662918 0.11482 0.6204
      vertex 0.0343151 0.128065 0.6204
    endloop
  endfacet
  facet normal 0.318656 0.769336 -0.553697
    outer loop
      vertex 0.0359974 0.134344 0.6269
      vertex 0.0695419 0.12045 0.6269
      vertex 0.0353222 0.131824 0.62301
    endloop
  endfacet
  facet normal 0.318645 0.769271 -0.553794
    outer loop
      vertex 0.0695419 0.12045 0.6269
      vertex 0.0682373 0.11819 0.62301
      vertex 0.0353222 0.131824 0.62301
    endloop
  endfacet
  facet normal 0.375401 0.90638 -0.193778
    outer loop
      vertex 0.0362339 0.135228 0.631493
      vertex 0.0699997 0.121243 0.631493
      vertex 0.0359974 0.134344 0.6269
    endloop
  endfacet
  facet normal 0.375407 0.906351 -0.193903
    outer loop
      vertex 0.0699997 0.121243 0.631493
      vertex 0.0695419 0.12045 0.6269
      vertex 0.0359974 0.134344 0.6269
    endloop
  endfacet
  facet normal 0.382603 0.923691 0.0202201
    outer loop
      vertex 0.066246 0.114741 0.99949
      vertex 0.0362339 0.135228 0.631493
      vertex 0.0342913 0.127977 0.99949
    endloop
  endfacet
  facet normal 0.382576 0.923703 0.020223
    outer loop
      vertex 0.066246 0.114741 0.99949
      vertex 0.0699997 0.121243 0.631493
      vertex 0.0362339 0.135228 0.631493
    endloop
  endfacet
  facet normal 0.377078 0.91046 0.169927
    outer loop
      vertex 0.0644455 0.111623 1.0202
      vertex 0.0342913 0.127977 0.99949
      vertex 0.0333586 0.124498 1.0202
    endloop
  endfacet
  facet normal 0.377121 0.910455 0.16986
    outer loop
      vertex 0.0644455 0.111623 1.0202
      vertex 0.066246 0.114741 0.99949
      vertex 0.0342913 0.127977 0.99949
    endloop
  endfacet
  facet normal 0.336563 0.812651 0.475735
    outer loop
      vertex 0.0591812 0.102505 1.0395
      vertex 0.0333586 0.124498 1.0202
      vertex 0.0306339 0.114328 1.0395
    endloop
  endfacet
  facet normal 0.336569 0.812652 0.475729
    outer loop
      vertex 0.0591812 0.102505 1.0395
      vertex 0.0644455 0.111623 1.0202
      vertex 0.0333586 0.124498 1.0202
    endloop
  endfacet
  facet normal 0.270003 0.651802 0.708698
    outer loop
      vertex 0.0507965 0.0879812 1.05605
      vertex 0.0306339 0.114328 1.0395
      vertex 0.0262938 0.0981312 1.05605
    endloop
  endfacet
  facet normal 0.269938 0.651781 0.708742
    outer loop
      vertex 0.0507965 0.0879812 1.05605
      vertex 0.0591812 0.102505 1.0395
      vertex 0.0306339 0.114328 1.0395
    endloop
  endfacet
  facet normal 0.193866 0.468054 0.862172
    outer loop
      vertex 0.0398712 0.0690584 1.06878
      vertex 0.0262938 0.0981312 1.05605
      vertex 0.0206385 0.0770245 1.06878
    endloop
  endfacet
  facet normal 0.19389 0.468061 0.862163
    outer loop
      vertex 0.0398712 0.0690584 1.06878
      vertex 0.0507965 0.0879812 1.05605
      vertex 0.0262938 0.0981312 1.05605
    endloop
  endfacet
  facet normal 0.115386 0.278578 0.953457
    outer loop
      vertex 0.0271454 0.0470171 1.07676
      vertex 0.0206385 0.0770245 1.06878
      vertex 0.0140514 0.0524406 1.07676
    endloop
  endfacet
  facet normal 0.115386 0.278578 0.953457
    outer loop
      vertex 0.0271454 0.0470171 1.07676
      vertex 0.0398712 0.0690584 1.06878
      vertex 0.0206385 0.0770245 1.06878
    endloop
  endfacet
  facet normal 0.038408 0.0927195 0.994951
    outer loop
      vertex 0.0134964 0.0233755 1.07949
      vertex 0.0140514 0.0524406 1.07676
      vertex 0.00698566 0.0260725 1.07949
    endloop
  endfacet
  facet normal 0.0384042 0.0927195 0.994951
    outer loop
      vertex 0.0271454 0.0470171 1.07676
      vertex 0.0140514 0.0524406 1.07676
      vertex 0.0134964 0.0233755 1.07949
    endloop
  endfacet
  facet normal 0.382703 0.923871 -0
    outer loop
      vertex 0.0134964 0.0233755 1.07949
      vertex 0.00698566 0.0260725 1.0985
      vertex 0.0134964 0.0233755 1.0985
    endloop
  endfacet
  facet normal 0.382703 0.923871 0
    outer loop
      vertex 0.00698566 0.0260725 1.0985
      vertex 0.0134964 0.0233755 1.07949
      vertex 0.00698566 0.0260725 1.07949
    endloop
  endfacet
  facet normal 0.0741656 0.179054 -0.98104
    outer loop
      vertex 0.0515417 0.118738 0.62
      vertex 0.0343151 0.128065 0.6204
      vertex 0.0662918 0.11482 0.6204
    endloop
  endfacet
  facet normal 0.0741461 0.179018 -0.981048
    outer loop
      vertex 0.0343151 0.128065 0.6204
      vertex 0.0515417 0.118738 0.62
      vertex 0.0337862 0.126092 0.62
    endloop
  endfacet
  facet normal 0.0741562 0.179018 -0.981047
    outer loop
      vertex 0.0662918 0.11482 0.6204
      vertex 0.0652705 0.113051 0.62
      vertex 0.0515417 0.118738 0.62
    endloop
  endfacet
  facet normal 0.341122 0.444543 -0.828262
    outer loop
      vertex 0.0682373 0.11819 0.62301
      vertex 0.0965014 0.0965014 0.62301
      vertex 0.0662918 0.11482 0.6204
    endloop
  endfacet
  facet normal 0.34113 0.444556 -0.828251
    outer loop
      vertex 0.0965014 0.0965014 0.62301
      vertex 0.09375 0.09375 0.6204
      vertex 0.0662918 0.11482 0.6204
    endloop
  endfacet
  facet normal 0.506899 0.660586 -0.553786
    outer loop
      vertex 0.0695419 0.12045 0.6269
      vertex 0.0983467 0.0983467 0.6269
      vertex 0.0682373 0.11819 0.62301
    endloop
  endfacet
  facet normal 0.506893 0.660571 -0.55381
    outer loop
      vertex 0.0983467 0.0983467 0.6269
      vertex 0.0965014 0.0965014 0.62301
      vertex 0.0682373 0.11819 0.62301
    endloop
  endfacet
  facet normal 0.597214 0.778292 -0.193902
    outer loop
      vertex 0.0699997 0.121243 0.631493
      vertex 0.0989943 0.0989943 0.631493
      vertex 0.0695419 0.12045 0.6269
    endloop
  endfacet
  facet normal 0.597213 0.778282 -0.193941
    outer loop
      vertex 0.0989943 0.0989943 0.631493
      vertex 0.0983467 0.0983467 0.6269
      vertex 0.0695419 0.12045 0.6269
    endloop
  endfacet
  facet normal 0.608654 0.793178 0.0202228
    outer loop
      vertex 0.0936852 0.0936852 0.99949
      vertex 0.0699997 0.121243 0.631493
      vertex 0.066246 0.114741 0.99949
    endloop
  endfacet
  facet normal 0.608643 0.793186 0.0202242
    outer loop
      vertex 0.0936852 0.0936852 0.99949
      vertex 0.0989943 0.0989943 0.631493
      vertex 0.0699997 0.121243 0.631493
    endloop
  endfacet
  facet normal 0.599946 0.7818 0.169863
    outer loop
      vertex 0.0911388 0.0911388 1.0202
      vertex 0.066246 0.114741 0.99949
      vertex 0.0644455 0.111623 1.0202
    endloop
  endfacet
  facet normal 0.599929 0.781807 0.169891
    outer loop
      vertex 0.0911388 0.0911388 1.0202
      vertex 0.0936852 0.0936852 0.99949
      vertex 0.066246 0.114741 0.99949
    endloop
  endfacet
  facet normal 0.535475 0.697816 0.47573
    outer loop
      vertex 0.0836945 0.0836945 1.0395
      vertex 0.0644455 0.111623 1.0202
      vertex 0.0591812 0.102505 1.0395
    endloop
  endfacet
  facet normal 0.535497 0.697815 0.475707
    outer loop
      vertex 0.0836945 0.0836945 1.0395
      vertex 0.0911388 0.0911388 1.0202
      vertex 0.0644455 0.111623 1.0202
    endloop
  endfacet
  facet normal 0.429464 0.559684 0.708741
    outer loop
      vertex 0.0718365 0.0718365 1.05605
      vertex 0.0591812 0.102505 1.0395
      vertex 0.0507965 0.0879812 1.05605
    endloop
  endfacet
  facet normal 0.429479 0.559685 0.708732
    outer loop
      vertex 0.0718365 0.0718365 1.05605
      vertex 0.0836945 0.0836945 1.0395
      vertex 0.0591812 0.102505 1.0395
    endloop
  endfacet
  facet normal 0.30842 0.401936 0.862163
    outer loop
      vertex 0.056386 0.056386 1.06878
      vertex 0.0507965 0.0879812 1.05605
      vertex 0.0398712 0.0690584 1.06878
    endloop
  endfacet
  facet normal 0.308419 0.401936 0.862163
    outer loop
      vertex 0.056386 0.056386 1.06878
      vertex 0.0718365 0.0718365 1.05605
      vertex 0.0507965 0.0879812 1.05605
    endloop
  endfacet
  facet normal 0.183561 0.239216 0.953457
    outer loop
      vertex 0.0383892 0.0383892 1.07676
      vertex 0.0398712 0.0690584 1.06878
      vertex 0.0271454 0.0470171 1.07676
    endloop
  endfacet
  facet normal 0.183559 0.239216 0.953458
    outer loop
      vertex 0.056386 0.056386 1.06878
      vertex 0.0398712 0.0690584 1.06878
      vertex 0.0383892 0.0383892 1.07676
    endloop
  endfacet
  facet normal 0.0611006 0.0796162 0.994951
    outer loop
      vertex 0.0190859 0.0190859 1.07949
      vertex 0.0271454 0.0470171 1.07676
      vertex 0.0134964 0.0233755 1.07949
    endloop
  endfacet
  facet normal 0.0610946 0.079618 0.994951
    outer loop
      vertex 0.0383892 0.0383892 1.07676
      vertex 0.0271454 0.0470171 1.07676
      vertex 0.0190859 0.0190859 1.07949
    endloop
  endfacet
  facet normal 0.608817 0.79331 -0
    outer loop
      vertex 0.0190859 0.0190859 1.07949
      vertex 0.0134964 0.0233755 1.0985
      vertex 0.0190859 0.0190859 1.0985
    endloop
  endfacet
  facet normal 0.608817 0.79331 0
    outer loop
      vertex 0.0134964 0.0233755 1.0985
      vertex 0.0190859 0.0190859 1.07949
      vertex 0.0134964 0.0233755 1.07949
    endloop
  endfacet
  facet normal 0.117979 0.153749 -0.981041
    outer loop
      vertex 0.080517 0.101352 0.62
      vertex 0.0662918 0.11482 0.6204
      vertex 0.09375 0.09375 0.6204
    endloop
  endfacet
  facet normal 0.11796 0.153729 -0.981047
    outer loop
      vertex 0.0662918 0.11482 0.6204
      vertex 0.080517 0.101352 0.62
      vertex 0.0652705 0.113051 0.62
    endloop
  endfacet
  facet normal 0.117976 0.153743 -0.981043
    outer loop
      vertex 0.09375 0.09375 0.6204
      vertex 0.0923058 0.0923058 0.62
      vertex 0.080517 0.101352 0.62
    endloop
  endfacet
  facet normal 0.444555 0.341131 -0.828252
    outer loop
      vertex 0.0965014 0.0965014 0.62301
      vertex 0.11819 0.0682373 0.62301
      vertex 0.09375 0.09375 0.6204
    endloop
  endfacet
  facet normal 0.444544 0.34112 -0.828262
    outer loop
      vertex 0.11819 0.0682373 0.62301
      vertex 0.11482 0.0662918 0.6204
      vertex 0.09375 0.09375 0.6204
    endloop
  endfacet
  facet normal 0.660574 0.50689 -0.55381
    outer loop
      vertex 0.0983467 0.0983467 0.6269
      vertex 0.12045 0.0695419 0.6269
      vertex 0.0965014 0.0965014 0.62301
    endloop
  endfacet
  facet normal 0.660584 0.506903 -0.553785
    outer loop
      vertex 0.12045 0.0695419 0.6269
      vertex 0.11819 0.0682373 0.62301
      vertex 0.0965014 0.0965014 0.62301
    endloop
  endfacet
  facet normal 0.778285 0.597209 -0.193941
    outer loop
      vertex 0.0989943 0.0989943 0.631493
      vertex 0.121243 0.0699997 0.631493
      vertex 0.0983467 0.0983467 0.6269
    endloop
  endfacet
  facet normal 0.778288 0.597218 -0.193901
    outer loop
      vertex 0.121243 0.0699997 0.631493
      vertex 0.12045 0.0695419 0.6269
      vertex 0.0983467 0.0983467 0.6269
    endloop
  endfacet
  facet normal 0.793178 0.608654 0.0202243
    outer loop
      vertex 0.114741 0.066246 0.99949
      vertex 0.0989943 0.0989943 0.631493
      vertex 0.0936852 0.0936852 0.99949
    endloop
  endfacet
  facet normal 0.793186 0.608643 0.0202229
    outer loop
      vertex 0.114741 0.066246 0.99949
      vertex 0.121243 0.0699997 0.631493
      vertex 0.0989943 0.0989943 0.631493
    endloop
  endfacet
  facet normal 0.781796 0.599943 0.169892
    outer loop
      vertex 0.111623 0.0644455 1.0202
      vertex 0.0936852 0.0936852 0.99949
      vertex 0.0911388 0.0911388 1.0202
    endloop
  endfacet
  facet normal 0.781811 0.599932 0.169863
    outer loop
      vertex 0.111623 0.0644455 1.0202
      vertex 0.114741 0.066246 0.99949
      vertex 0.0936852 0.0936852 0.99949
    endloop
  endfacet
  facet normal 0.697826 0.535483 0.475706
    outer loop
      vertex 0.102505 0.0591812 1.0395
      vertex 0.0911388 0.0911388 1.0202
      vertex 0.0836945 0.0836945 1.0395
    endloop
  endfacet
  facet normal 0.697806 0.53549 0.475729
    outer loop
      vertex 0.102505 0.0591812 1.0395
      vertex 0.111623 0.0644455 1.0202
      vertex 0.0911388 0.0911388 1.0202
    endloop
  endfacet
  facet normal 0.559692 0.429471 0.708731
    outer loop
      vertex 0.0879812 0.0507965 1.05605
      vertex 0.0836945 0.0836945 1.0395
      vertex 0.0718365 0.0718365 1.05605
    endloop
  endfacet
  facet normal 0.559678 0.429474 0.708741
    outer loop
      vertex 0.0879812 0.0507965 1.05605
      vertex 0.102505 0.0591812 1.0395
      vertex 0.0836945 0.0836945 1.0395
    endloop
  endfacet
  facet normal 0.401935 0.308419 0.862163
    outer loop
      vertex 0.0690584 0.0398712 1.06878
      vertex 0.0718365 0.0718365 1.05605
      vertex 0.056386 0.056386 1.06878
    endloop
  endfacet
  facet normal 0.401936 0.308419 0.862163
    outer loop
      vertex 0.0879812 0.0507965 1.05605
      vertex 0.0718365 0.0718365 1.05605
      vertex 0.0690584 0.0398712 1.06878
    endloop
  endfacet
  facet normal 0.239214 0.18356 0.953458
    outer loop
      vertex 0.0470171 0.0271454 1.07676
      vertex 0.056386 0.056386 1.06878
      vertex 0.0383892 0.0383892 1.07676
    endloop
  endfacet
  facet normal 0.239217 0.18356 0.953458
    outer loop
      vertex 0.0690584 0.0398712 1.06878
      vertex 0.056386 0.056386 1.06878
      vertex 0.0470171 0.0271454 1.07676
    endloop
  endfacet
  facet normal 0.0796138 0.0610988 0.994952
    outer loop
      vertex 0.0233755 0.0134964 1.07949
      vertex 0.0383892 0.0383892 1.07676
      vertex 0.0190859 0.0190859 1.07949
    endloop
  endfacet
  facet normal 0.0796191 0.0610955 0.994951
    outer loop
      vertex 0.0470171 0.0271454 1.07676
      vertex 0.0383892 0.0383892 1.07676
      vertex 0.0233755 0.0134964 1.07949
    endloop
  endfacet
  facet normal 0.79331 0.608817 0
    outer loop
      vertex 0.0233755 0.0134964 1.0985
      vertex 0.0190859 0.0190859 1.07949
      vertex 0.0190859 0.0190859 1.0985
    endloop
  endfacet
  facet normal 0.79331 0.608817 0
    outer loop
      vertex 0.0190859 0.0190859 1.07949
      vertex 0.0233755 0.0134964 1.0985
      vertex 0.0233755 0.0134964 1.07949
    endloop
  endfacet
  facet normal 0.153734 0.117967 -0.981045
    outer loop
      vertex 0.104005 0.0770593 0.62
      vertex 0.09375 0.09375 0.6204
      vertex 0.11482 0.0662918 0.6204
    endloop
  endfacet
  facet normal 0.153745 0.117974 -0.981043
    outer loop
      vertex 0.09375 0.09375 0.6204
      vertex 0.104005 0.0770593 0.62
      vertex 0.0923058 0.0923058 0.62
    endloop
  endfacet
  facet normal 0.153728 0.117961 -0.981047
    outer loop
      vertex 0.11482 0.0662918 0.6204
      vertex 0.113051 0.0652705 0.62
      vertex 0.104005 0.0770593 0.62
    endloop
  endfacet
  facet normal 0.517683 0.214433 -0.828265
    outer loop
      vertex 0.11819 0.0682373 0.62301
      vertex 0.131824 0.0353222 0.62301
      vertex 0.11482 0.0662918 0.6204
    endloop
  endfacet
  facet normal 0.517659 0.214418 -0.828284
    outer loop
      vertex 0.131824 0.0353222 0.62301
      vertex 0.128065 0.0343151 0.6204
      vertex 0.11482 0.0662918 0.6204
    endloop
  endfacet
  facet normal 0.769277 0.318632 -0.553793
    outer loop
      vertex 0.12045 0.0695419 0.6269
      vertex 0.134344 0.0359974 0.6269
      vertex 0.11819 0.0682373 0.62301
    endloop
  endfacet
  facet normal 0.769331 0.31867 -0.553696
    outer loop
      vertex 0.134344 0.0359974 0.6269
      vertex 0.131824 0.0353222 0.62301
      vertex 0.11819 0.0682373 0.62301
    endloop
  endfacet
  facet normal 0.906357 0.375392 -0.193903
    outer loop
      vertex 0.121243 0.0699997 0.631493
      vertex 0.135228 0.0362339 0.631493
      vertex 0.12045 0.0695419 0.6269
    endloop
  endfacet
  facet normal 0.906373 0.375416 -0.193778
    outer loop
      vertex 0.135228 0.0362339 0.631493
      vertex 0.134344 0.0359974 0.6269
      vertex 0.12045 0.0695419 0.6269
    endloop
  endfacet
  facet normal 0.923691 0.382603 0.020223
    outer loop
      vertex 0.127977 0.0342913 0.99949
      vertex 0.121243 0.0699997 0.631493
      vertex 0.114741 0.066246 0.99949
    endloop
  endfacet
  facet normal 0.923703 0.382576 0.0202202
    outer loop
      vertex 0.127977 0.0342913 0.99949
      vertex 0.135228 0.0362339 0.631493
      vertex 0.121243 0.0699997 0.631493
    endloop
  endfacet
  facet normal 0.910471 0.377082 0.169859
    outer loop
      vertex 0.124498 0.0333586 1.0202
      vertex 0.114741 0.066246 0.99949
      vertex 0.111623 0.0644455 1.0202
    endloop
  endfacet
  facet normal 0.910444 0.377116 0.169926
    outer loop
      vertex 0.124498 0.0333586 1.0202
      vertex 0.127977 0.0342913 0.99949
      vertex 0.114741 0.066246 0.99949
    endloop
  endfacet
  facet normal 0.812654 0.336565 0.475728
    outer loop
      vertex 0.114328 0.0306339 1.0395
      vertex 0.111623 0.0644455 1.0202
      vertex 0.102505 0.0591812 1.0395
    endloop
  endfacet
  facet normal 0.812649 0.336568 0.475735
    outer loop
      vertex 0.114328 0.0306339 1.0395
      vertex 0.124498 0.0333586 1.0202
      vertex 0.111623 0.0644455 1.0202
    endloop
  endfacet
  facet normal 0.651758 0.269984 0.708745
    outer loop
      vertex 0.0981312 0.0262938 1.05605
      vertex 0.102505 0.0591812 1.0395
      vertex 0.0879812 0.0507965 1.05605
    endloop
  endfacet
  facet normal 0.651819 0.269954 0.708701
    outer loop
      vertex 0.114328 0.0306339 1.0395
      vertex 0.102505 0.0591812 1.0395
      vertex 0.0981312 0.0262938 1.05605
    endloop
  endfacet
  facet normal 0.468071 0.193873 0.862162
    outer loop
      vertex 0.0770245 0.0206385 1.06878
      vertex 0.0879812 0.0507965 1.05605
      vertex 0.0690584 0.0398712 1.06878
    endloop
  endfacet
  facet normal 0.468049 0.193885 0.862171
    outer loop
      vertex 0.0981312 0.0262938 1.05605
      vertex 0.0879812 0.0507965 1.05605
      vertex 0.0770245 0.0206385 1.06878
    endloop
  endfacet
  facet normal 0.278577 0.115386 0.953457
    outer loop
      vertex 0.0524406 0.0140514 1.07676
      vertex 0.0690584 0.0398712 1.06878
      vertex 0.0470171 0.0271454 1.07676
    endloop
  endfacet
  facet normal 0.278578 0.115386 0.953457
    outer loop
      vertex 0.0770245 0.0206385 1.06878
      vertex 0.0690584 0.0398712 1.06878
      vertex 0.0524406 0.0140514 1.07676
    endloop
  endfacet
  facet normal 0.0927178 0.0384073 0.994951
    outer loop
      vertex 0.0260725 0.00698566 1.07949
      vertex 0.0470171 0.0271454 1.07676
      vertex 0.0233755 0.0134964 1.07949
    endloop
  endfacet
  facet normal 0.0927204 0.0384045 0.994951
    outer loop
      vertex 0.0524406 0.0140514 1.07676
      vertex 0.0470171 0.0271454 1.07676
      vertex 0.0260725 0.00698566 1.07949
    endloop
  endfacet
  facet normal 0.923871 0.382703 0
    outer loop
      vertex 0.0260725 0.00698566 1.0985
      vertex 0.0233755 0.0134964 1.07949
      vertex 0.0233755 0.0134964 1.0985
    endloop
  endfacet
  facet normal 0.923871 0.382703 0
    outer loop
      vertex 0.0233755 0.0134964 1.07949
      vertex 0.0260725 0.00698566 1.0985
      vertex 0.0260725 0.00698566 1.07949
    endloop
  endfacet
  facet normal 0.179063 0.0741691 -0.981038
    outer loop
      vertex 0.120406 0.047515 0.62
      vertex 0.11482 0.0662918 0.6204
      vertex 0.128065 0.0343151 0.6204
    endloop
  endfacet
  facet normal 0.179018 0.0741561 -0.981047
    outer loop
      vertex 0.11482 0.0662918 0.6204
      vertex 0.120406 0.047515 0.62
      vertex 0.113051 0.0652705 0.62
    endloop
  endfacet
  facet normal 0.179019 0.0741436 -0.981048
    outer loop
      vertex 0.128065 0.0343151 0.6204
      vertex 0.126092 0.0337862 0.62
      vertex 0.120406 0.047515 0.62
    endloop
  endfacet
  facet normal 0.55551 0.073146 -0.828286
    outer loop
      vertex 0.131824 0.0353222 0.62301
      vertex 0.136475 0 0.62301
      vertex 0.128065 0.0343151 0.6204
    endloop
  endfacet
  facet normal 0.555569 0.0731636 -0.828245
    outer loop
      vertex 0.136475 0 0.62301
      vertex 0.132584 0 0.6204
      vertex 0.128065 0.0343151 0.6204
    endloop
  endfacet
  facet normal 0.82559 0.108711 -0.553699
    outer loop
      vertex 0.134344 0.0359974 0.6269
      vertex 0.139084 0 0.6269
      vertex 0.131824 0.0353222 0.62301
    endloop
  endfacet
  facet normal 0.825582 0.108707 -0.553713
    outer loop
      vertex 0.139084 0 0.6269
      vertex 0.136475 0 0.62301
      vertex 0.131824 0.0353222 0.62301
    endloop
  endfacet
  facet normal 0.972646 0.128071 -0.193797
    outer loop
      vertex 0.135228 0.0362339 0.631493
      vertex 0.139999 0 0.631493
      vertex 0.134344 0.0359974 0.6269
    endloop
  endfacet
  facet normal 0.972651 0.128075 -0.193768
    outer loop
      vertex 0.139999 0 0.631493
      vertex 0.139084 0 0.6269
      vertex 0.134344 0.0359974 0.6269
    endloop
  endfacet
  facet normal 0.99124 0.130513 0.0202203
    outer loop
      vertex 0.132492 0 0.99949
      vertex 0.135228 0.0362339 0.631493
      vertex 0.127977 0.0342913 0.99949
    endloop
  endfacet
  facet normal 0.99124 0.130519 0.0202209
    outer loop
      vertex 0.139999 0 0.631493
      vertex 0.135228 0.0362339 0.631493
      vertex 0.132492 0 0.99949
    endloop
  endfacet
  facet normal 0.977022 0.128664 0.169921
    outer loop
      vertex 0.128891 0 1.0202
      vertex 0.127977 0.0342913 0.99949
      vertex 0.124498 0.0333586 1.0202
    endloop
  endfacet
  facet normal 0.977032 0.128642 0.169884
    outer loop
      vertex 0.128891 0 1.0202
      vertex 0.132492 0 0.99949
      vertex 0.127977 0.0342913 0.99949
    endloop
  endfacet
  facet normal 0.872059 0.114836 0.475737
    outer loop
      vertex 0.118362 0 1.0395
      vertex 0.124498 0.0333586 1.0202
      vertex 0.114328 0.0306339 1.0395
    endloop
  endfacet
  facet normal 0.872055 0.114841 0.475744
    outer loop
      vertex 0.128891 0 1.0202
      vertex 0.124498 0.0333586 1.0202
      vertex 0.118362 0 1.0395
    endloop
  endfacet
  facet normal 0.699476 0.0920918 0.708698
    outer loop
      vertex 0.101593 0 1.05605
      vertex 0.114328 0.0306339 1.0395
      vertex 0.0981312 0.0262938 1.05605
    endloop
  endfacet
  facet normal 0.699458 0.0921075 0.708714
    outer loop
      vertex 0.118362 0 1.0395
      vertex 0.114328 0.0306339 1.0395
      vertex 0.101593 0 1.05605
    endloop
  endfacet
  facet normal 0.502276 0.0661452 0.862174
    outer loop
      vertex 0.0797424 0 1.06878
      vertex 0.0981312 0.0262938 1.05605
      vertex 0.0770245 0.0206385 1.06878
    endloop
  endfacet
  facet normal 0.502292 0.0661309 0.862166
    outer loop
      vertex 0.101593 0 1.05605
      vertex 0.0981312 0.0262938 1.05605
      vertex 0.0797424 0 1.06878
    endloop
  endfacet
  facet normal 0.298948 0.0393635 0.953457
    outer loop
      vertex 0.0542908 0 1.07676
      vertex 0.0770245 0.0206385 1.06878
      vertex 0.0524406 0.0140514 1.07676
    endloop
  endfacet
  facet normal 0.298944 0.0393681 0.953458
    outer loop
      vertex 0.0797424 0 1.06878
      vertex 0.0770245 0.0206385 1.06878
      vertex 0.0542908 0 1.07676
    endloop
  endfacet
  facet normal 0.099499 0.0131081 0.994951
    outer loop
      vertex 0.0269928 0 1.07949
      vertex 0.0524406 0.0140514 1.07676
      vertex 0.0260725 0.00698566 1.07949
    endloop
  endfacet
  facet normal 0.0995024 0.0131018 0.994951
    outer loop
      vertex 0.0542908 0 1.07676
      vertex 0.0524406 0.0140514 1.07676
      vertex 0.0269928 0 1.07949
    endloop
  endfacet
  facet normal 0.991433 0.130613 0
    outer loop
      vertex 0.0269928 0 1.0985
      vertex 0.0260725 0.00698566 1.07949
      vertex 0.0260725 0.00698566 1.0985
    endloop
  endfacet
  facet normal 0.991433 0.130613 0
    outer loop
      vertex 0.0260725 0.00698566 1.07949
      vertex 0.0269928 0 1.0985
      vertex 0.0269928 0 1.07949
    endloop
  endfacet
  facet normal 0.192091 0.0252968 -0.981051
    outer loop
      vertex 0.128601 0.0147323 0.62
      vertex 0.128065 0.0343151 0.6204
      vertex 0.132584 0 0.6204
    endloop
  endfacet
  facet normal 0.192113 0.0252973 -0.981047
    outer loop
      vertex 0.128065 0.0343151 0.6204
      vertex 0.128601 0.0147323 0.62
      vertex 0.126092 0.0337862 0.62
    endloop
  endfacet
  facet normal 0.192081 0.0252939 -0.981053
    outer loop
      vertex 0.132584 0 0.6204
      vertex 0.130541 0 0.62
      vertex 0.128601 0.0147323 0.62
    endloop
  endfacet
  facet normal 0.55557 -0.0731538 -0.828246
    outer loop
      vertex 0.132584 0 0.6204
      vertex 0.136475 0 0.62301
      vertex 0.131824 -0.0353222 0.62301
    endloop
  endfacet
  facet normal 0.555508 -0.0731555 -0.828287
    outer loop
      vertex 0.132584 0 0.6204
      vertex 0.131824 -0.0353222 0.62301
      vertex 0.128065 -0.0343151 0.6204
    endloop
  endfacet
  facet normal 0.825581 -0.108709 -0.553713
    outer loop
      vertex 0.136475 0 0.62301
      vertex 0.139084 0 0.6269
      vertex 0.134344 -0.0359974 0.6269
    endloop
  endfacet
  facet normal 0.825591 -0.108708 -0.553699
    outer loop
      vertex 0.136475 0 0.62301
      vertex 0.134344 -0.0359974 0.6269
      vertex 0.131824 -0.0353222 0.62301
    endloop
  endfacet
  facet normal 0.972652 -0.128071 -0.193768
    outer loop
      vertex 0.139084 0 0.6269
      vertex 0.139999 0 0.631493
      vertex 0.135228 -0.0362339 0.631493
    endloop
  endfacet
  facet normal 0.972646 -0.128074 -0.193797
    outer loop
      vertex 0.139084 0 0.6269
      vertex 0.135228 -0.0362339 0.631493
      vertex 0.134344 -0.0359974 0.6269
    endloop
  endfacet
  facet normal 0.99124 -0.130513 0.0202209
    outer loop
      vertex 0.139999 0 0.631493
      vertex 0.132492 0 0.99949
      vertex 0.127977 -0.0342913 0.99949
    endloop
  endfacet
  facet normal 0.99124 -0.130519 0.0202203
    outer loop
      vertex 0.135228 -0.0362339 0.631493
      vertex 0.139999 0 0.631493
      vertex 0.127977 -0.0342913 0.99949
    endloop
  endfacet
  facet normal 0.977029 -0.128665 0.169883
    outer loop
      vertex 0.132492 0 0.99949
      vertex 0.128891 0 1.0202
      vertex 0.124498 -0.0333586 1.0202
    endloop
  endfacet
  facet normal 0.977025 -0.128641 0.169921
    outer loop
      vertex 0.127977 -0.0342913 0.99949
      vertex 0.132492 0 0.99949
      vertex 0.124498 -0.0333586 1.0202
    endloop
  endfacet
  facet normal 0.872055 -0.114836 0.475744
    outer loop
      vertex 0.128891 0 1.0202
      vertex 0.118362 0 1.0395
      vertex 0.114328 -0.0306339 1.0395
    endloop
  endfacet
  facet normal 0.872058 -0.114841 0.475738
    outer loop
      vertex 0.124498 -0.0333586 1.0202
      vertex 0.128891 0 1.0202
      vertex 0.114328 -0.0306339 1.0395
    endloop
  endfacet
  facet normal 0.699459 -0.0920897 0.708715
    outer loop
      vertex 0.118362 0 1.0395
      vertex 0.101593 0 1.05605
      vertex 0.0981312 -0.0262938 1.05605
    endloop
  endfacet
  facet normal 0.699472 -0.0921094 0.708699
    outer loop
      vertex 0.114328 -0.0306339 1.0395
      vertex 0.118362 0 1.0395
      vertex 0.0981312 -0.0262938 1.05605
    endloop
  endfacet
  facet normal 0.502291 -0.0661471 0.862165
    outer loop
      vertex 0.101593 0 1.05605
      vertex 0.0797424 0 1.06878
      vertex 0.0770245 -0.0206385 1.06878
    endloop
  endfacet
  facet normal 0.50228 -0.0661294 0.862173
    outer loop
      vertex 0.0981312 -0.0262938 1.05605
      vertex 0.101593 0 1.05605
      vertex 0.0770245 -0.0206385 1.06878
    endloop
  endfacet
  facet normal 0.298944 -0.039363 0.953459
    outer loop
      vertex 0.0797424 0 1.06878
      vertex 0.0542908 0 1.07676
      vertex 0.0524406 -0.0140514 1.07676
    endloop
  endfacet
  facet normal 0.298946 -0.0393685 0.953458
    outer loop
      vertex 0.0770245 -0.0206385 1.06878
      vertex 0.0797424 0 1.06878
      vertex 0.0524406 -0.0140514 1.07676
    endloop
  endfacet
  facet normal 0.0995024 -0.0131086 0.994951
    outer loop
      vertex 0.0542908 0 1.07676
      vertex 0.0269928 0 1.07949
      vertex 0.0260725 -0.00698566 1.07949
    endloop
  endfacet
  facet normal 0.0995007 -0.0131016 0.994951
    outer loop
      vertex 0.0524406 -0.0140514 1.07676
      vertex 0.0542908 0 1.07676
      vertex 0.0260725 -0.00698566 1.07949
    endloop
  endfacet
  facet normal 0.991433 -0.130613 0
    outer loop
      vertex 0.0260725 -0.00698566 1.0985
      vertex 0.0269928 0 1.07949
      vertex 0.0269928 0 1.0985
    endloop
  endfacet
  facet normal 0.991433 -0.130613 0
    outer loop
      vertex 0.0269928 0 1.07949
      vertex 0.0260725 -0.00698566 1.0985
      vertex 0.0260725 -0.00698566 1.07949
    endloop
  endfacet
  facet normal 0.192102 -0.0252982 -0.981049
    outer loop
      vertex 0.128032 -0.0190539 0.62
      vertex 0.132584 0 0.6204
      vertex 0.128065 -0.0343151 0.6204
    endloop
  endfacet
  facet normal 0.192081 -0.025293 -0.981053
    outer loop
      vertex 0.132584 0 0.6204
      vertex 0.128032 -0.0190539 0.62
      vertex 0.130541 0 0.62
    endloop
  endfacet
  facet normal 0.192113 -0.0252981 -0.981047
    outer loop
      vertex 0.128032 -0.0190539 0.62
      vertex 0.128065 -0.0343151 0.6204
      vertex 0.126092 -0.0337862 0.62
    endloop
  endfacet
  facet normal 0.517658 -0.214423 -0.828283
    outer loop
      vertex 0.128065 -0.0343151 0.6204
      vertex 0.131824 -0.0353222 0.62301
      vertex 0.11819 -0.0682373 0.62301
    endloop
  endfacet
  facet normal 0.517685 -0.214429 -0.828265
    outer loop
      vertex 0.128065 -0.0343151 0.6204
      vertex 0.11819 -0.0682373 0.62301
      vertex 0.11482 -0.0662918 0.6204
    endloop
  endfacet
  facet normal 0.769336 -0.318656 -0.553697
    outer loop
      vertex 0.131824 -0.0353222 0.62301
      vertex 0.134344 -0.0359974 0.6269
      vertex 0.12045 -0.0695419 0.6269
    endloop
  endfacet
  facet normal 0.769271 -0.318645 -0.553794
    outer loop
      vertex 0.131824 -0.0353222 0.62301
      vertex 0.12045 -0.0695419 0.6269
      vertex 0.11819 -0.0682373 0.62301
    endloop
  endfacet
  facet normal 0.90638 -0.375401 -0.193778
    outer loop
      vertex 0.134344 -0.0359974 0.6269
      vertex 0.135228 -0.0362339 0.631493
      vertex 0.121243 -0.0699997 0.631493
    endloop
  endfacet
  facet normal 0.906351 -0.375407 -0.193903
    outer loop
      vertex 0.134344 -0.0359974 0.6269
      vertex 0.121243 -0.0699997 0.631493
      vertex 0.12045 -0.0695419 0.6269
    endloop
  endfacet
  facet normal 0.923691 -0.382603 0.0202201
    outer loop
      vertex 0.135228 -0.0362339 0.631493
      vertex 0.127977 -0.0342913 0.99949
      vertex 0.114741 -0.066246 0.99949
    endloop
  endfacet
  facet normal 0.923703 -0.382576 0.020223
    outer loop
      vertex 0.121243 -0.0699997 0.631493
      vertex 0.135228 -0.0362339 0.631493
      vertex 0.114741 -0.066246 0.99949
    endloop
  endfacet
  facet normal 0.91046 -0.377078 0.169927
    outer loop
      vertex 0.127977 -0.0342913 0.99949
      vertex 0.124498 -0.0333586 1.0202
      vertex 0.111623 -0.0644455 1.0202
    endloop
  endfacet
  facet normal 0.910455 -0.377121 0.16986
    outer loop
      vertex 0.114741 -0.066246 0.99949
      vertex 0.127977 -0.0342913 0.99949
      vertex 0.111623 -0.0644455 1.0202
    endloop
  endfacet
  facet normal 0.812651 -0.336563 0.475735
    outer loop
      vertex 0.124498 -0.0333586 1.0202
      vertex 0.114328 -0.0306339 1.0395
      vertex 0.102505 -0.0591812 1.0395
    endloop
  endfacet
  facet normal 0.812652 -0.336569 0.475729
    outer loop
      vertex 0.111623 -0.0644455 1.0202
      vertex 0.124498 -0.0333586 1.0202
      vertex 0.102505 -0.0591812 1.0395
    endloop
  endfacet
  facet normal 0.651802 -0.270003 0.708698
    outer loop
      vertex 0.114328 -0.0306339 1.0395
      vertex 0.0981312 -0.0262938 1.05605
      vertex 0.0879812 -0.0507965 1.05605
    endloop
  endfacet
  facet normal 0.651781 -0.269938 0.708742
    outer loop
      vertex 0.102505 -0.0591812 1.0395
      vertex 0.114328 -0.0306339 1.0395
      vertex 0.0879812 -0.0507965 1.05605
    endloop
  endfacet
  facet normal 0.468054 -0.193866 0.862172
    outer loop
      vertex 0.0981312 -0.0262938 1.05605
      vertex 0.0770245 -0.0206385 1.06878
      vertex 0.0690584 -0.0398712 1.06878
    endloop
  endfacet
  facet normal 0.468061 -0.19389 0.862163
    outer loop
      vertex 0.0879812 -0.0507965 1.05605
      vertex 0.0981312 -0.0262938 1.05605
      vertex 0.0690584 -0.0398712 1.06878
    endloop
  endfacet
  facet normal 0.278578 -0.115386 0.953457
    outer loop
      vertex 0.0770245 -0.0206385 1.06878
      vertex 0.0524406 -0.0140514 1.07676
      vertex 0.0470171 -0.0271454 1.07676
    endloop
  endfacet
  facet normal 0.278578 -0.115386 0.953457
    outer loop
      vertex 0.0690584 -0.0398712 1.06878
      vertex 0.0770245 -0.0206385 1.06878
      vertex 0.0470171 -0.0271454 1.07676
    endloop
  endfacet
  facet normal 0.0927195 -0.038408 0.994951
    outer loop
      vertex 0.0524406 -0.0140514 1.07676
      vertex 0.0260725 -0.00698566 1.07949
      vertex 0.0233755 -0.0134964 1.07949
    endloop
  endfacet
  facet normal 0.0927195 -0.0384042 0.994951
    outer loop
      vertex 0.0470171 -0.0271454 1.07676
      vertex 0.0524406 -0.0140514 1.07676
      vertex 0.0233755 -0.0134964 1.07949
    endloop
  endfacet
  facet normal 0.923871 -0.382703 0
    outer loop
      vertex 0.0233755 -0.0134964 1.0985
      vertex 0.0260725 -0.00698566 1.07949
      vertex 0.0260725 -0.00698566 1.0985
    endloop
  endfacet
  facet normal 0.923871 -0.382703 0
    outer loop
      vertex 0.0260725 -0.00698566 1.07949
      vertex 0.0233755 -0.0134964 1.0985
      vertex 0.0233755 -0.0134964 1.07949
    endloop
  endfacet
  facet normal 0.179018 -0.0741461 -0.981048
    outer loop
      vertex 0.128065 -0.0343151 0.6204
      vertex 0.118738 -0.0515417 0.62
      vertex 0.126092 -0.0337862 0.62
    endloop
  endfacet
  facet normal 0.179054 -0.0741656 -0.98104
    outer loop
      vertex 0.118738 -0.0515417 0.62
      vertex 0.128065 -0.0343151 0.6204
      vertex 0.11482 -0.0662918 0.6204
    endloop
  endfacet
  facet normal 0.179018 -0.0741562 -0.981047
    outer loop
      vertex 0.118738 -0.0515417 0.62
      vertex 0.11482 -0.0662918 0.6204
      vertex 0.113051 -0.0652705 0.62
    endloop
  endfacet
  facet normal 0.444543 -0.341122 -0.828262
    outer loop
      vertex 0.11482 -0.0662918 0.6204
      vertex 0.11819 -0.0682373 0.62301
      vertex 0.0965014 -0.0965014 0.62301
    endloop
  endfacet
  facet normal 0.444556 -0.34113 -0.828251
    outer loop
      vertex 0.11482 -0.0662918 0.6204
      vertex 0.0965014 -0.0965014 0.62301
      vertex 0.09375 -0.09375 0.6204
    endloop
  endfacet
  facet normal 0.660586 -0.506899 -0.553786
    outer loop
      vertex 0.11819 -0.0682373 0.62301
      vertex 0.12045 -0.0695419 0.6269
      vertex 0.0983467 -0.0983467 0.6269
    endloop
  endfacet
  facet normal 0.660571 -0.506893 -0.55381
    outer loop
      vertex 0.11819 -0.0682373 0.62301
      vertex 0.0983467 -0.0983467 0.6269
      vertex 0.0965014 -0.0965014 0.62301
    endloop
  endfacet
  facet normal 0.778292 -0.597214 -0.193902
    outer loop
      vertex 0.12045 -0.0695419 0.6269
      vertex 0.121243 -0.0699997 0.631493
      vertex 0.0989943 -0.0989943 0.631493
    endloop
  endfacet
  facet normal 0.778282 -0.597213 -0.193941
    outer loop
      vertex 0.12045 -0.0695419 0.6269
      vertex 0.0989943 -0.0989943 0.631493
      vertex 0.0983467 -0.0983467 0.6269
    endloop
  endfacet
  facet normal 0.793178 -0.608654 0.0202228
    outer loop
      vertex 0.121243 -0.0699997 0.631493
      vertex 0.114741 -0.066246 0.99949
      vertex 0.0936852 -0.0936852 0.99949
    endloop
  endfacet
  facet normal 0.793186 -0.608643 0.0202242
    outer loop
      vertex 0.0989943 -0.0989943 0.631493
      vertex 0.121243 -0.0699997 0.631493
      vertex 0.0936852 -0.0936852 0.99949
    endloop
  endfacet
  facet normal 0.7818 -0.599946 0.169863
    outer loop
      vertex 0.114741 -0.066246 0.99949
      vertex 0.111623 -0.0644455 1.0202
      vertex 0.0911388 -0.0911388 1.0202
    endloop
  endfacet
  facet normal 0.781807 -0.599929 0.169891
    outer loop
      vertex 0.0936852 -0.0936852 0.99949
      vertex 0.114741 -0.066246 0.99949
      vertex 0.0911388 -0.0911388 1.0202
    endloop
  endfacet
  facet normal 0.697816 -0.535475 0.47573
    outer loop
      vertex 0.111623 -0.0644455 1.0202
      vertex 0.102505 -0.0591812 1.0395
      vertex 0.0836945 -0.0836945 1.0395
    endloop
  endfacet
  facet normal 0.697815 -0.535497 0.475707
    outer loop
      vertex 0.0911388 -0.0911388 1.0202
      vertex 0.111623 -0.0644455 1.0202
      vertex 0.0836945 -0.0836945 1.0395
    endloop
  endfacet
  facet normal 0.559684 -0.429464 0.708741
    outer loop
      vertex 0.102505 -0.0591812 1.0395
      vertex 0.0879812 -0.0507965 1.05605
      vertex 0.0718365 -0.0718365 1.05605
    endloop
  endfacet
  facet normal 0.559685 -0.429479 0.708732
    outer loop
      vertex 0.0836945 -0.0836945 1.0395
      vertex 0.102505 -0.0591812 1.0395
      vertex 0.0718365 -0.0718365 1.05605
    endloop
  endfacet
  facet normal 0.401936 -0.30842 0.862163
    outer loop
      vertex 0.0879812 -0.0507965 1.05605
      vertex 0.0690584 -0.0398712 1.06878
      vertex 0.056386 -0.056386 1.06878
    endloop
  endfacet
  facet normal 0.401936 -0.308419 0.862163
    outer loop
      vertex 0.0718365 -0.0718365 1.05605
      vertex 0.0879812 -0.0507965 1.05605
      vertex 0.056386 -0.056386 1.06878
    endloop
  endfacet
  facet normal 0.239216 -0.183561 0.953457
    outer loop
      vertex 0.0690584 -0.0398712 1.06878
      vertex 0.0470171 -0.0271454 1.07676
      vertex 0.0383892 -0.0383892 1.07676
    endloop
  endfacet
  facet normal 0.239216 -0.183559 0.953458
    outer loop
      vertex 0.056386 -0.056386 1.06878
      vertex 0.0690584 -0.0398712 1.06878
      vertex 0.0383892 -0.0383892 1.07676
    endloop
  endfacet
  facet normal 0.0796162 -0.0611006 0.994951
    outer loop
      vertex 0.0470171 -0.0271454 1.07676
      vertex 0.0233755 -0.0134964 1.07949
      vertex 0.0190859 -0.0190859 1.07949
    endloop
  endfacet
  facet normal 0.079618 -0.0610946 0.994951
    outer loop
      vertex 0.0383892 -0.0383892 1.07676
      vertex 0.0470171 -0.0271454 1.07676
      vertex 0.0190859 -0.0190859 1.07949
    endloop
  endfacet
  facet normal 0.79331 -0.608817 0
    outer loop
      vertex 0.0190859 -0.0190859 1.0985
      vertex 0.0233755 -0.0134964 1.07949
      vertex 0.0233755 -0.0134964 1.0985
    endloop
  endfacet
  facet normal 0.79331 -0.608817 0
    outer loop
      vertex 0.0233755 -0.0134964 1.07949
      vertex 0.0190859 -0.0190859 1.0985
      vertex 0.0190859 -0.0190859 1.07949
    endloop
  endfacet
  facet normal 0.153729 -0.11796 -0.981047
    outer loop
      vertex 0.11482 -0.0662918 0.6204
      vertex 0.101352 -0.080517 0.62
      vertex 0.113051 -0.0652705 0.62
    endloop
  endfacet
  facet normal 0.153749 -0.117979 -0.981041
    outer loop
      vertex 0.101352 -0.080517 0.62
      vertex 0.11482 -0.0662918 0.6204
      vertex 0.09375 -0.09375 0.6204
    endloop
  endfacet
  facet normal 0.153743 -0.117976 -0.981043
    outer loop
      vertex 0.101352 -0.080517 0.62
      vertex 0.09375 -0.09375 0.6204
      vertex 0.0923058 -0.0923058 0.62
    endloop
  endfacet
  facet normal 0.341131 -0.444555 -0.828252
    outer loop
      vertex 0.09375 -0.09375 0.6204
      vertex 0.0965014 -0.0965014 0.62301
      vertex 0.0682373 -0.11819 0.62301
    endloop
  endfacet
  facet normal 0.34112 -0.444544 -0.828262
    outer loop
      vertex 0.09375 -0.09375 0.6204
      vertex 0.0682373 -0.11819 0.62301
      vertex 0.0662918 -0.11482 0.6204
    endloop
  endfacet
  facet normal 0.50689 -0.660574 -0.55381
    outer loop
      vertex 0.0965014 -0.0965014 0.62301
      vertex 0.0983467 -0.0983467 0.6269
      vertex 0.0695419 -0.12045 0.6269
    endloop
  endfacet
  facet normal 0.506903 -0.660584 -0.553785
    outer loop
      vertex 0.0965014 -0.0965014 0.62301
      vertex 0.0695419 -0.12045 0.6269
      vertex 0.0682373 -0.11819 0.62301
    endloop
  endfacet
  facet normal 0.597209 -0.778285 -0.193941
    outer loop
      vertex 0.0983467 -0.0983467 0.6269
      vertex 0.0989943 -0.0989943 0.631493
      vertex 0.0699997 -0.121243 0.631493
    endloop
  endfacet
  facet normal 0.597218 -0.778288 -0.193901
    outer loop
      vertex 0.0983467 -0.0983467 0.6269
      vertex 0.0699997 -0.121243 0.631493
      vertex 0.0695419 -0.12045 0.6269
    endloop
  endfacet
  facet normal 0.608654 -0.793178 0.0202243
    outer loop
      vertex 0.0989943 -0.0989943 0.631493
      vertex 0.0936852 -0.0936852 0.99949
      vertex 0.066246 -0.114741 0.99949
    endloop
  endfacet
  facet normal 0.608643 -0.793186 0.0202229
    outer loop
      vertex 0.0699997 -0.121243 0.631493
      vertex 0.0989943 -0.0989943 0.631493
      vertex 0.066246 -0.114741 0.99949
    endloop
  endfacet
  facet normal 0.599943 -0.781796 0.169892
    outer loop
      vertex 0.0936852 -0.0936852 0.99949
      vertex 0.0911388 -0.0911388 1.0202
      vertex 0.0644455 -0.111623 1.0202
    endloop
  endfacet
  facet normal 0.599932 -0.781811 0.169863
    outer loop
      vertex 0.066246 -0.114741 0.99949
      vertex 0.0936852 -0.0936852 0.99949
      vertex 0.0644455 -0.111623 1.0202
    endloop
  endfacet
  facet normal 0.535483 -0.697826 0.475706
    outer loop
      vertex 0.0911388 -0.0911388 1.0202
      vertex 0.0836945 -0.0836945 1.0395
      vertex 0.0591812 -0.102505 1.0395
    endloop
  endfacet
  facet normal 0.53549 -0.697806 0.475729
    outer loop
      vertex 0.0644455 -0.111623 1.0202
      vertex 0.0911388 -0.0911388 1.0202
      vertex 0.0591812 -0.102505 1.0395
    endloop
  endfacet
  facet normal 0.429471 -0.559692 0.708731
    outer loop
      vertex 0.0836945 -0.0836945 1.0395
      vertex 0.0718365 -0.0718365 1.05605
      vertex 0.0507965 -0.0879812 1.05605
    endloop
  endfacet
  facet normal 0.429474 -0.559678 0.708741
    outer loop
      vertex 0.0591812 -0.102505 1.0395
      vertex 0.0836945 -0.0836945 1.0395
      vertex 0.0507965 -0.0879812 1.05605
    endloop
  endfacet
  facet normal 0.308419 -0.401935 0.862163
    outer loop
      vertex 0.0718365 -0.0718365 1.05605
      vertex 0.056386 -0.056386 1.06878
      vertex 0.0398712 -0.0690584 1.06878
    endloop
  endfacet
  facet normal 0.308419 -0.401936 0.862163
    outer loop
      vertex 0.0507965 -0.0879812 1.05605
      vertex 0.0718365 -0.0718365 1.05605
      vertex 0.0398712 -0.0690584 1.06878
    endloop
  endfacet
  facet normal 0.18356 -0.239214 0.953458
    outer loop
      vertex 0.056386 -0.056386 1.06878
      vertex 0.0383892 -0.0383892 1.07676
      vertex 0.0271454 -0.0470171 1.07676
    endloop
  endfacet
  facet normal 0.18356 -0.239217 0.953458
    outer loop
      vertex 0.0398712 -0.0690584 1.06878
      vertex 0.056386 -0.056386 1.06878
      vertex 0.0271454 -0.0470171 1.07676
    endloop
  endfacet
  facet normal 0.0610988 -0.0796138 0.994952
    outer loop
      vertex 0.0383892 -0.0383892 1.07676
      vertex 0.0190859 -0.0190859 1.07949
      vertex 0.0134964 -0.0233755 1.07949
    endloop
  endfacet
  facet normal 0.0610955 -0.0796191 0.994951
    outer loop
      vertex 0.0271454 -0.0470171 1.07676
      vertex 0.0383892 -0.0383892 1.07676
      vertex 0.0134964 -0.0233755 1.07949
    endloop
  endfacet
  facet normal 0.608817 -0.79331 0
    outer loop
      vertex 0.0134964 -0.0233755 1.07949
      vertex 0.0190859 -0.0190859 1.0985
      vertex 0.0134964 -0.0233755 1.0985
    endloop
  endfacet
  facet normal 0.608817 -0.79331 0
    outer loop
      vertex 0.0190859 -0.0190859 1.0985
      vertex 0.0134964 -0.0233755 1.07949
      vertex 0.0190859 -0.0190859 1.07949
    endloop
  endfacet
  facet normal 0.117974 -0.153745 -0.981043
    outer loop
      vertex 0.09375 -0.09375 0.6204
      vertex 0.0770593 -0.104005 0.62
      vertex 0.0923058 -0.0923058 0.62
    endloop
  endfacet
  facet normal 0.117967 -0.153734 -0.981045
    outer loop
      vertex 0.0770593 -0.104005 0.62
      vertex 0.09375 -0.09375 0.6204
      vertex 0.0662918 -0.11482 0.6204
    endloop
  endfacet
  facet normal 0.117961 -0.153728 -0.981047
    outer loop
      vertex 0.0770593 -0.104005 0.62
      vertex 0.0662918 -0.11482 0.6204
      vertex 0.0652705 -0.113051 0.62
    endloop
  endfacet
  facet normal 0.214433 -0.517683 -0.828265
    outer loop
      vertex 0.0662918 -0.11482 0.6204
      vertex 0.0682373 -0.11819 0.62301
      vertex 0.0353222 -0.131824 0.62301
    endloop
  endfacet
  facet normal 0.214418 -0.517659 -0.828284
    outer loop
      vertex 0.0662918 -0.11482 0.6204
      vertex 0.0353222 -0.131824 0.62301
      vertex 0.0343151 -0.128065 0.6204
    endloop
  endfacet
  facet normal 0.318632 -0.769277 -0.553793
    outer loop
      vertex 0.0682373 -0.11819 0.62301
      vertex 0.0695419 -0.12045 0.6269
      vertex 0.0359974 -0.134344 0.6269
    endloop
  endfacet
  facet normal 0.31867 -0.769331 -0.553696
    outer loop
      vertex 0.0682373 -0.11819 0.62301
      vertex 0.0359974 -0.134344 0.6269
      vertex 0.0353222 -0.131824 0.62301
    endloop
  endfacet
  facet normal 0.375392 -0.906357 -0.193903
    outer loop
      vertex 0.0695419 -0.12045 0.6269
      vertex 0.0699997 -0.121243 0.631493
      vertex 0.0362339 -0.135228 0.631493
    endloop
  endfacet
  facet normal 0.375416 -0.906373 -0.193778
    outer loop
      vertex 0.0695419 -0.12045 0.6269
      vertex 0.0362339 -0.135228 0.631493
      vertex 0.0359974 -0.134344 0.6269
    endloop
  endfacet
  facet normal 0.382603 -0.923691 0.020223
    outer loop
      vertex 0.0699997 -0.121243 0.631493
      vertex 0.066246 -0.114741 0.99949
      vertex 0.0342913 -0.127977 0.99949
    endloop
  endfacet
  facet normal 0.382576 -0.923703 0.0202202
    outer loop
      vertex 0.0362339 -0.135228 0.631493
      vertex 0.0699997 -0.121243 0.631493
      vertex 0.0342913 -0.127977 0.99949
    endloop
  endfacet
  facet normal 0.377082 -0.910471 0.169859
    outer loop
      vertex 0.066246 -0.114741 0.99949
      vertex 0.0644455 -0.111623 1.0202
      vertex 0.0333586 -0.124498 1.0202
    endloop
  endfacet
  facet normal 0.377116 -0.910444 0.169926
    outer loop
      vertex 0.0342913 -0.127977 0.99949
      vertex 0.066246 -0.114741 0.99949
      vertex 0.0333586 -0.124498 1.0202
    endloop
  endfacet
  facet normal 0.336565 -0.812654 0.475728
    outer loop
      vertex 0.0644455 -0.111623 1.0202
      vertex 0.0591812 -0.102505 1.0395
      vertex 0.0306339 -0.114328 1.0395
    endloop
  endfacet
  facet normal 0.336568 -0.812649 0.475735
    outer loop
      vertex 0.0333586 -0.124498 1.0202
      vertex 0.0644455 -0.111623 1.0202
      vertex 0.0306339 -0.114328 1.0395
    endloop
  endfacet
  facet normal 0.269984 -0.651758 0.708745
    outer loop
      vertex 0.0591812 -0.102505 1.0395
      vertex 0.0507965 -0.0879812 1.05605
      vertex 0.0262938 -0.0981312 1.05605
    endloop
  endfacet
  facet normal 0.269954 -0.651819 0.708701
    outer loop
      vertex 0.0306339 -0.114328 1.0395
      vertex 0.0591812 -0.102505 1.0395
      vertex 0.0262938 -0.0981312 1.05605
    endloop
  endfacet
  facet normal 0.193873 -0.468071 0.862162
    outer loop
      vertex 0.0507965 -0.0879812 1.05605
      vertex 0.0398712 -0.0690584 1.06878
      vertex 0.0206385 -0.0770245 1.06878
    endloop
  endfacet
  facet normal 0.193885 -0.468049 0.862171
    outer loop
      vertex 0.0262938 -0.0981312 1.05605
      vertex 0.0507965 -0.0879812 1.05605
      vertex 0.0206385 -0.0770245 1.06878
    endloop
  endfacet
  facet normal 0.115386 -0.278577 0.953457
    outer loop
      vertex 0.0398712 -0.0690584 1.06878
      vertex 0.0271454 -0.0470171 1.07676
      vertex 0.0140514 -0.0524406 1.07676
    endloop
  endfacet
  facet normal 0.115386 -0.278578 0.953457
    outer loop
      vertex 0.0206385 -0.0770245 1.06878
      vertex 0.0398712 -0.0690584 1.06878
      vertex 0.0140514 -0.0524406 1.07676
    endloop
  endfacet
  facet normal 0.0384073 -0.0927178 0.994951
    outer loop
      vertex 0.0271454 -0.0470171 1.07676
      vertex 0.0134964 -0.0233755 1.07949
      vertex 0.00698566 -0.0260725 1.07949
    endloop
  endfacet
  facet normal 0.0384045 -0.0927204 0.994951
    outer loop
      vertex 0.0140514 -0.0524406 1.07676
      vertex 0.0271454 -0.0470171 1.07676
      vertex 0.00698566 -0.0260725 1.07949
    endloop
  endfacet
  facet normal 0.382703 -0.923871 0
    outer loop
      vertex 0.00698566 -0.0260725 1.07949
      vertex 0.0134964 -0.0233755 1.0985
      vertex 0.00698566 -0.0260725 1.0985
    endloop
  endfacet
  facet normal 0.382703 -0.923871 0
    outer loop
      vertex 0.0134964 -0.0233755 1.0985
      vertex 0.00698566 -0.0260725 1.07949
      vertex 0.0134964 -0.0233755 1.07949
    endloop
  endfacet
  facet normal 0.0741561 -0.179018 -0.981047
    outer loop
      vertex 0.0662918 -0.11482 0.6204
      vertex 0.047515 -0.120406 0.62
      vertex 0.0652705 -0.113051 0.62
    endloop
  endfacet
  facet normal 0.0741691 -0.179063 -0.981038
    outer loop
      vertex 0.047515 -0.120406 0.62
      vertex 0.0662918 -0.11482 0.6204
      vertex 0.0343151 -0.128065 0.6204
    endloop
  endfacet
  facet normal 0.0741436 -0.179019 -0.981048
    outer loop
      vertex 0.047515 -0.120406 0.62
      vertex 0.0343151 -0.128065 0.6204
      vertex 0.0337862 -0.126092 0.62
    endloop
  endfacet
  facet normal 0.073146 -0.55551 -0.828286
    outer loop
      vertex 0.0343151 -0.128065 0.6204
      vertex 0.0353222 -0.131824 0.62301
      vertex 0 -0.136475 0.62301
    endloop
  endfacet
  facet normal 0.0731636 -0.555569 -0.828245
    outer loop
      vertex 0 -0.132584 0.6204
      vertex 0.0343151 -0.128065 0.6204
      vertex 0 -0.136475 0.62301
    endloop
  endfacet
  facet normal 0.108711 -0.82559 -0.553699
    outer loop
      vertex 0.0353222 -0.131824 0.62301
      vertex 0.0359974 -0.134344 0.6269
      vertex 0 -0.139084 0.6269
    endloop
  endfacet
  facet normal 0.108707 -0.825582 -0.553713
    outer loop
      vertex 0 -0.136475 0.62301
      vertex 0.0353222 -0.131824 0.62301
      vertex 0 -0.139084 0.6269
    endloop
  endfacet
  facet normal 0.128071 -0.972646 -0.193797
    outer loop
      vertex 0.0359974 -0.134344 0.6269
      vertex 0.0362339 -0.135228 0.631493
      vertex 0 -0.139999 0.631493
    endloop
  endfacet
  facet normal 0.128075 -0.972651 -0.193768
    outer loop
      vertex 0 -0.139084 0.6269
      vertex 0.0359974 -0.134344 0.6269
      vertex 0 -0.139999 0.631493
    endloop
  endfacet
  facet normal 0.130513 -0.99124 0.0202203
    outer loop
      vertex 0.0362339 -0.135228 0.631493
      vertex 0.0342913 -0.127977 0.99949
      vertex 0 -0.132492 0.99949
    endloop
  endfacet
  facet normal 0.130519 -0.99124 0.0202209
    outer loop
      vertex 0.0362339 -0.135228 0.631493
      vertex 0 -0.132492 0.99949
      vertex 0 -0.139999 0.631493
    endloop
  endfacet
  facet normal 0.128664 -0.977022 0.169921
    outer loop
      vertex 0.0342913 -0.127977 0.99949
      vertex 0.0333586 -0.124498 1.0202
      vertex 0 -0.128891 1.0202
    endloop
  endfacet
  facet normal 0.128642 -0.977032 0.169884
    outer loop
      vertex 0.0342913 -0.127977 0.99949
      vertex 0 -0.128891 1.0202
      vertex 0 -0.132492 0.99949
    endloop
  endfacet
  facet normal 0.114836 -0.872059 0.475737
    outer loop
      vertex 0.0333586 -0.124498 1.0202
      vertex 0.0306339 -0.114328 1.0395
      vertex 0 -0.118362 1.0395
    endloop
  endfacet
  facet normal 0.114841 -0.872055 0.475744
    outer loop
      vertex 0.0333586 -0.124498 1.0202
      vertex 0 -0.118362 1.0395
      vertex 0 -0.128891 1.0202
    endloop
  endfacet
  facet normal 0.0920918 -0.699476 0.708698
    outer loop
      vertex 0.0306339 -0.114328 1.0395
      vertex 0.0262938 -0.0981312 1.05605
      vertex 0 -0.101593 1.05605
    endloop
  endfacet
  facet normal 0.0921075 -0.699458 0.708714
    outer loop
      vertex 0.0306339 -0.114328 1.0395
      vertex 0 -0.101593 1.05605
      vertex 0 -0.118362 1.0395
    endloop
  endfacet
  facet normal 0.0661452 -0.502276 0.862174
    outer loop
      vertex 0.0262938 -0.0981312 1.05605
      vertex 0.0206385 -0.0770245 1.06878
      vertex 0 -0.0797424 1.06878
    endloop
  endfacet
  facet normal 0.0661309 -0.502292 0.862166
    outer loop
      vertex 0.0262938 -0.0981312 1.05605
      vertex 0 -0.0797424 1.06878
      vertex 0 -0.101593 1.05605
    endloop
  endfacet
  facet normal 0.0393635 -0.298948 0.953457
    outer loop
      vertex 0.0206385 -0.0770245 1.06878
      vertex 0.0140514 -0.0524406 1.07676
      vertex 0 -0.0542908 1.07676
    endloop
  endfacet
  facet normal 0.0393681 -0.298944 0.953458
    outer loop
      vertex 0.0206385 -0.0770245 1.06878
      vertex 0 -0.0542908 1.07676
      vertex 0 -0.0797424 1.06878
    endloop
  endfacet
  facet normal 0.0131081 -0.099499 0.994951
    outer loop
      vertex 0.0140514 -0.0524406 1.07676
      vertex 0.00698566 -0.0260725 1.07949
      vertex 0 -0.0269928 1.07949
    endloop
  endfacet
  facet normal 0.0131018 -0.0995024 0.994951
    outer loop
      vertex 0.0140514 -0.0524406 1.07676
      vertex 0 -0.0269928 1.07949
      vertex 0 -0.0542908 1.07676
    endloop
  endfacet
  facet normal 0.130613 -0.991433 0
    outer loop
      vertex 0 -0.0269928 1.07949
      vertex 0.00698566 -0.0260725 1.0985
      vertex 0 -0.0269928 1.0985
    endloop
  endfacet
  facet normal 0.130613 -0.991433 0
    outer loop
      vertex 0.00698566 -0.0260725 1.0985
      vertex 0 -0.0269928 1.07949
      vertex 0.00698566 -0.0260725 1.07949
    endloop
  endfacet
  facet normal 0.0252973 -0.192113 -0.981047
    outer loop
      vertex 0.0343151 -0.128065 0.6204
      vertex 0.0147323 -0.128601 0.62
      vertex 0.0337862 -0.126092 0.62
    endloop
  endfacet
  facet normal 0.0252968 -0.192091 -0.981051
    outer loop
      vertex 0.0147323 -0.128601 0.62
      vertex 0.0343151 -0.128065 0.6204
      vertex 0 -0.132584 0.6204
    endloop
  endfacet
  facet normal 0.0252939 -0.192081 -0.981053
    outer loop
      vertex 0 -0.130541 0.62
      vertex 0.0147323 -0.128601 0.62
      vertex 0 -0.132584 0.6204
    endloop
  endfacet
  facet normal -0.0731538 -0.55557 -0.828246
    outer loop
      vertex 0 -0.132584 0.6204
      vertex 0 -0.136475 0.62301
      vertex -0.0353222 -0.131824 0.62301
    endloop
  endfacet
  facet normal -0.0731555 -0.555508 -0.828287
    outer loop
      vertex -0.0343151 -0.128065 0.6204
      vertex 0 -0.132584 0.6204
      vertex -0.0353222 -0.131824 0.62301
    endloop
  endfacet
  facet normal -0.108709 -0.825581 -0.553713
    outer loop
      vertex 0 -0.136475 0.62301
      vertex 0 -0.139084 0.6269
      vertex -0.0359974 -0.134344 0.6269
    endloop
  endfacet
  facet normal -0.108708 -0.825591 -0.553699
    outer loop
      vertex -0.0353222 -0.131824 0.62301
      vertex 0 -0.136475 0.62301
      vertex -0.0359974 -0.134344 0.6269
    endloop
  endfacet
  facet normal -0.128071 -0.972652 -0.193768
    outer loop
      vertex 0 -0.139084 0.6269
      vertex 0 -0.139999 0.631493
      vertex -0.0362339 -0.135228 0.631493
    endloop
  endfacet
  facet normal -0.128074 -0.972646 -0.193797
    outer loop
      vertex -0.0359974 -0.134344 0.6269
      vertex 0 -0.139084 0.6269
      vertex -0.0362339 -0.135228 0.631493
    endloop
  endfacet
  facet normal -0.130513 -0.99124 0.0202209
    outer loop
      vertex 0 -0.139999 0.631493
      vertex 0 -0.132492 0.99949
      vertex -0.0342913 -0.127977 0.99949
    endloop
  endfacet
  facet normal -0.130519 -0.99124 0.0202203
    outer loop
      vertex 0 -0.139999 0.631493
      vertex -0.0342913 -0.127977 0.99949
      vertex -0.0362339 -0.135228 0.631493
    endloop
  endfacet
  facet normal -0.128665 -0.977029 0.169883
    outer loop
      vertex 0 -0.132492 0.99949
      vertex 0 -0.128891 1.0202
      vertex -0.0333586 -0.124498 1.0202
    endloop
  endfacet
  facet normal -0.128641 -0.977025 0.169921
    outer loop
      vertex 0 -0.132492 0.99949
      vertex -0.0333586 -0.124498 1.0202
      vertex -0.0342913 -0.127977 0.99949
    endloop
  endfacet
  facet normal -0.114836 -0.872055 0.475744
    outer loop
      vertex 0 -0.128891 1.0202
      vertex 0 -0.118362 1.0395
      vertex -0.0306339 -0.114328 1.0395
    endloop
  endfacet
  facet normal -0.114841 -0.872058 0.475738
    outer loop
      vertex 0 -0.128891 1.0202
      vertex -0.0306339 -0.114328 1.0395
      vertex -0.0333586 -0.124498 1.0202
    endloop
  endfacet
  facet normal -0.0920897 -0.699459 0.708715
    outer loop
      vertex 0 -0.118362 1.0395
      vertex 0 -0.101593 1.05605
      vertex -0.0262938 -0.0981312 1.05605
    endloop
  endfacet
  facet normal -0.0921094 -0.699472 0.708699
    outer loop
      vertex 0 -0.118362 1.0395
      vertex -0.0262938 -0.0981312 1.05605
      vertex -0.0306339 -0.114328 1.0395
    endloop
  endfacet
  facet normal -0.0661471 -0.502291 0.862165
    outer loop
      vertex 0 -0.101593 1.05605
      vertex 0 -0.0797424 1.06878
      vertex -0.0206385 -0.0770245 1.06878
    endloop
  endfacet
  facet normal -0.0661294 -0.50228 0.862173
    outer loop
      vertex 0 -0.101593 1.05605
      vertex -0.0206385 -0.0770245 1.06878
      vertex -0.0262938 -0.0981312 1.05605
    endloop
  endfacet
  facet normal -0.039363 -0.298944 0.953459
    outer loop
      vertex 0 -0.0797424 1.06878
      vertex 0 -0.0542908 1.07676
      vertex -0.0140514 -0.0524406 1.07676
    endloop
  endfacet
  facet normal -0.0393685 -0.298946 0.953458
    outer loop
      vertex 0 -0.0797424 1.06878
      vertex -0.0140514 -0.0524406 1.07676
      vertex -0.0206385 -0.0770245 1.06878
    endloop
  endfacet
  facet normal -0.0131086 -0.0995024 0.994951
    outer loop
      vertex 0 -0.0542908 1.07676
      vertex 0 -0.0269928 1.07949
      vertex -0.00698566 -0.0260725 1.07949
    endloop
  endfacet
  facet normal -0.0131016 -0.0995007 0.994951
    outer loop
      vertex 0 -0.0542908 1.07676
      vertex -0.00698566 -0.0260725 1.07949
      vertex -0.0140514 -0.0524406 1.07676
    endloop
  endfacet
  facet normal -0.130613 -0.991433 0
    outer loop
      vertex -0.00698566 -0.0260725 1.07949
      vertex 0 -0.0269928 1.0985
      vertex -0.00698566 -0.0260725 1.0985
    endloop
  endfacet
  facet normal -0.130613 -0.991433 -0
    outer loop
      vertex 0 -0.0269928 1.0985
      vertex -0.00698566 -0.0260725 1.07949
      vertex 0 -0.0269928 1.07949
    endloop
  endfacet
  facet normal -0.025293 -0.192081 -0.981053
    outer loop
      vertex 0 -0.132584 0.6204
      vertex -0.0190539 -0.128032 0.62
      vertex 0 -0.130541 0.62
    endloop
  endfacet
  facet normal -0.0252982 -0.192102 -0.981049
    outer loop
      vertex -0.0190539 -0.128032 0.62
      vertex 0 -0.132584 0.6204
      vertex -0.0343151 -0.128065 0.6204
    endloop
  endfacet
  facet normal -0.0252981 -0.192113 -0.981047
    outer loop
      vertex -0.0337862 -0.126092 0.62
      vertex -0.0190539 -0.128032 0.62
      vertex -0.0343151 -0.128065 0.6204
    endloop
  endfacet
  facet normal -0.214423 -0.517658 -0.828283
    outer loop
      vertex -0.0343151 -0.128065 0.6204
      vertex -0.0353222 -0.131824 0.62301
      vertex -0.0682373 -0.11819 0.62301
    endloop
  endfacet
  facet normal -0.214429 -0.517685 -0.828265
    outer loop
      vertex -0.0662918 -0.11482 0.6204
      vertex -0.0343151 -0.128065 0.6204
      vertex -0.0682373 -0.11819 0.62301
    endloop
  endfacet
  facet normal -0.318656 -0.769336 -0.553697
    outer loop
      vertex -0.0353222 -0.131824 0.62301
      vertex -0.0359974 -0.134344 0.6269
      vertex -0.0695419 -0.12045 0.6269
    endloop
  endfacet
  facet normal -0.318645 -0.769271 -0.553794
    outer loop
      vertex -0.0682373 -0.11819 0.62301
      vertex -0.0353222 -0.131824 0.62301
      vertex -0.0695419 -0.12045 0.6269
    endloop
  endfacet
  facet normal -0.375401 -0.90638 -0.193778
    outer loop
      vertex -0.0359974 -0.134344 0.6269
      vertex -0.0362339 -0.135228 0.631493
      vertex -0.0699997 -0.121243 0.631493
    endloop
  endfacet
  facet normal -0.375407 -0.906351 -0.193903
    outer loop
      vertex -0.0695419 -0.12045 0.6269
      vertex -0.0359974 -0.134344 0.6269
      vertex -0.0699997 -0.121243 0.631493
    endloop
  endfacet
  facet normal -0.382603 -0.923691 0.0202201
    outer loop
      vertex -0.0362339 -0.135228 0.631493
      vertex -0.0342913 -0.127977 0.99949
      vertex -0.066246 -0.114741 0.99949
    endloop
  endfacet
  facet normal -0.382576 -0.923703 0.020223
    outer loop
      vertex -0.0362339 -0.135228 0.631493
      vertex -0.066246 -0.114741 0.99949
      vertex -0.0699997 -0.121243 0.631493
    endloop
  endfacet
  facet normal -0.377078 -0.91046 0.169927
    outer loop
      vertex -0.0342913 -0.127977 0.99949
      vertex -0.0333586 -0.124498 1.0202
      vertex -0.0644455 -0.111623 1.0202
    endloop
  endfacet
  facet normal -0.377121 -0.910455 0.16986
    outer loop
      vertex -0.0342913 -0.127977 0.99949
      vertex -0.0644455 -0.111623 1.0202
      vertex -0.066246 -0.114741 0.99949
    endloop
  endfacet
  facet normal -0.336563 -0.812651 0.475735
    outer loop
      vertex -0.0333586 -0.124498 1.0202
      vertex -0.0306339 -0.114328 1.0395
      vertex -0.0591812 -0.102505 1.0395
    endloop
  endfacet
  facet normal -0.336569 -0.812652 0.475729
    outer loop
      vertex -0.0333586 -0.124498 1.0202
      vertex -0.0591812 -0.102505 1.0395
      vertex -0.0644455 -0.111623 1.0202
    endloop
  endfacet
  facet normal -0.270003 -0.651802 0.708698
    outer loop
      vertex -0.0306339 -0.114328 1.0395
      vertex -0.0262938 -0.0981312 1.05605
      vertex -0.0507965 -0.0879812 1.05605
    endloop
  endfacet
  facet normal -0.269938 -0.651781 0.708742
    outer loop
      vertex -0.0306339 -0.114328 1.0395
      vertex -0.0507965 -0.0879812 1.05605
      vertex -0.0591812 -0.102505 1.0395
    endloop
  endfacet
  facet normal -0.193866 -0.468054 0.862172
    outer loop
      vertex -0.0262938 -0.0981312 1.05605
      vertex -0.0206385 -0.0770245 1.06878
      vertex -0.0398712 -0.0690584 1.06878
    endloop
  endfacet
  facet normal -0.19389 -0.468061 0.862163
    outer loop
      vertex -0.0262938 -0.0981312 1.05605
      vertex -0.0398712 -0.0690584 1.06878
      vertex -0.0507965 -0.0879812 1.05605
    endloop
  endfacet
  facet normal -0.115386 -0.278578 0.953457
    outer loop
      vertex -0.0206385 -0.0770245 1.06878
      vertex -0.0140514 -0.0524406 1.07676
      vertex -0.0271454 -0.0470171 1.07676
    endloop
  endfacet
  facet normal -0.115386 -0.278578 0.953457
    outer loop
      vertex -0.0206385 -0.0770245 1.06878
      vertex -0.0271454 -0.0470171 1.07676
      vertex -0.0398712 -0.0690584 1.06878
    endloop
  endfacet
  facet normal -0.038408 -0.0927195 0.994951
    outer loop
      vertex -0.00698566 -0.0260725 1.07949
      vertex -0.0134964 -0.0233755 1.07949
      vertex -0.0140514 -0.0524406 1.07676
    endloop
  endfacet
  facet normal -0.0384042 -0.0927195 0.994951
    outer loop
      vertex -0.0140514 -0.0524406 1.07676
      vertex -0.0134964 -0.0233755 1.07949
      vertex -0.0271454 -0.0470171 1.07676
    endloop
  endfacet
  facet normal -0.382703 -0.923871 0
    outer loop
      vertex -0.0134964 -0.0233755 1.07949
      vertex -0.00698566 -0.0260725 1.0985
      vertex -0.0134964 -0.0233755 1.0985
    endloop
  endfacet
  facet normal -0.382703 -0.923871 -0
    outer loop
      vertex -0.00698566 -0.0260725 1.0985
      vertex -0.0134964 -0.0233755 1.07949
      vertex -0.00698566 -0.0260725 1.07949
    endloop
  endfacet
  facet normal -0.0741461 -0.179018 -0.981048
    outer loop
      vertex -0.0343151 -0.128065 0.6204
      vertex -0.0515417 -0.118738 0.62
      vertex -0.0337862 -0.126092 0.62
    endloop
  endfacet
  facet normal -0.0741656 -0.179054 -0.98104
    outer loop
      vertex -0.0515417 -0.118738 0.62
      vertex -0.0343151 -0.128065 0.6204
      vertex -0.0662918 -0.11482 0.6204
    endloop
  endfacet
  facet normal -0.0741562 -0.179018 -0.981047
    outer loop
      vertex -0.0652705 -0.113051 0.62
      vertex -0.0515417 -0.118738 0.62
      vertex -0.0662918 -0.11482 0.6204
    endloop
  endfacet
  facet normal -0.341122 -0.444543 -0.828262
    outer loop
      vertex -0.0662918 -0.11482 0.6204
      vertex -0.0682373 -0.11819 0.62301
      vertex -0.0965014 -0.0965014 0.62301
    endloop
  endfacet
  facet normal -0.34113 -0.444556 -0.828251
    outer loop
      vertex -0.09375 -0.09375 0.6204
      vertex -0.0662918 -0.11482 0.6204
      vertex -0.0965014 -0.0965014 0.62301
    endloop
  endfacet
  facet normal -0.506899 -0.660586 -0.553786
    outer loop
      vertex -0.0682373 -0.11819 0.62301
      vertex -0.0695419 -0.12045 0.6269
      vertex -0.0983467 -0.0983467 0.6269
    endloop
  endfacet
  facet normal -0.506893 -0.660571 -0.55381
    outer loop
      vertex -0.0965014 -0.0965014 0.62301
      vertex -0.0682373 -0.11819 0.62301
      vertex -0.0983467 -0.0983467 0.6269
    endloop
  endfacet
  facet normal -0.597214 -0.778292 -0.193902
    outer loop
      vertex -0.0695419 -0.12045 0.6269
      vertex -0.0699997 -0.121243 0.631493
      vertex -0.0989943 -0.0989943 0.631493
    endloop
  endfacet
  facet normal -0.597213 -0.778282 -0.193941
    outer loop
      vertex -0.0983467 -0.0983467 0.6269
      vertex -0.0695419 -0.12045 0.6269
      vertex -0.0989943 -0.0989943 0.631493
    endloop
  endfacet
  facet normal -0.608654 -0.793178 0.0202228
    outer loop
      vertex -0.0699997 -0.121243 0.631493
      vertex -0.066246 -0.114741 0.99949
      vertex -0.0936852 -0.0936852 0.99949
    endloop
  endfacet
  facet normal -0.608643 -0.793186 0.0202242
    outer loop
      vertex -0.0699997 -0.121243 0.631493
      vertex -0.0936852 -0.0936852 0.99949
      vertex -0.0989943 -0.0989943 0.631493
    endloop
  endfacet
  facet normal -0.599946 -0.7818 0.169863
    outer loop
      vertex -0.066246 -0.114741 0.99949
      vertex -0.0644455 -0.111623 1.0202
      vertex -0.0911388 -0.0911388 1.0202
    endloop
  endfacet
  facet normal -0.599929 -0.781807 0.169891
    outer loop
      vertex -0.066246 -0.114741 0.99949
      vertex -0.0911388 -0.0911388 1.0202
      vertex -0.0936852 -0.0936852 0.99949
    endloop
  endfacet
  facet normal -0.535475 -0.697816 0.47573
    outer loop
      vertex -0.0644455 -0.111623 1.0202
      vertex -0.0591812 -0.102505 1.0395
      vertex -0.0836945 -0.0836945 1.0395
    endloop
  endfacet
  facet normal -0.535497 -0.697815 0.475707
    outer loop
      vertex -0.0644455 -0.111623 1.0202
      vertex -0.0836945 -0.0836945 1.0395
      vertex -0.0911388 -0.0911388 1.0202
    endloop
  endfacet
  facet normal -0.429464 -0.559684 0.708741
    outer loop
      vertex -0.0591812 -0.102505 1.0395
      vertex -0.0507965 -0.0879812 1.05605
      vertex -0.0718365 -0.0718365 1.05605
    endloop
  endfacet
  facet normal -0.429479 -0.559685 0.708732
    outer loop
      vertex -0.0591812 -0.102505 1.0395
      vertex -0.0718365 -0.0718365 1.05605
      vertex -0.0836945 -0.0836945 1.0395
    endloop
  endfacet
  facet normal -0.30842 -0.401936 0.862163
    outer loop
      vertex -0.0507965 -0.0879812 1.05605
      vertex -0.0398712 -0.0690584 1.06878
      vertex -0.056386 -0.056386 1.06878
    endloop
  endfacet
  facet normal -0.308419 -0.401936 0.862163
    outer loop
      vertex -0.0507965 -0.0879812 1.05605
      vertex -0.056386 -0.056386 1.06878
      vertex -0.0718365 -0.0718365 1.05605
    endloop
  endfacet
  facet normal -0.183561 -0.239216 0.953457
    outer loop
      vertex -0.0271454 -0.0470171 1.07676
      vertex -0.0383892 -0.0383892 1.07676
      vertex -0.0398712 -0.0690584 1.06878
    endloop
  endfacet
  facet normal -0.183559 -0.239216 0.953458
    outer loop
      vertex -0.0398712 -0.0690584 1.06878
      vertex -0.0383892 -0.0383892 1.07676
      vertex -0.056386 -0.056386 1.06878
    endloop
  endfacet
  facet normal -0.0611006 -0.0796162 0.994951
    outer loop
      vertex -0.0134964 -0.0233755 1.07949
      vertex -0.0190859 -0.0190859 1.07949
      vertex -0.0271454 -0.0470171 1.07676
    endloop
  endfacet
  facet normal -0.0610946 -0.079618 0.994951
    outer loop
      vertex -0.0271454 -0.0470171 1.07676
      vertex -0.0190859 -0.0190859 1.07949
      vertex -0.0383892 -0.0383892 1.07676
    endloop
  endfacet
  facet normal -0.608817 -0.79331 0
    outer loop
      vertex -0.0190859 -0.0190859 1.07949
      vertex -0.0134964 -0.0233755 1.0985
      vertex -0.0190859 -0.0190859 1.0985
    endloop
  endfacet
  facet normal -0.608817 -0.79331 -0
    outer loop
      vertex -0.0134964 -0.0233755 1.0985
      vertex -0.0190859 -0.0190859 1.07949
      vertex -0.0134964 -0.0233755 1.07949
    endloop
  endfacet
  facet normal -0.11796 -0.153729 -0.981047
    outer loop
      vertex -0.0662918 -0.11482 0.6204
      vertex -0.080517 -0.101352 0.62
      vertex -0.0652705 -0.113051 0.62
    endloop
  endfacet
  facet normal -0.117979 -0.153749 -0.981041
    outer loop
      vertex -0.080517 -0.101352 0.62
      vertex -0.0662918 -0.11482 0.6204
      vertex -0.09375 -0.09375 0.6204
    endloop
  endfacet
  facet normal -0.117976 -0.153743 -0.981043
    outer loop
      vertex -0.0923058 -0.0923058 0.62
      vertex -0.080517 -0.101352 0.62
      vertex -0.09375 -0.09375 0.6204
    endloop
  endfacet
  facet normal -0.444555 -0.341131 -0.828252
    outer loop
      vertex -0.09375 -0.09375 0.6204
      vertex -0.0965014 -0.0965014 0.62301
      vertex -0.11819 -0.0682373 0.62301
    endloop
  endfacet
  facet normal -0.444544 -0.34112 -0.828262
    outer loop
      vertex -0.11482 -0.0662918 0.6204
      vertex -0.09375 -0.09375 0.6204
      vertex -0.11819 -0.0682373 0.62301
    endloop
  endfacet
  facet normal -0.660574 -0.50689 -0.55381
    outer loop
      vertex -0.0965014 -0.0965014 0.62301
      vertex -0.0983467 -0.0983467 0.6269
      vertex -0.12045 -0.0695419 0.6269
    endloop
  endfacet
  facet normal -0.660584 -0.506903 -0.553785
    outer loop
      vertex -0.11819 -0.0682373 0.62301
      vertex -0.0965014 -0.0965014 0.62301
      vertex -0.12045 -0.0695419 0.6269
    endloop
  endfacet
  facet normal -0.778285 -0.597209 -0.193941
    outer loop
      vertex -0.0983467 -0.0983467 0.6269
      vertex -0.0989943 -0.0989943 0.631493
      vertex -0.121243 -0.0699997 0.631493
    endloop
  endfacet
  facet normal -0.778288 -0.597218 -0.193901
    outer loop
      vertex -0.12045 -0.0695419 0.6269
      vertex -0.0983467 -0.0983467 0.6269
      vertex -0.121243 -0.0699997 0.631493
    endloop
  endfacet
  facet normal -0.793178 -0.608654 0.0202243
    outer loop
      vertex -0.0989943 -0.0989943 0.631493
      vertex -0.0936852 -0.0936852 0.99949
      vertex -0.114741 -0.066246 0.99949
    endloop
  endfacet
  facet normal -0.793186 -0.608643 0.0202229
    outer loop
      vertex -0.0989943 -0.0989943 0.631493
      vertex -0.114741 -0.066246 0.99949
      vertex -0.121243 -0.0699997 0.631493
    endloop
  endfacet
  facet normal -0.781796 -0.599943 0.169892
    outer loop
      vertex -0.0936852 -0.0936852 0.99949
      vertex -0.0911388 -0.0911388 1.0202
      vertex -0.111623 -0.0644455 1.0202
    endloop
  endfacet
  facet normal -0.781811 -0.599932 0.169863
    outer loop
      vertex -0.0936852 -0.0936852 0.99949
      vertex -0.111623 -0.0644455 1.0202
      vertex -0.114741 -0.066246 0.99949
    endloop
  endfacet
  facet normal -0.697826 -0.535483 0.475706
    outer loop
      vertex -0.0911388 -0.0911388 1.0202
      vertex -0.0836945 -0.0836945 1.0395
      vertex -0.102505 -0.0591812 1.0395
    endloop
  endfacet
  facet normal -0.697806 -0.53549 0.475729
    outer loop
      vertex -0.0911388 -0.0911388 1.0202
      vertex -0.102505 -0.0591812 1.0395
      vertex -0.111623 -0.0644455 1.0202
    endloop
  endfacet
  facet normal -0.559692 -0.429471 0.708731
    outer loop
      vertex -0.0836945 -0.0836945 1.0395
      vertex -0.0718365 -0.0718365 1.05605
      vertex -0.0879812 -0.0507965 1.05605
    endloop
  endfacet
  facet normal -0.559678 -0.429474 0.708741
    outer loop
      vertex -0.0836945 -0.0836945 1.0395
      vertex -0.0879812 -0.0507965 1.05605
      vertex -0.102505 -0.0591812 1.0395
    endloop
  endfacet
  facet normal -0.401935 -0.308419 0.862163
    outer loop
      vertex -0.056386 -0.056386 1.06878
      vertex -0.0690584 -0.0398712 1.06878
      vertex -0.0718365 -0.0718365 1.05605
    endloop
  endfacet
  facet normal -0.401936 -0.308419 0.862163
    outer loop
      vertex -0.0718365 -0.0718365 1.05605
      vertex -0.0690584 -0.0398712 1.06878
      vertex -0.0879812 -0.0507965 1.05605
    endloop
  endfacet
  facet normal -0.239214 -0.18356 0.953458
    outer loop
      vertex -0.0383892 -0.0383892 1.07676
      vertex -0.0470171 -0.0271454 1.07676
      vertex -0.056386 -0.056386 1.06878
    endloop
  endfacet
  facet normal -0.239217 -0.18356 0.953458
    outer loop
      vertex -0.056386 -0.056386 1.06878
      vertex -0.0470171 -0.0271454 1.07676
      vertex -0.0690584 -0.0398712 1.06878
    endloop
  endfacet
  facet normal -0.0796138 -0.0610988 0.994952
    outer loop
      vertex -0.0190859 -0.0190859 1.07949
      vertex -0.0233755 -0.0134964 1.07949
      vertex -0.0383892 -0.0383892 1.07676
    endloop
  endfacet
  facet normal -0.0796191 -0.0610955 0.994951
    outer loop
      vertex -0.0383892 -0.0383892 1.07676
      vertex -0.0233755 -0.0134964 1.07949
      vertex -0.0470171 -0.0271454 1.07676
    endloop
  endfacet
  facet normal -0.79331 -0.608817 0
    outer loop
      vertex -0.0190859 -0.0190859 1.07949
      vertex -0.0233755 -0.0134964 1.0985
      vertex -0.0233755 -0.0134964 1.07949
    endloop
  endfacet
  facet normal -0.79331 -0.608817 0
    outer loop
      vertex -0.0233755 -0.0134964 1.0985
      vertex -0.0190859 -0.0190859 1.07949
      vertex -0.0190859 -0.0190859 1.0985
    endloop
  endfacet
  facet normal -0.153745 -0.117974 -0.981043
    outer loop
      vertex -0.09375 -0.09375 0.6204
      vertex -0.104005 -0.0770593 0.62
      vertex -0.0923058 -0.0923058 0.62
    endloop
  endfacet
  facet normal -0.153734 -0.117967 -0.981045
    outer loop
      vertex -0.104005 -0.0770593 0.62
      vertex -0.09375 -0.09375 0.6204
      vertex -0.11482 -0.0662918 0.6204
    endloop
  endfacet
  facet normal -0.153728 -0.117961 -0.981047
    outer loop
      vertex -0.113051 -0.0652705 0.62
      vertex -0.104005 -0.0770593 0.62
      vertex -0.11482 -0.0662918 0.6204
    endloop
  endfacet
  facet normal -0.517683 -0.214433 -0.828265
    outer loop
      vertex -0.11482 -0.0662918 0.6204
      vertex -0.11819 -0.0682373 0.62301
      vertex -0.131824 -0.0353222 0.62301
    endloop
  endfacet
  facet normal -0.517659 -0.214418 -0.828284
    outer loop
      vertex -0.128065 -0.0343151 0.6204
      vertex -0.11482 -0.0662918 0.6204
      vertex -0.131824 -0.0353222 0.62301
    endloop
  endfacet
  facet normal -0.769277 -0.318632 -0.553793
    outer loop
      vertex -0.11819 -0.0682373 0.62301
      vertex -0.12045 -0.0695419 0.6269
      vertex -0.134344 -0.0359974 0.6269
    endloop
  endfacet
  facet normal -0.769331 -0.31867 -0.553696
    outer loop
      vertex -0.131824 -0.0353222 0.62301
      vertex -0.11819 -0.0682373 0.62301
      vertex -0.134344 -0.0359974 0.6269
    endloop
  endfacet
  facet normal -0.906357 -0.375392 -0.193903
    outer loop
      vertex -0.12045 -0.0695419 0.6269
      vertex -0.121243 -0.0699997 0.631493
      vertex -0.135228 -0.0362339 0.631493
    endloop
  endfacet
  facet normal -0.906373 -0.375416 -0.193778
    outer loop
      vertex -0.134344 -0.0359974 0.6269
      vertex -0.12045 -0.0695419 0.6269
      vertex -0.135228 -0.0362339 0.631493
    endloop
  endfacet
  facet normal -0.923691 -0.382603 0.020223
    outer loop
      vertex -0.121243 -0.0699997 0.631493
      vertex -0.114741 -0.066246 0.99949
      vertex -0.127977 -0.0342913 0.99949
    endloop
  endfacet
  facet normal -0.923703 -0.382576 0.0202202
    outer loop
      vertex -0.121243 -0.0699997 0.631493
      vertex -0.127977 -0.0342913 0.99949
      vertex -0.135228 -0.0362339 0.631493
    endloop
  endfacet
  facet normal -0.910471 -0.377082 0.169859
    outer loop
      vertex -0.114741 -0.066246 0.99949
      vertex -0.111623 -0.0644455 1.0202
      vertex -0.124498 -0.0333586 1.0202
    endloop
  endfacet
  facet normal -0.910444 -0.377116 0.169926
    outer loop
      vertex -0.114741 -0.066246 0.99949
      vertex -0.124498 -0.0333586 1.0202
      vertex -0.127977 -0.0342913 0.99949
    endloop
  endfacet
  facet normal -0.812654 -0.336565 0.475728
    outer loop
      vertex -0.111623 -0.0644455 1.0202
      vertex -0.102505 -0.0591812 1.0395
      vertex -0.114328 -0.0306339 1.0395
    endloop
  endfacet
  facet normal -0.812649 -0.336568 0.475735
    outer loop
      vertex -0.111623 -0.0644455 1.0202
      vertex -0.114328 -0.0306339 1.0395
      vertex -0.124498 -0.0333586 1.0202
    endloop
  endfacet
  facet normal -0.651758 -0.269984 0.708745
    outer loop
      vertex -0.0879812 -0.0507965 1.05605
      vertex -0.0981312 -0.0262938 1.05605
      vertex -0.102505 -0.0591812 1.0395
    endloop
  endfacet
  facet normal -0.651819 -0.269954 0.708701
    outer loop
      vertex -0.102505 -0.0591812 1.0395
      vertex -0.0981312 -0.0262938 1.05605
      vertex -0.114328 -0.0306339 1.0395
    endloop
  endfacet
  facet normal -0.468071 -0.193873 0.862162
    outer loop
      vertex -0.0690584 -0.0398712 1.06878
      vertex -0.0770245 -0.0206385 1.06878
      vertex -0.0879812 -0.0507965 1.05605
    endloop
  endfacet
  facet normal -0.468049 -0.193885 0.862171
    outer loop
      vertex -0.0879812 -0.0507965 1.05605
      vertex -0.0770245 -0.0206385 1.06878
      vertex -0.0981312 -0.0262938 1.05605
    endloop
  endfacet
  facet normal -0.278577 -0.115386 0.953457
    outer loop
      vertex -0.0470171 -0.0271454 1.07676
      vertex -0.0524406 -0.0140514 1.07676
      vertex -0.0690584 -0.0398712 1.06878
    endloop
  endfacet
  facet normal -0.278578 -0.115386 0.953457
    outer loop
      vertex -0.0690584 -0.0398712 1.06878
      vertex -0.0524406 -0.0140514 1.07676
      vertex -0.0770245 -0.0206385 1.06878
    endloop
  endfacet
  facet normal -0.0927178 -0.0384073 0.994951
    outer loop
      vertex -0.0233755 -0.0134964 1.07949
      vertex -0.0260725 -0.00698566 1.07949
      vertex -0.0470171 -0.0271454 1.07676
    endloop
  endfacet
  facet normal -0.0927204 -0.0384045 0.994951
    outer loop
      vertex -0.0470171 -0.0271454 1.07676
      vertex -0.0260725 -0.00698566 1.07949
      vertex -0.0524406 -0.0140514 1.07676
    endloop
  endfacet
  facet normal -0.923871 -0.382703 0
    outer loop
      vertex -0.0233755 -0.0134964 1.07949
      vertex -0.0260725 -0.00698566 1.0985
      vertex -0.0260725 -0.00698566 1.07949
    endloop
  endfacet
  facet normal -0.923871 -0.382703 0
    outer loop
      vertex -0.0260725 -0.00698566 1.0985
      vertex -0.0233755 -0.0134964 1.07949
      vertex -0.0233755 -0.0134964 1.0985
    endloop
  endfacet
  facet normal -0.179018 -0.0741561 -0.981047
    outer loop
      vertex -0.11482 -0.0662918 0.6204
      vertex -0.120406 -0.047515 0.62
      vertex -0.113051 -0.0652705 0.62
    endloop
  endfacet
  facet normal -0.179063 -0.0741691 -0.981038
    outer loop
      vertex -0.120406 -0.047515 0.62
      vertex -0.11482 -0.0662918 0.6204
      vertex -0.128065 -0.0343151 0.6204
    endloop
  endfacet
  facet normal -0.179019 -0.0741436 -0.981048
    outer loop
      vertex -0.126092 -0.0337862 0.62
      vertex -0.120406 -0.047515 0.62
      vertex -0.128065 -0.0343151 0.6204
    endloop
  endfacet
  facet normal -0.55551 -0.073146 -0.828286
    outer loop
      vertex -0.128065 -0.0343151 0.6204
      vertex -0.131824 -0.0353222 0.62301
      vertex -0.136475 0 0.62301
    endloop
  endfacet
  facet normal -0.555569 -0.0731636 -0.828245
    outer loop
      vertex -0.132584 0 0.6204
      vertex -0.128065 -0.0343151 0.6204
      vertex -0.136475 0 0.62301
    endloop
  endfacet
  facet normal -0.82559 -0.108711 -0.553699
    outer loop
      vertex -0.131824 -0.0353222 0.62301
      vertex -0.134344 -0.0359974 0.6269
      vertex -0.139084 0 0.6269
    endloop
  endfacet
  facet normal -0.825582 -0.108707 -0.553713
    outer loop
      vertex -0.136475 0 0.62301
      vertex -0.131824 -0.0353222 0.62301
      vertex -0.139084 0 0.6269
    endloop
  endfacet
  facet normal -0.972646 -0.128071 -0.193797
    outer loop
      vertex -0.134344 -0.0359974 0.6269
      vertex -0.135228 -0.0362339 0.631493
      vertex -0.139999 0 0.631493
    endloop
  endfacet
  facet normal -0.972651 -0.128075 -0.193768
    outer loop
      vertex -0.139084 0 0.6269
      vertex -0.134344 -0.0359974 0.6269
      vertex -0.139999 0 0.631493
    endloop
  endfacet
  facet normal -0.99124 -0.130513 0.0202203
    outer loop
      vertex -0.127977 -0.0342913 0.99949
      vertex -0.132492 0 0.99949
      vertex -0.135228 -0.0362339 0.631493
    endloop
  endfacet
  facet normal -0.99124 -0.130519 0.0202209
    outer loop
      vertex -0.135228 -0.0362339 0.631493
      vertex -0.132492 0 0.99949
      vertex -0.139999 0 0.631493
    endloop
  endfacet
  facet normal -0.977022 -0.128664 0.169921
    outer loop
      vertex -0.127977 -0.0342913 0.99949
      vertex -0.124498 -0.0333586 1.0202
      vertex -0.128891 0 1.0202
    endloop
  endfacet
  facet normal -0.977032 -0.128642 0.169884
    outer loop
      vertex -0.127977 -0.0342913 0.99949
      vertex -0.128891 0 1.0202
      vertex -0.132492 0 0.99949
    endloop
  endfacet
  facet normal -0.872059 -0.114836 0.475737
    outer loop
      vertex -0.114328 -0.0306339 1.0395
      vertex -0.118362 0 1.0395
      vertex -0.124498 -0.0333586 1.0202
    endloop
  endfacet
  facet normal -0.872055 -0.114841 0.475744
    outer loop
      vertex -0.124498 -0.0333586 1.0202
      vertex -0.118362 0 1.0395
      vertex -0.128891 0 1.0202
    endloop
  endfacet
  facet normal -0.699476 -0.0920918 0.708698
    outer loop
      vertex -0.0981312 -0.0262938 1.05605
      vertex -0.101593 0 1.05605
      vertex -0.114328 -0.0306339 1.0395
    endloop
  endfacet
  facet normal -0.699458 -0.0921075 0.708714
    outer loop
      vertex -0.114328 -0.0306339 1.0395
      vertex -0.101593 0 1.05605
      vertex -0.118362 0 1.0395
    endloop
  endfacet
  facet normal -0.502276 -0.0661452 0.862174
    outer loop
      vertex -0.0770245 -0.0206385 1.06878
      vertex -0.0797424 0 1.06878
      vertex -0.0981312 -0.0262938 1.05605
    endloop
  endfacet
  facet normal -0.502292 -0.0661309 0.862166
    outer loop
      vertex -0.0981312 -0.0262938 1.05605
      vertex -0.0797424 0 1.06878
      vertex -0.101593 0 1.05605
    endloop
  endfacet
  facet normal -0.298948 -0.0393635 0.953457
    outer loop
      vertex -0.0524406 -0.0140514 1.07676
      vertex -0.0542908 0 1.07676
      vertex -0.0770245 -0.0206385 1.06878
    endloop
  endfacet
  facet normal -0.298944 -0.0393681 0.953458
    outer loop
      vertex -0.0770245 -0.0206385 1.06878
      vertex -0.0542908 0 1.07676
      vertex -0.0797424 0 1.06878
    endloop
  endfacet
  facet normal -0.099499 -0.0131081 0.994951
    outer loop
      vertex -0.0260725 -0.00698566 1.07949
      vertex -0.0269928 0 1.07949
      vertex -0.0524406 -0.0140514 1.07676
    endloop
  endfacet
  facet normal -0.0995024 -0.0131018 0.994951
    outer loop
      vertex -0.0524406 -0.0140514 1.07676
      vertex -0.0269928 0 1.07949
      vertex -0.0542908 0 1.07676
    endloop
  endfacet
  facet normal -0.991433 -0.130613 0
    outer loop
      vertex -0.0260725 -0.00698566 1.07949
      vertex -0.0269928 0 1.0985
      vertex -0.0269928 0 1.07949
    endloop
  endfacet
  facet normal -0.991433 -0.130613 0
    outer loop
      vertex -0.0269928 0 1.0985
      vertex -0.0260725 -0.00698566 1.07949
      vertex -0.0260725 -0.00698566 1.0985
    endloop
  endfacet
  facet normal -0.192113 -0.0252973 -0.981047
    outer loop
      vertex -0.128065 -0.0343151 0.6204
      vertex -0.128601 -0.0147323 0.62
      vertex -0.126092 -0.0337862 0.62
    endloop
  endfacet
  facet normal -0.192091 -0.0252968 -0.981051
    outer loop
      vertex -0.128601 -0.0147323 0.62
      vertex -0.128065 -0.0343151 0.6204
      vertex -0.132584 0 0.6204
    endloop
  endfacet
  facet normal -0.192081 -0.0252939 -0.981053
    outer loop
      vertex -0.130541 0 0.62
      vertex -0.128601 -0.0147323 0.62
      vertex -0.132584 0 0.6204
    endloop
  endfacet
  facet normal 0.987106 0.129892 0.0935413
    outer loop
      vertex 0.0299997 0 1.0985
      vertex 0.0272388 0.00729847 1.1175
      vertex 0.0281992 0 1.1175
    endloop
  endfacet
  facet normal 0.987098 0.129975 0.0935083
    outer loop
      vertex 0.0289774 0.00776386 1.0985
      vertex 0.0272388 0.00729847 1.1175
      vertex 0.0299997 0 1.0985
    endloop
  endfacet
  facet normal -0.606084 -0.78989 0.0934714
    outer loop
      vertex -0.0199404 -0.0199404 1.1175
      vertex -0.0212126 -0.0212126 1.0985
      vertex -0.0149994 -0.02598 1.0985
    endloop
  endfacet
  facet normal 0.919823 -0.381029 0.0935017
    outer loop
      vertex 0.0272388 -0.00729847 1.1175
      vertex 0.0244217 -0.0140991 1.1175
      vertex 0.0289774 -0.00776386 1.0985
    endloop
  endfacet
  facet normal 0.78989 0.606084 0.0934714
    outer loop
      vertex 0.0212126 0.0212126 1.0985
      vertex 0.0199404 0.0199404 1.1175
      vertex 0.02598 0.0149994 1.0985
    endloop
  endfacet
  facet normal 0.606019 0.789936 0.0935029
    outer loop
      vertex 0.0149994 0.02598 1.0985
      vertex 0.0140991 0.0244217 1.1175
      vertex 0.0199404 0.0199404 1.1175
    endloop
  endfacet
  facet normal -0.987106 0.129892 0.0935413
    outer loop
      vertex -0.0272388 0.00729847 1.1175
      vertex -0.0299997 0 1.0985
      vertex -0.0281992 0 1.1175
    endloop
  endfacet
  facet normal 0 0 -1
    outer loop
      vertex 0.0269928 0 1.0985
      vertex 0.0299997 0 1.0985
      vertex 0.0289774 -0.00776386 1.0985
    endloop
  endfacet
  facet normal 0 0 -1
    outer loop
      vertex 0.0299997 0 1.0985
      vertex 0.0269928 0 1.0985
      vertex 0.0289774 0.00776386 1.0985
    endloop
  endfacet
  facet normal 0 0 -1
    outer loop
      vertex 0.0289774 -0.00776386 1.0985
      vertex 0.0260725 -0.00698566 1.0985
      vertex 0.0269928 0 1.0985
    endloop
  endfacet
  facet normal 0 0 -1
    outer loop
      vertex 0.02598 -0.0149994 1.0985
      vertex 0.0260725 -0.00698566 1.0985
      vertex 0.0289774 -0.00776386 1.0985
    endloop
  endfacet
  facet normal 0 0 -1
    outer loop
      vertex 0.02598 -0.0149994 1.0985
      vertex 0.0233755 -0.0134964 1.0985
      vertex 0.0260725 -0.00698566 1.0985
    endloop
  endfacet
  facet normal 0 0 -1
    outer loop
      vertex 0.0212126 -0.0212126 1.0985
      vertex 0.0233755 -0.0134964 1.0985
      vertex 0.02598 -0.0149994 1.0985
    endloop
  endfacet
  facet normal 0 0 -1
    outer loop
      vertex 0.0212126 -0.0212126 1.0985
      vertex 0.0190859 -0.0190859 1.0985
      vertex 0.0233755 -0.0134964 1.0985
    endloop
  endfacet
  facet normal 0 0 -1
    outer loop
      vertex 0.0149994 -0.02598 1.0985
      vertex 0.0190859 -0.0190859 1.0985
      vertex 0.0212126 -0.0212126 1.0985
    endloop
  endfacet
  facet normal 0 0 -1
    outer loop
      vertex 0.0149994 -0.02598 1.0985
      vertex 0.0134964 -0.0233755 1.0985
      vertex 0.0190859 -0.0190859 1.0985
    endloop
  endfacet
  facet normal 0 0 -1
    outer loop
      vertex 0.00776386 -0.0289774 1.0985
      vertex 0.0134964 -0.0233755 1.0985
      vertex 0.0149994 -0.02598 1.0985
    endloop
  endfacet
  facet normal 0 0 -1
    outer loop
      vertex 0.00776386 -0.0289774 1.0985
      vertex 0.00698566 -0.0260725 1.0985
      vertex 0.0134964 -0.0233755 1.0985
    endloop
  endfacet
  facet normal 0 0 -1
    outer loop
      vertex 0 -0.0299997 1.0985
      vertex 0.00698566 -0.0260725 1.0985
      vertex 0.00776386 -0.0289774 1.0985
    endloop
  endfacet
  facet normal 0 0 -1
    outer loop
      vertex 0 -0.0299997 1.0985
      vertex 0 -0.0269928 1.0985
      vertex 0.00698566 -0.0260725 1.0985
    endloop
  endfacet
  facet normal 0 0 -1
    outer loop
      vertex 0 -0.0299997 1.0985
      vertex -0.00698566 -0.0260725 1.0985
      vertex 0 -0.0269928 1.0985
    endloop
  endfacet
  facet normal 0 0 -1
    outer loop
      vertex -0.00776386 -0.0289774 1.0985
      vertex -0.00698566 -0.0260725 1.0985
      vertex 0 -0.0299997 1.0985
    endloop
  endfacet
  facet normal 0 0 -1
    outer loop
      vertex -0.00776386 -0.0289774 1.0985
      vertex -0.0134964 -0.0233755 1.0985
      vertex -0.00698566 -0.0260725 1.0985
    endloop
  endfacet
  facet normal 0 0 -1
    outer loop
      vertex -0.0149994 -0.02598 1.0985
      vertex -0.0134964 -0.0233755 1.0985
      vertex -0.00776386 -0.0289774 1.0985
    endloop
  endfacet
  facet normal 0 0 -1
    outer loop
      vertex -0.0149994 -0.02598 1.0985
      vertex -0.0190859 -0.0190859 1.0985
      vertex -0.0134964 -0.0233755 1.0985
    endloop
  endfacet
  facet normal 0 0 -1
    outer loop
      vertex -0.0212126 -0.0212126 1.0985
      vertex -0.0190859 -0.0190859 1.0985
      vertex -0.0149994 -0.02598 1.0985
    endloop
  endfacet
  facet normal 0 0 -1
    outer loop
      vertex -0.0212126 -0.0212126 1.0985
      vertex -0.0233755 -0.0134964 1.0985
      vertex -0.0190859 -0.0190859 1.0985
    endloop
  endfacet
  facet normal 0 0 -1
    outer loop
      vertex -0.02598 -0.0149994 1.0985
      vertex -0.0233755 -0.0134964 1.0985
      vertex -0.0212126 -0.0212126 1.0985
    endloop
  endfacet
  facet normal 0 0 -1
    outer loop
      vertex -0.02598 -0.0149994 1.0985
      vertex -0.0260725 -0.00698566 1.0985
      vertex -0.0233755 -0.0134964 1.0985
    endloop
  endfacet
  facet normal 0 0 -1
    outer loop
      vertex -0.0289774 -0.00776386 1.0985
      vertex -0.0260725 -0.00698566 1.0985
      vertex -0.02598 -0.0149994 1.0985
    endloop
  endfacet
  facet normal -0 0 -1
    outer loop
      vertex -0.0260725 -0.00698566 1.0985
      vertex -0.0289774 -0.00776386 1.0985
      vertex -0.0269928 0 1.0985
    endloop
  endfacet
  facet normal 0 0 -1
    outer loop
      vertex 0.0260725 0.00698566 1.0985
      vertex 0.0289774 0.00776386 1.0985
      vertex 0.0269928 0 1.0985
    endloop
  endfacet
  facet normal 0 0 -1
    outer loop
      vertex 0.0260725 0.00698566 1.0985
      vertex 0.02598 0.0149994 1.0985
      vertex 0.0289774 0.00776386 1.0985
    endloop
  endfacet
  facet normal 0 0 -1
    outer loop
      vertex 0.0233755 0.0134964 1.0985
      vertex 0.02598 0.0149994 1.0985
      vertex 0.0260725 0.00698566 1.0985
    endloop
  endfacet
  facet normal 0 0 -1
    outer loop
      vertex 0.0233755 0.0134964 1.0985
      vertex 0.0212126 0.0212126 1.0985
      vertex 0.02598 0.0149994 1.0985
    endloop
  endfacet
  facet normal 0 0 -1
    outer loop
      vertex 0.0190859 0.0190859 1.0985
      vertex 0.0212126 0.0212126 1.0985
      vertex 0.0233755 0.0134964 1.0985
    endloop
  endfacet
  facet normal 0 0 -1
    outer loop
      vertex 0.0190859 0.0190859 1.0985
      vertex 0.0149994 0.02598 1.0985
      vertex 0.0212126 0.0212126 1.0985
    endloop
  endfacet
  facet normal 0 0 -1
    outer loop
      vertex 0.0134964 0.0233755 1.0985
      vertex 0.0149994 0.02598 1.0985
      vertex 0.0190859 0.0190859 1.0985
    endloop
  endfacet
  facet normal 0 0 -1
    outer loop
      vertex 0.0134964 0.0233755 1.0985
      vertex 0.00776386 0.0289774 1.0985
      vertex 0.0149994 0.02598 1.0985
    endloop
  endfacet
  facet normal 0 0 -1
    outer loop
      vertex 0.00698566 0.0260725 1.0985
      vertex 0.00776386 0.0289774 1.0985
      vertex 0.0134964 0.0233755 1.0985
    endloop
  endfacet
  facet normal 0 0 -1
    outer loop
      vertex 0 0.0269928 1.0985
      vertex 0.00776386 0.0289774 1.0985
      vertex 0.00698566 0.0260725 1.0985
    endloop
  endfacet
  facet normal 0 0 -1
    outer loop
      vertex 0 0.0269928 1.0985
      vertex 0 0.0299997 1.0985
      vertex 0.00776386 0.0289774 1.0985
    endloop
  endfacet
  facet normal 0 0 -1
    outer loop
      vertex -0.00698566 0.0260725 1.0985
      vertex 0 0.0299997 1.0985
      vertex 0 0.0269928 1.0985
    endloop
  endfacet
  facet normal 0 0 -1
    outer loop
      vertex -0.00698566 0.0260725 1.0985
      vertex -0.00776386 0.0289774 1.0985
      vertex 0 0.0299997 1.0985
    endloop
  endfacet
  facet normal 0 0 -1
    outer loop
      vertex -0.0134964 0.0233755 1.0985
      vertex -0.00776386 0.0289774 1.0985
      vertex -0.00698566 0.0260725 1.0985
    endloop
  endfacet
  facet normal 0 0 -1
    outer loop
      vertex -0.0134964 0.0233755 1.0985
      vertex -0.0149994 0.02598 1.0985
      vertex -0.00776386 0.0289774 1.0985
    endloop
  endfacet
  facet normal 0 0 -1
    outer loop
      vertex -0.0190859 0.0190859 1.0985
      vertex -0.0149994 0.02598 1.0985
      vertex -0.0134964 0.0233755 1.0985
    endloop
  endfacet
  facet normal 0 0 -1
    outer loop
      vertex -0.0190859 0.0190859 1.0985
      vertex -0.0212126 0.0212126 1.0985
      vertex -0.0149994 0.02598 1.0985
    endloop
  endfacet
  facet normal 0 0 -1
    outer loop
      vertex -0.0233755 0.0134964 1.0985
      vertex -0.0212126 0.0212126 1.0985
      vertex -0.0190859 0.0190859 1.0985
    endloop
  endfacet
  facet normal 0 0 -1
    outer loop
      vertex -0.0233755 0.0134964 1.0985
      vertex -0.02598 0.0149994 1.0985
      vertex -0.0212126 0.0212126 1.0985
    endloop
  endfacet
  facet normal 0 0 -1
    outer loop
      vertex -0.0260725 0.00698566 1.0985
      vertex -0.02598 0.0149994 1.0985
      vertex -0.0233755 0.0134964 1.0985
    endloop
  endfacet
  facet normal 0 0 -1
    outer loop
      vertex -0.0289774 0.00776386 1.0985
      vertex -0.0260725 0.00698566 1.0985
      vertex -0.0269928 0 1.0985
    endloop
  endfacet
  facet normal 0 0 -1
    outer loop
      vertex -0.0299997 0 1.0985
      vertex -0.0269928 0 1.0985
      vertex -0.0289774 -0.00776386 1.0985
    endloop
  endfacet
  facet normal 0 0 -1
    outer loop
      vertex -0.0260725 0.00698566 1.0985
      vertex -0.0289774 0.00776386 1.0985
      vertex -0.02598 0.0149994 1.0985
    endloop
  endfacet
  facet normal 0 0 -1
    outer loop
      vertex -0.0269928 0 1.0985
      vertex -0.0299997 0 1.0985
      vertex -0.0289774 0.00776386 1.0985
    endloop
  endfacet
  facet normal 0.987098 -0.129975 0.0935083
    outer loop
      vertex 0.0299997 0 1.0985
      vertex 0.0272388 -0.00729847 1.1175
      vertex 0.0289774 -0.00776386 1.0985
    endloop
  endfacet
  facet normal 0.606084 0.78989 0.0934714
    outer loop
      vertex 0.0212126 0.0212126 1.0985
      vertex 0.0149994 0.02598 1.0985
      vertex 0.0199404 0.0199404 1.1175
    endloop
  endfacet
  facet normal -0.606019 0.789936 0.0935029
    outer loop
      vertex -0.0149994 0.02598 1.0985
      vertex -0.0199404 0.0199404 1.1175
      vertex -0.0140991 0.0244217 1.1175
    endloop
  endfacet
  facet normal 0.381029 0.919823 0.0935017
    outer loop
      vertex 0.00776386 0.0289774 1.0985
      vertex 0.00729847 0.0272388 1.1175
      vertex 0.0140991 0.0244217 1.1175
    endloop
  endfacet
  facet normal -0.919817 -0.381044 0.093495
    outer loop
      vertex -0.0244217 -0.0140991 1.1175
      vertex -0.0289774 -0.00776386 1.0985
      vertex -0.02598 -0.0149994 1.0985
    endloop
  endfacet
  facet normal 0.606084 -0.78989 0.0934714
    outer loop
      vertex 0.0199404 -0.0199404 1.1175
      vertex 0.0149994 -0.02598 1.0985
      vertex 0.0212126 -0.0212126 1.0985
    endloop
  endfacet
  facet normal -0.987098 0.129975 0.0935083
    outer loop
      vertex -0.0289774 0.00776386 1.0985
      vertex -0.0299997 0 1.0985
      vertex -0.0272388 0.00729847 1.1175
    endloop
  endfacet
  facet normal -0.381029 0.919823 0.0935017
    outer loop
      vertex -0.00776386 0.0289774 1.0985
      vertex -0.0140991 0.0244217 1.1175
      vertex -0.00729847 0.0272388 1.1175
    endloop
  endfacet
  facet normal -0.129975 0.987098 0.0935083
    outer loop
      vertex 0 0.0299997 1.0985
      vertex -0.00776386 0.0289774 1.0985
      vertex -0.00729847 0.0272388 1.1175
    endloop
  endfacet
  facet normal 0.789936 0.606019 0.0935029
    outer loop
      vertex 0.02598 0.0149994 1.0985
      vertex 0.0199404 0.0199404 1.1175
      vertex 0.0244217 0.0140991 1.1175
    endloop
  endfacet
  facet normal 0.129975 0.987098 0.0935083
    outer loop
      vertex 0.00776386 0.0289774 1.0985
      vertex 0 0.0299997 1.0985
      vertex 0.00729847 0.0272388 1.1175
    endloop
  endfacet
  facet normal -0.129892 0.987106 0.0935413
    outer loop
      vertex 0 0.0299997 1.0985
      vertex -0.00729847 0.0272388 1.1175
      vertex 0 0.0281992 1.1175
    endloop
  endfacet
  facet normal -0.78989 -0.606084 0.0934714
    outer loop
      vertex -0.0199404 -0.0199404 1.1175
      vertex -0.02598 -0.0149994 1.0985
      vertex -0.0212126 -0.0212126 1.0985
    endloop
  endfacet
  facet normal -0.789936 -0.606019 0.0935029
    outer loop
      vertex -0.0244217 -0.0140991 1.1175
      vertex -0.02598 -0.0149994 1.0985
      vertex -0.0199404 -0.0199404 1.1175
    endloop
  endfacet
  facet normal -0.606019 -0.789936 0.0935029
    outer loop
      vertex -0.0140991 -0.0244217 1.1175
      vertex -0.0199404 -0.0199404 1.1175
      vertex -0.0149994 -0.02598 1.0985
    endloop
  endfacet
  facet normal -0.381044 -0.919817 0.093495
    outer loop
      vertex -0.0140991 -0.0244217 1.1175
      vertex -0.0149994 -0.02598 1.0985
      vertex -0.00776386 -0.0289774 1.0985
    endloop
  endfacet
  facet normal -0.987106 -0.129892 0.0935413
    outer loop
      vertex -0.0281992 0 1.1175
      vertex -0.0299997 0 1.0985
      vertex -0.0272388 -0.00729847 1.1175
    endloop
  endfacet
  facet normal -0.987098 -0.129975 0.0935083
    outer loop
      vertex -0.0272388 -0.00729847 1.1175
      vertex -0.0299997 0 1.0985
      vertex -0.0289774 -0.00776386 1.0985
    endloop
  endfacet
  facet normal 0.381029 -0.919823 0.0935017
    outer loop
      vertex 0.0140991 -0.0244217 1.1175
      vertex 0.00729847 -0.0272388 1.1175
      vertex 0.00776386 -0.0289774 1.0985
    endloop
  endfacet
  facet normal 0.919817 -0.381044 0.093495
    outer loop
      vertex 0.0289774 -0.00776386 1.0985
      vertex 0.0244217 -0.0140991 1.1175
      vertex 0.02598 -0.0149994 1.0985
    endloop
  endfacet
  facet normal 0.987106 -0.129892 0.0935413
    outer loop
      vertex 0.0281992 0 1.1175
      vertex 0.0272388 -0.00729847 1.1175
      vertex 0.0299997 0 1.0985
    endloop
  endfacet
  facet normal 0 0 1
    outer loop
      vertex 0.0272388 0.00729847 1.1175
      vertex 0.0272388 -0.00729847 1.1175
      vertex 0.0281992 0 1.1175
    endloop
  endfacet
  facet normal 0 0 1
    outer loop
      vertex 0.0244217 0.0140991 1.1175
      vertex 0.0272388 -0.00729847 1.1175
      vertex 0.0272388 0.00729847 1.1175
    endloop
  endfacet
  facet normal 0 0 1
    outer loop
      vertex 0.0244217 0.0140991 1.1175
      vertex 0.0244217 -0.0140991 1.1175
      vertex 0.0272388 -0.00729847 1.1175
    endloop
  endfacet
  facet normal 0 0 1
    outer loop
      vertex 0.0199404 0.0199404 1.1175
      vertex 0.0244217 -0.0140991 1.1175
      vertex 0.0244217 0.0140991 1.1175
    endloop
  endfacet
  facet normal 0 0 1
    outer loop
      vertex 0.0199404 0.0199404 1.1175
      vertex 0.0199404 -0.0199404 1.1175
      vertex 0.0244217 -0.0140991 1.1175
    endloop
  endfacet
  facet normal 0 0 1
    outer loop
      vertex 0.0140991 0.0244217 1.1175
      vertex 0.0199404 -0.0199404 1.1175
      vertex 0.0199404 0.0199404 1.1175
    endloop
  endfacet
  facet normal 0 0 1
    outer loop
      vertex 0.0140991 0.0244217 1.1175
      vertex 0.0140991 -0.0244217 1.1175
      vertex 0.0199404 -0.0199404 1.1175
    endloop
  endfacet
  facet normal 0 0 1
    outer loop
      vertex 0.00729847 0.0272388 1.1175
      vertex 0.0140991 -0.0244217 1.1175
      vertex 0.0140991 0.0244217 1.1175
    endloop
  endfacet
  facet normal 0 0 1
    outer loop
      vertex 0.00729847 0.0272388 1.1175
      vertex 0.00729847 -0.0272388 1.1175
      vertex 0.0140991 -0.0244217 1.1175
    endloop
  endfacet
  facet normal 0 0 1
    outer loop
      vertex 0 0.0281992 1.1175
      vertex 0.00729847 -0.0272388 1.1175
      vertex 0.00729847 0.0272388 1.1175
    endloop
  endfacet
  facet normal 0 0 1
    outer loop
      vertex 0 0.0281992 1.1175
      vertex 0 -0.0281992 1.1175
      vertex 0.00729847 -0.0272388 1.1175
    endloop
  endfacet
  facet normal -0 0 1
    outer loop
      vertex -0.00729847 0.0272388 1.1175
      vertex 0 -0.0281992 1.1175
      vertex 0 0.0281992 1.1175
    endloop
  endfacet
  facet normal 0 0 1
    outer loop
      vertex -0.00729847 0.0272388 1.1175
      vertex -0.00729847 -0.0272388 1.1175
      vertex 0 -0.0281992 1.1175
    endloop
  endfacet
  facet normal -0 0 1
    outer loop
      vertex -0.0140991 0.0244217 1.1175
      vertex -0.00729847 -0.0272388 1.1175
      vertex -0.00729847 0.0272388 1.1175
    endloop
  endfacet
  facet normal 0 0 1
    outer loop
      vertex -0.0140991 0.0244217 1.1175
      vertex -0.0140991 -0.0244217 1.1175
      vertex -0.00729847 -0.0272388 1.1175
    endloop
  endfacet
  facet normal -0 0 1
    outer loop
      vertex -0.0199404 0.0199404 1.1175
      vertex -0.0140991 -0.0244217 1.1175
      vertex -0.0140991 0.0244217 1.1175
    endloop
  endfacet
  facet normal 0 0 1
    outer loop
      vertex -0.0199404 0.0199404 1.1175
      vertex -0.0199404 -0.0199404 1.1175
      vertex -0.0140991 -0.0244217 1.1175
    endloop
  endfacet
  facet normal -0 0 1
    outer loop
      vertex -0.0244217 0.0140991 1.1175
      vertex -0.0199404 -0.0199404 1.1175
      vertex -0.0199404 0.0199404 1.1175
    endloop
  endfacet
  facet normal 0 0 1
    outer loop
      vertex -0.0244217 0.0140991 1.1175
      vertex -0.0244217 -0.0140991 1.1175
      vertex -0.0199404 -0.0199404 1.1175
    endloop
  endfacet
  facet normal -0 0 1
    outer loop
      vertex -0.0272388 0.00729847 1.1175
      vertex -0.0244217 -0.0140991 1.1175
      vertex -0.0244217 0.0140991 1.1175
    endloop
  endfacet
  facet normal 0 0 1
    outer loop
      vertex -0.0272388 0.00729847 1.1175
      vertex -0.0272388 -0.00729847 1.1175
      vertex -0.0244217 -0.0140991 1.1175
    endloop
  endfacet
  facet normal 0 -0 1
    outer loop
      vertex -0.0272388 -0.00729847 1.1175
      vertex -0.0272388 0.00729847 1.1175
      vertex -0.0281992 0 1.1175
    endloop
  endfacet
  facet normal -0.381044 0.919817 0.093495
    outer loop
      vertex -0.00776386 0.0289774 1.0985
      vertex -0.0149994 0.02598 1.0985
      vertex -0.0140991 0.0244217 1.1175
    endloop
  endfacet
  facet normal 0.919823 0.381029 0.0935017
    outer loop
      vertex 0.0289774 0.00776386 1.0985
      vertex 0.0244217 0.0140991 1.1175
      vertex 0.0272388 0.00729847 1.1175
    endloop
  endfacet
  facet normal 0.919817 0.381044 0.093495
    outer loop
      vertex 0.02598 0.0149994 1.0985
      vertex 0.0244217 0.0140991 1.1175
      vertex 0.0289774 0.00776386 1.0985
    endloop
  endfacet
  facet normal 0.381044 0.919817 0.093495
    outer loop
      vertex 0.0149994 0.02598 1.0985
      vertex 0.00776386 0.0289774 1.0985
      vertex 0.0140991 0.0244217 1.1175
    endloop
  endfacet
  facet normal 0.129892 0.987106 0.0935413
    outer loop
      vertex 0 0.0299997 1.0985
      vertex 0 0.0281992 1.1175
      vertex 0.00729847 0.0272388 1.1175
    endloop
  endfacet
  facet normal -0.129975 -0.987098 0.0935083
    outer loop
      vertex -0.00729847 -0.0272388 1.1175
      vertex -0.00776386 -0.0289774 1.0985
      vertex 0 -0.0299997 1.0985
    endloop
  endfacet
  facet normal -0.129892 -0.987106 0.0935413
    outer loop
      vertex 0 -0.0281992 1.1175
      vertex -0.00729847 -0.0272388 1.1175
      vertex 0 -0.0299997 1.0985
    endloop
  endfacet
  facet normal -0.919823 -0.381029 0.0935017
    outer loop
      vertex -0.0272388 -0.00729847 1.1175
      vertex -0.0289774 -0.00776386 1.0985
      vertex -0.0244217 -0.0140991 1.1175
    endloop
  endfacet
  facet normal 0.606019 -0.789936 0.0935029
    outer loop
      vertex 0.0199404 -0.0199404 1.1175
      vertex 0.0140991 -0.0244217 1.1175
      vertex 0.0149994 -0.02598 1.0985
    endloop
  endfacet
  facet normal 0.381044 -0.919817 0.093495
    outer loop
      vertex 0.0140991 -0.0244217 1.1175
      vertex 0.00776386 -0.0289774 1.0985
      vertex 0.0149994 -0.02598 1.0985
    endloop
  endfacet
  facet normal 0.78989 -0.606084 0.0934714
    outer loop
      vertex 0.02598 -0.0149994 1.0985
      vertex 0.0199404 -0.0199404 1.1175
      vertex 0.0212126 -0.0212126 1.0985
    endloop
  endfacet
  facet normal 0.789936 -0.606019 0.0935029
    outer loop
      vertex 0.0244217 -0.0140991 1.1175
      vertex 0.0199404 -0.0199404 1.1175
      vertex 0.02598 -0.0149994 1.0985
    endloop
  endfacet
  facet normal 0.129892 -0.987106 0.0935413
    outer loop
      vertex 0 -0.0281992 1.1175
      vertex 0 -0.0299997 1.0985
      vertex 0.00729847 -0.0272388 1.1175
    endloop
  endfacet
  facet normal 0.129975 -0.987098 0.0935083
    outer loop
      vertex 0.00729847 -0.0272388 1.1175
      vertex 0 -0.0299997 1.0985
      vertex 0.00776386 -0.0289774 1.0985
    endloop
  endfacet
  facet normal -0.919817 0.381044 0.093495
    outer loop
      vertex -0.02598 0.0149994 1.0985
      vertex -0.0289774 0.00776386 1.0985
      vertex -0.0244217 0.0140991 1.1175
    endloop
  endfacet
  facet normal -0.919823 0.381029 0.0935017
    outer loop
      vertex -0.0244217 0.0140991 1.1175
      vertex -0.0289774 0.00776386 1.0985
      vertex -0.0272388 0.00729847 1.1175
    endloop
  endfacet
  facet normal -0.381029 -0.919823 0.0935017
    outer loop
      vertex -0.00729847 -0.0272388 1.1175
      vertex -0.0140991 -0.0244217 1.1175
      vertex -0.00776386 -0.0289774 1.0985
    endloop
  endfacet
  facet normal -0.789936 0.606019 0.0935029
    outer loop
      vertex -0.0199404 0.0199404 1.1175
      vertex -0.02598 0.0149994 1.0985
      vertex -0.0244217 0.0140991 1.1175
    endloop
  endfacet
  facet normal -0.606084 0.78989 0.0934714
    outer loop
      vertex -0.0149994 0.02598 1.0985
      vertex -0.0212126 0.0212126 1.0985
      vertex -0.0199404 0.0199404 1.1175
    endloop
  endfacet
  facet normal -0.78989 0.606084 0.0934714
    outer loop
      vertex -0.0212126 0.0212126 1.0985
      vertex -0.02598 0.0149994 1.0985
      vertex -0.0199404 0.0199404 1.1175
    endloop
  endfacet
endsolid OpenSCAD_Model
